Fruit Common Name ,Disease Name (Type),Treatment Methods,Scientific name
ಬಾದಾಮಿ,ಹಲ್ ಕೊಳೆ ರೋಗ (Hull Rot),ಹಲ್ ಒಡೆಯಲು ಪ್ರಾರಂಭವಾದಾಗ ನೀರಾವರಿ ಮತ್ತು ನೈಟ್ರೋಜನ್ ಗೊಬ್ಬರವನ್ನು ಸ್ವಲ್ಪ ಕಡಿಮೆ ಮಾಡಬೇಕು. ಪ್ರಾರಂಭಿಕ ಹಲ್-ಸ್ಪ್ಲಿಟ್ ಹಂತದಲ್ಲಿ ಇಪ್ರೊಡಯೋನ್ ಅಥವಾ ಬೋಸ್ಕಾಲಿಡ್ ಶಿಲೀಂಧ್ರನಾಶಕ ಸಿಂಪಡಿಸಬೇಕು. ಶಾಖೆಗಳು ಸಾಯುವುದನ್ನು ತಪ್ಪಿಸಲು ಬೇಗನೇ ಕೊಯ್ಲು ಮಾಡಬೇಕು.,ರೈಜೋಪಸ್ ಸ್ಟೋಲೋನಿಫರ್ / ಮೊನಿಲಿನಿ ಪ್ರಭೇದ
ಬಾದಾಮಿ,ಕಂದು ಕೊಳೆ ರೋಗ (Brown Rot),ಚಳಿಗಾಲದಲ್ಲಿ ಮರದಲ್ಲಿ ಉಳಿದಿರುವ ಒಣಗಿದ (ಮಮ್ಮಿ) ಬೀಜಗಳನ್ನು ತೆಗೆದು ನಾಶಪಡಿಸಬೇಕು. ಹೂ ಮೊಗ್ಗು ಗುಲಾಬಿ ಬಣ್ಣದ ಹಂತದಲ್ಲಿ ಮತ್ತು ಪೂರ್ಣ ಹೂ ಹಂತದಲ್ಲಿ ಕ್ಯಾಪ್ಟಾನ್ @ 2 ಗ್ರಾಂ/ಲೀಟರ್ ಅಥವಾ ಟೆಬುಕೊನಜೋಲ್ @ 1 ಮಿ.ಲೀ/ಲೀಟರ್ ಸಿಂಪಡಿಸಬೇಕು. ಮಳೆಯಿದ್ದರೆ ಹೆಚ್ಚುವರಿ ಸಿಂಪಡಣೆ ಅಗತ್ಯ.,ಮೊನಿಲಿನಿ ಫ್ರಕ್ಟಿಕೋಲಾ
ಬಾದಾಮಿ,ಆಂಥ್ರಾಕ್ನೋಸ್ ರೋಗ,ಸತ್ತ ಕೊಂಬೆಗಳನ್ನು ಕತ್ತರಿಸಿ ಸೋಂಕಿತ ಬೀಜಗಳನ್ನು ತೆಗೆದುಹಾಕಬೇಕು. ಪಿಂಕ್ ಬಡ್ ಹಂತದಲ್ಲಿ ಅಜೋಕ್ಸಿಸ್ಟ್ರೋಬಿನ್ ಅಥವಾ ಪ್ರೊಪಿಕೊನಜೋಲ್ @ 1 ಮಿ.ಲೀ/ಲೀಟರ್ ಸಿಂಪಡಿಸಬೇಕು. ಮಳೆ ಮುಂದುವರೆದರೆ 10–14 ದಿನಗಳಿಗೊಮ್ಮೆ ಮರುಸಿಂಪಡಣೆ ಮಾಡಬೇಕು.,ಕೊಲೆಟೊಟ್ರೈಕಮ್ ಅಕ್ಯುಟಾಟಮ್
ಬಾದಾಮಿ,ಬಾದಾಮಿ ಸ್ಕ್ಯಾಬ್ ರೋಗ,ಹೂ ದಳಗಳು ಬೀಳಿದ 2 ವಾರಗಳ ನಂತರ ಕ್ಯಾಪ್ಟಾನ್ @ 2 ಗ್ರಾಂ/ಲೀಟರ್ ಅಥವಾ ಜಿರಾಮ್ @ 2 ಗ್ರಾಂ/ಲೀಟರ್ ಸಿಂಪಡಿಸಬೇಕು. ಶೆಲ್ ಗಟ್ಟಿ ಆಗುವವರೆಗೂ ಪ್ರತಿ 2 ವಾರಗಳಿಗೊಮ್ಮೆ ಸಿಂಪಡಣೆ ಮಾಡಬೇಕು. ಗಾಳಿಚಲನೆಗಾಗಿ ಮರವನ್ನು ಕಡಿತ ಮಾಡಬೇಕು.,ಕ್ಲಾಡೋಸ್ಪೊರಿಯಮ್ ಕಾರ್ಪೊಫಿಲಮ್
ಬಾದಾಮಿ,ಬ್ಯಾಕ್ಟೀರಿಯಾ ಕಲೆ ರೋಗ (ಶಾಟ್ ಹೋಲ್),ಚಳಿಗಾಲದಲ್ಲಿ ಕಾಪರ್ ಆಕ್ಸಿಕ್ಲೋರೈಡ್ @ 3 ಗ್ರಾಂ/ಲೀಟರ್ ಅಥವಾ ಬೋರ್ಡೋ ಮಿಶ್ರಣ (1%) ಸಿಂಪಡಿಸಬೇಕು. ಎಲೆಗಳು ಬಂದ ನಂತರ ಕಾಪರ್ ಬದಲು ಜಿರಾಮ್ ಅಥವಾ ಮ್ಯಾಂಕೋಜೆಬ್ ಬಳಸಬೇಕು.,ಝಾಂಥೋಮೋನಾಸ್ ಅರ್ಬೊರಿಕೋಲಾ pv. ಪ್ರೂನಿ
ಬಾದಾಮಿ,ನೇವಲ್ ಆರೇಂಜ್ ಹುಳು ಹಾನಿ,ಚಳಿಗಾಲದಲ್ಲಿ ಮರದಲ್ಲಿ ಉಳಿದ ಎಲ್ಲಾ ಹಳೆಯ (ಮಮ್ಮಿ) ಬೀಜಗಳನ್ನು ಕೆಳಗೆ ಬೀಳಿಸಿ ನಾಶಪಡಿಸಬೇಕು. ಹಲ್‌ಗಳು ಸಂಪೂರ್ಣವಾಗಿ ಒಡೆದ ಕೂಡಲೇ ಕೊಯ್ಲು ಮಾಡಬೇಕು. ಅಗತ್ಯವಿದ್ದರೆ ಹಲ್-ಸ್ಪ್ಲಿಟ್ ಹಂತದಲ್ಲಿ ಸ್ಪೈನೊಸಾಡ್ ಅಥವಾ ಮೆಥಾಕ್ಸಿಫೆನೋಜೈಡ್ ಸಿಂಪಡಿಸಬಹುದು.,ಅಮಿಲಾಯಿಸ್ ಟ್ರಾನ್ಸಿಟೆಲ್ಲಾ
ಬಾದಾಮಿ,ಗಮ್ಮೋಸಿಸ್ (ಲೀಫ್‌ಫೂಟೆಡ್ ಕೀಟ ಹಾನಿ),ತೋಟದಲ್ಲಿ ಲೀಫ್‌ಫೂಟೆಡ್ ಕೀಟ ಅಥವಾ ಸ್ಟಿಂಕ್ ಕೀಟಗಳಿಗಾಗಿ ಗಮನವಿಡಬೇಕು. ಕೀಟಗಳು ಹೆಚ್ಚಿದ್ದರೆ ಪರ್ಮೆತ್ರಿನ್ ಅಥವಾ ಬಿಫೆಂತ್ರಿನ್ ಸಿಂಪಡಿಸಬೇಕು. ತೋಟದ ಸುತ್ತಲಿನ ಕಳೆಗಳನ್ನು ತೆಗೆದುಹಾಕಬೇಕು.,ಲೆಪ್ಟೋಗ್ಲೋಸಸ್ ಝೊನಾಟಸ್
ಬಾದಾಮಿ,ಕರ್ಣೆಲ್ ಶಿಲೀಂಧ್ರ ಕೊಳೆ (Kernel Mold),"ಬೀಜಗಳು ಸಿದ್ಧವಾದ ತಕ್ಷಣವೇ ಕೊಯ್ಲು ಮಾಡಬೇಕು. ಹಲ್ ತೆರೆದ ನಂತರ ಮರದಲ್ಲಿ ಬಿಡಬಾರದು. ಕೊಯ್ಲಿನ ಸಮಯದಲ್ಲಿ ಮಳೆ ನಿರೀಕ್ಷೆಯಿದ್ದರೆ ಬೇಗ ಕೊಯ್ಲು ಮಾಡಿ, ಬೀಜಗಳನ್ನು ತಕ್ಷಣ ಒಣಗಿಸಬೇಕು.",ಆಸ್ಪರ್ಜಿಲಸ್ ನೈಜರ್ / ಆಲ್ಟರ್ನೇರಿಯಾ ಪ್ರಭೇದ
ನೆಲ್ಲಿಕಾಯಿ,ಬೀಜದ ಬೂಷ್ಟು  (ಶಿಲೀಂಧ್ರ),ಹಣ್ಣಿನ ಮೇಲೆ ಕಪ್ಪು ವರ್ತುಲಗಳು ಅಥವಾ ಬೊಕ್ಕೆಗಳು ಕಾಣುತ್ತವೆ. ಕಾಯಿ ಕಚ್ಚುವ ಆರಂಭಿಕ ಹಂತದಲ್ಲಿ 1 ಲೀಟರ್ ನೀರಿಗೆ 3 ಗ್ರಾಂ ಕರಗುವ ಗಂಧಕ ಅಥವಾ 2 ಗ್ರಾಂ ಮ್ಯಾಂಕೋಜೆಬ್ ಸಿಂಪಡಿಸಿ. ರೋಗಮುಕ್ತ ಸಸಿಗಳನ್ನೇ ನೆಡಲು ಬಳಸಿ.,ಪೆನಿಸಿಲಿಯಮ್ ಪ್ರಭೇದ / ಆಸ್ಪರ್ಜಿಲಸ್ ಪ್ರಭೇದ
ನೆಲ್ಲಿಕಾಯಿ,ತುಕ್ಕು ರೋಗ  (ಶಿಲೀಂಧ್ರ ರೋಗ),"ಇದು ಶಿಲೀಂಧ್ರ ರೋಗವಲ್ಲ, ಬೋರಾನ್ ಪೋಷಕಾಂಶದ ಕೊರತೆಯಿಂದ ಬರುತ್ತದೆ. ಹಣ್ಣು ಹೊರಗಿನಿಂದ ಚೆನ್ನಾಗಿ ಕಂಡರೂ, ಕತ್ತರಿಸಿದಾಗ ಒಳಗಿನ ತಿರುಳು ಕಂದು ಅಥವಾ ಕಪ್ಪು ಬಣ್ಣಕ್ಕೆ ತಿರುಗಿರುತ್ತದೆ. ಇದನ್ನು ಸರಿಪಡಿಸಲು 1 ಲೀಟರ್ ನೀರಿಗೆ 6 ಗ್ರಾಂ ಬೊರಾಕ್ಸ್ ಬೆರೆಸಿ ಸಿಂಪಡಿಸಿ. ಇದನ್ನು ಹೂವು ಬಿಡುವಾಗ, ಕಾಯಿ ಬಟಾಣಿ ಗಾತ್ರದಲ್ಲಿದ್ದಾಗ ಮತ್ತು ಕಾಯಿ ಅರ್ಧ ಬೆಳೆದಾಗ ಹೀಗೆ ಮೂರು ಬಾರಿ ಸಿಂಪಡಿಸಬೇಕು.",ಟ್ರಾನ್ಸ್‌ಶೆಲಿಯಾ ಡಿಸ್ಕಲರ್
ನೆಲ್ಲಿಕಾಯಿ,ಒಳ ಕೊಳೆತ / ಬ್ರೌನಿಂಗ್  (ಪೋಷಕಾಂಶದ ಸಮಸ್ಯೆ),"ಇದು ಸಾಮಾನ್ಯವಾಗಿ ಕೊಯ್ಲಿನ ನಂತರ ಅಥವಾ ಹಣ್ಣಿಗೆ ಗಾಯವಾದಾಗ ಬರುತ್ತದೆ. ಹಣ್ಣು ಮೆತ್ತಗಾಗಿ, ಕಂದು ಬಣ್ಣಕ್ಕೆ ತಿರುಗಿ ನೀರಾಗುತ್ತದೆ ಮತ್ತು ನೀಲಿ ಬೂಷ್ಟು ಕಾಣಬಹುದು. ಕೊಯ್ಲು ಮಾಡುವಾಗ ಹಣ್ಣಿಗೆ ಪೆಟ್ಟಾಗದಂತೆ ಎಚ್ಚರವಹಿಸಿ. ಸಂಗ್ರಹಣೆಯಲ್ಲಿ ಕೊಳೆಯುವುದನ್ನು ತಪ್ಪಿಸಲು, ಕೊಯ್ಲು ಮಾಡಿದ ಹಣ್ಣುಗಳನ್ನು ಉಪ್ಪುನೀರು ಅಥವಾ 1 ಲೀಟರ್ ನೀರಿಗೆ 1 ಗ್ರಾಂ ಬೊರಾಕ್ಸ್ ಬೆರೆಸಿದ ದ್ರಾವಣದಲ್ಲಿ ಅದ್ದಿ ಸ್ವಚ್ಛಗೊಳಿಸಿ.",ದೈಹಿಕ ಅಸ್ವಸ್ಥತೆ (ಹೆಚ್ಚಿನ ತಾಪಮಾನ / ಬೋರಾನ್ ಕೊರತೆ)
ನೆಲ್ಲಿಕಾಯಿ,ಮೃದು ಕೊಳೆ ರೋಗ  (ಶಿಲೀಂಧ್ರ ರೋಗ),"ಸಣ್ಣ ಹುಳು ಹಣ್ಣಿನ ಒಳಗೆ ರಂಧ್ರ ಮಾಡಿ ಬೀಜವನ್ನು ತಿನ್ನುತ್ತದೆ, ಇದರಿಂದ ಹಣ್ಣು ಕೊಳೆತು ಉದುರುತ್ತದೆ. ಬಿದ್ದಿರುವ ಎಲ್ಲಾ ಹಣ್ಣುಗಳನ್ನು ಸಂಗ್ರಹಿಸಿ ನಾಶಪಡಿಸಿ. ಕಾಯಿಗಳು ಬೆಳೆಯಲು ಶುರುವಾದಾಗ 1 ಲೀಟರ್ ನೀರಿಗೆ 2 ಗ್ರಾಂ ಕಾರ್ಬರಿಲ್ ಅಥವಾ 2 ಮಿ.ಲೀ ಕ್ವಿನಾಲ್ಫಾಸ್ ಸಿಂಪಡಿಸಿ. ಪತಂಗಗಳನ್ನು ಹಿಡಿಯಲು ಬೆಳಕಿನ ಬಲೆಗಳನ್ನು ಕೂಡ ಬಳಸಬಹುದು.",ರೈಜೋಪಸ್ ಅರಿಜಸ್
ನೆಲ್ಲಿಕಾಯಿ,ಹಣ್ಣು ಕೊರೆಯುವ ಹುಳು  (ಕೀಟ ಬಾಧೆ),"ಹಣ್ಣಿನ ಮೇಲೆ ಕಂದು ಬಣ್ಣದ ತಗ್ಗು ಚುಕ್ಕೆಗಳು ಕಾಣಿಸಿಕೊಳ್ಳುತ್ತವೆ, ತೇವಾಂಶ ಹೆಚ್ಚಿದ್ದರೆ ಇವು ಒಂದಾಗಿ ದೊಡ್ಡದಾಗಿ ಕೊಳೆಯುತ್ತವೆ. ಹಣ್ಣುಗಳಿಗೆ ಬಿಸಿಲು ಬೀಳಲು ಗಿಡವನ್ನು ಕತ್ತರಿಸಿ (ಪ್ರೂನಿಂಗ್). ಕಾಯಿ ಕಚ್ಚುವ ಹಂತದಲ್ಲಿ 1 ಲೀಟರ್ ನೀರಿಗೆ 1 ಗ್ರಾಂ ಕಾರ್ಬೆಂಡಾಜಿಮ್ ಅಥವಾ 3 ಗ್ರಾಂ ಕಾಪರ್ ಆಕ್ಸಿಕ್ಲೋರೈಡ್ ಸಿಂಪಡಿಸಿ. ಬಿದ್ದ ಎಲೆಗಳನ್ನು ತೆಗೆದು ತೋಟವನ್ನು ಸ್ವಚ್ಛವಾಗಿಡಿ.",ಅನಾರ್ಸಿಯಾ ಲಿನಿಯಾಟೆಲ್ಲಾ
ನೆಲ್ಲಿಕಾಯಿ,ಆಂಥ್ರಾಕ್ನೋಸ್ / ಹಣ್ಣು ಮಚ್ಚೆ ರೋಗ  (ಶಿಲೀಂಧ್ರ ರೋಗ),ಹಣ್ಣಿನ ಮೇಲೆ ಕಡು ಕಂದು ಅಥವಾ ಕಪ್ಪು ಚುಕ್ಕೆಗಳು ಬಂದು ಗಟ್ಟಿಯಾಗಿ ಒಣಗುತ್ತವೆ ಮತ್ತು ಸಿಪ್ಪೆ ಸುಕ್ಕಾಗುತ್ತದೆ. ಮರ ದುರ್ಬಲವಾಗಿದ್ದರೆ ಇದು ಹೆಚ್ಚು. ಮರಕ್ಕೆ ಸಾಕಷ್ಟು ನೀರು ಮತ್ತು ಗೊಬ್ಬರ ನೀಡಿ. ಎಳೆಯ ಕಾಯಿಗಳ ಮೇಲೆ ಚುಕ್ಕೆ ಕಂಡರೆ 1 ಲೀಟರ್ ನೀರಿಗೆ 2 ಗ್ರಾಂ ಮ್ಯಾಂಕೋಜೆಬ್ ಅಥವಾ ಕ್ಲೋರೋಥಲೋನಿಲ್ ಸಿಂಪಡಿಸಿ.,ಕೊಲೆಟೊಟ್ರೈಕಮ್ ಗ್ಲಿಯೋಸ್ಪೊರಿಯಾಯ್ಡ್ಸ್
ಏಪ್ರಿಕಾಟ್,ಒಣ ಕೊಳೆ ರೋಗ  (ಶಿಲೀಂಧ್ರ ರೋಗ),ಹಣ್ಣು ಮೆತ್ತಗಾಗಿ ಕಂದು ಬಣ್ಣಕ್ಕೆ ತಿರುಗುತ್ತದೆ ಮತ್ತು ಬೂದು ಬಣ್ಣದ ಬೂಷ್ಟು ಆವರಿಸುತ್ತದೆ. ಹಣ್ಣು ಸಂಪೂರ್ಣವಾಗಿ ಕೊಳೆತು ಒಣಗಿ ಗಿಡದಲ್ಲೇ ಉಳಿಯಬಹುದು (ಮಮ್ಮಿ). ಚಳಿಗಾಲದಲ್ಲಿ ಗಿಡದಲ್ಲಿ ಉಳಿದ ಒಣ ಹಣ್ಣುಗಳನ್ನು ಕಿತ್ತು ಸುಟ್ಟುಹಾಕಿ. ಹೂವು ಅರಳುವಾಗ ಮತ್ತು ಕೊಯ್ಲಿಗೆ 2 ವಾರ ಮುಂಚೆ 1 ಲೀಟರ್ ನೀರಿಗೆ 2 ಗ್ರಾಂ ಕ್ಯಾಪ್ಟಾನ್ ಅಥವಾ 1 ಮಿ.ಲೀ ಟೆಬುಕ್ಯಾನಜೋಲ್ ಸಿಂಪಡಿಸಿ.,ಆಲ್ಟರ್ನೇರಿಯಾ ಆಲ್ಟರ್ನೇಟಾ
ಏಪ್ರಿಕಾಟ್,ಕಂದು ಕೊಳೆ ರೋಗ  (ಶಿಲೀಂಧ್ರ ರೋಗ),ಹಣ್ಣಿನ ಮೇಲೆ ಸಣ್ಣ ನೇರಳೆ-ಕೆಂಪು ಚುಕ್ಕೆಗಳು ಕಾಣಿಸಿಕೊಂಡು ನಂತರ ಗಾಯದ ಕಲೆಗಳಂತೆ ಆಗುತ್ತವೆ. ಚಳಿಗಾಲದಲ್ಲಿ ಒಣಗಿದ ಮತ್ತು ರೋಗಪೀಡಿತ ಕೊಂಬೆಗಳನ್ನು ಕತ್ತರಿಸಿ. ವಸಂತಕಾಲದಲ್ಲಿ ಮೊಗ್ಗು ಬರುವ ಮುನ್ನ ಮತ್ತು ಹೂವಿನ ದಳ ಉದುರಿದ ನಂತರ 1 ಲೀಟರ್ ನೀರಿಗೆ 3 ಗ್ರಾಂ ಕಾಪರ್ ಆಕ್ಸಿಕ್ಲೋರೈಡ್ ಅಥವಾ ಶೇ.1 ರ ಬೋರ್ಡೋ ದ್ರಾವಣ ಸಿಂಪಡಿಸಿ.,ಮೊನಿಲಿನಿ ಲ್ಯಾಕ್ಸಾ
ಏಪ್ರಿಕಾಟ್,ಚುಕ್ಕೆ ರೋಗ / ಶಾಟ್ ಹೋಲ್  (ಶಿಲೀಂಧ್ರ ರೋಗ),"ಹಣ್ಣಿನ ಸಿಪ್ಪೆಯ ಮೇಲೆ ಆಲಿವ್ ಹಸಿರು ಅಥವಾ ಕಪ್ಪು ಚುಕ್ಕೆಗಳು ಕಾಣುತ್ತವೆ, ಇದು ಹಣ್ಣಿನ ಅಂದ ಕೆಡಿಸುತ್ತದೆ. ನೆರಳು ಮತ್ತು ತೇವಾಂಶವಿದ್ದರೆ ಇದು ಹೆಚ್ಚು. ಗಿಡದ ಮಧ್ಯಭಾಗಕ್ಕೆ ಬಿಸಿಲು ಬೀಳಲು ಕೊಂಬೆಗಳನ್ನು ಕತ್ತರಿಸಿ. ಹೂವಿನ ಕವಚ ಉದುರಿದಾಗ 1 ಲೀಟರ್ ನೀರಿಗೆ 2 ಗ್ರಾಂ ಕರಗುವ ಗಂಧಕ ಅಥವಾ ಕ್ಯಾಪ್ಟಾನ್ ಸಿಂಪಡಿಸಿ. 15 ದಿನಗಳ ನಂತರ ಮತ್ತೆ ಸಿಂಪಡಿಸಿ.",ವಿಲ್ಸನೋಮೈಸಸ್ ಕಾರ್ಪೊಫಿಲಸ್
ಏಪ್ರಿಕಾಟ್,ಸ್ಕ್ಯಾಬ್ / ಕಜ್ಜಿ ರೋಗ  (ಶಿಲೀಂಧ್ರ ರೋಗ),"ಹಣ್ಣಿನ ಮೇಲೆ ಕಡು ಬಣ್ಣದ ತಗ್ಗು ಚುಕ್ಕೆಗಳು ಬಂದು ಆಳವಾದ ಬಿರುಕು ಉಂಟಾಗುತ್ತದೆ ಮತ್ತು ಅಂಟು ಒಸರುತ್ತದೆ. ರೋಗ ನಿರೋಧಕ ತಳಿಗಳನ್ನು ಬಳಸುವುದು ಉತ್ತಮ. ಚಳಿಗಾಲದಲ್ಲಿ 1 ಲೀಟರ್ ನೀರಿಗೆ 3 ಗ್ರಾಂ ಕಾಪರ್ ಆಕ್ಸಿಕ್ಲೋರೈಡ್ ಸಿಂಪಡಿಸಿ. ಎಲೆ ಬಂದ ಮೇಲೆ ಕಾಪರ್ ಬಳಸಿದರೆ ಎಲೆ ಸುಡಬಹುದು, ತಜ್ಞರ ಸಲಹೆಯಂತೆ ಆ್ಯಂಟಿಬಯೋಟಿಕ್ ಬಳಸಿ.",ವೆಂಚುರಿಯಾ ಕಾರ್ಪೊಫಿಲಾ
ಏಪ್ರಿಕಾಟ್,ಬ್ಯಾಕ್ಟೀರಿಯಾ ಚುಕ್ಕೆ ರೋಗ  (ಬ್ಯಾಕ್ಟೀರಿಯಾ ರೋಗ),"ಎಳೆಯ ಕಾಯಿಗಳ ಮೇಲೆ ಬಿಳಿ ಬೂಷ್ಟು ಕಾಣುತ್ತದೆ, ನಂತರ ಅದು ಕಂದು ಬಣ್ಣದ ಒರಟು ಕಲೆಗಳಾಗಿ ಬದಲಾಗುತ್ತದೆ. ಹೂವಿನ ದಳ ಉದುರಿದ ತಕ್ಷಣ 1 ಲೀಟರ್ ನೀರಿಗೆ 2 ಗ್ರಾಂ ಕರಗುವ ಗಂಧಕ ಅಥವಾ 0.5 ಮಿ.ಲೀ ಮೈಕ್ಲೋಬ್ಯುಟಾನಿಲ್ ಸಿಂಪಡಿಸಿ. ತೇವಾಂಶ ಕಡಿಮೆ ಮಾಡಲು ತೋಟದಲ್ಲಿ ಕಳೆ ಇಲ್ಲದಂತೆ ನೋಡಿಕೊಳ್ಳಿ.",ಝಾಂಥೋಮೋನಾಸ್ ಅರ್ಬೊರಿಕೋಲಾ pv. ಪ್ರೂನಿ
ಏಪ್ರಿಕಾಟ್,ಬೂದಿ ರೋಗ  (ಶಿಲೀಂಧ್ರ ರೋಗ),ಹಣ್ಣಿನ ಮೇಲೆ ಕೆಂಪು-ನೇರಳೆ ಉಂಗುರಗಳು ಕಾಣುತ್ತವೆ ಮತ್ತು ಹಣ್ಣು ಆಕಾರ ಕಳೆದುಕೊಳ್ಳುತ್ತದೆ. ಒಳಗಿನ ತಿರುಳಿನಲ್ಲಿ ಕಂದು ಗೆರೆಗಳು ಇರುತ್ತವೆ. ಈ ವೈರಸ್ ರೋಗಕ್ಕೆ ಯಾವುದೇ ರಾಸಾಯನಿಕ ಔಷಧವಿಲ್ಲ. ರೋಗ ಬಂದ ಗಿಡವನ್ನು ತೆಗೆದುಹಾಕುವುದೇ ಪರಿಹಾರ. ಹೊಸ ಗಿಡ ನೆಡುವಾಗ ವೈರಸ್ ರಹಿತ ಸಸಿಗಳನ್ನೇ ಬಳಸಿ.,ಸ್ಫೆರೋಥೆಕಾ ಪನ್ನೋಸಾ
ಏಪ್ರಿಕಾಟ್,ರಿಂಗ್ ಪಾಕ್ಸ್  (ವೈರಸ್ ರೋಗ),"ಕೊಯ್ಲಿನ ನಂತರ ಹಣ್ಣು ಹಣ್ಣಾದಾಗ ಇದು ಬರುತ್ತದೆ. ಹಣ್ಣು ಮೆತ್ತಗಾಗಿ ನೀರಾಗುತ್ತದೆ ಮತ್ತು ಕಪ್ಪು ಬೂಷ್ಟು ಬೆಳೆಯುತ್ತದೆ. ಕೊಯ್ಲು ಮಾಡುವಾಗ ಹಣ್ಣನ್ನು ಎಚ್ಚರಿಕೆಯಿಂದ ನಿರ್ವಹಿಸಿ, ಪೆಟ್ಟಾಗದಂತೆ ನೋಡಿಕೊಳ್ಳಿ. ಕೊಯ್ಲಿನ ನಂತರ ಹಣ್ಣನ್ನು ತಕ್ಷಣ ತಂಪು ಮಾಡಿ, ಶುಚಿತ್ವ ಕಾಪಾಡಿಕೊಳ್ಳಿ.",ಏಪ್ರಿಕಾಟ್ ರಿಂಗ್ ಪಾಕ್ಸ್ ವೈರಸ್ (ARPV)
ಏಪ್ರಿಕಾಟ್,ಮೆದು ಕೊಳೆ ರೋಗ  (ಶಿಲೀಂಧ್ರ ರೋಗ),"ಇವು ಕೀಟಗಳೇ ಹೊರತು ರೋಗವಲ್ಲ. ಹಣ್ಣು ಮಾಗುವಾಗ ಇವು ರಂಧ್ರ ಮಾಡುತ್ತವೆ, ಇದರಿಂದ ಹಣ್ಣು ಕೊಳೆಯುತ್ತದೆ. ಹಗಲಿನಲ್ಲಿ ಮರದ ಕಾಂಡಕ್ಕೆ ಒದ್ದೆ ಪೇಪರ್ ಅಥವಾ ರಟ್ಟನ್ನು ಸುತ್ತಿ ಇವುಗಳನ್ನು ಹಿಡಿದು ನಾಶಪಡಿಸಬಹುದು. ಮರದ ಸುತ್ತಲೂ ಕಳೆ ಮತ್ತು ಕಸ ಇಲ್ಲದಂತೆ ಸ್ವಚ್ಛವಾಗಿಡಿ.",ರೈಜೋಪಸ್ ಸ್ಟೋಲೋನಿಫರ್
ಅಡಿಕೆ,ಇಯರ್ ವಿಗ್ ಕೀಟಬಾಧೆ  (ಕೀಟ ಬಾಧೆ),ಮಳೆಗಾಲದಲ್ಲಿ ಇದು ಅತ್ಯಂತ ಅಪಾಯಕಾರಿ. ಕಾಯಿಗಳ ಮೇಲೆ ನೀರು ಹಿಡಿದ ಕಪ್ಪು ಚುಕ್ಕೆಗಳು ಬರುತ್ತವೆ. ಇದನ್ನು ತಡೆಗಟ್ಟಲು ಮಳೆಗೂ ಮುನ್ನ ಗೊನೆಗಳಿಗೆ ಪಾಲಿಥೀನ್ ಹೊದಿಕೆ (ಕೊಟ್ಟೆ) ಹಾಕಿ. ಮಳೆ ಶುರುವಾಗುವ ಮುನ್ನ ಶೇ.1 ರ ಬೋರ್ಡೋ ದ್ರಾವಣ ಸಿಂಪಡಿಸಿ. ಮಳೆ ಹೆಚ್ಚಿದ್ದರೆ 45 ದಿನಗಳ ನಂತರ ಮತ್ತೆ ಸಿಂಪಡಿಸಿ. ಬಿದ್ದ ಕೊಳೆತ ಅಡಿಕೆಗಳನ್ನು ಆರಿಸಿ ಸುಟ್ಟುಹಾಕಿ.,ಫಾರ್ಫಿಕ್ಯುಲಾ ಆರಿಕ್ಯುಲೇರಿಯಾ
ಅಡಿಕೆ,ಕೊಳೆ ರೋಗ / ಮಹಾಳಿ  (ಶಿಲೀಂಧ್ರ ರೋಗ),ಹೂವಿನ ಗೊಂಚಲು ತುದಿಯಿಂದ ಒಣಗಲು ಶುರುವಾಗಿ ಕಾಯಿ ಉದುರುತ್ತವೆ. ಒಣಗಿದ ಭಾಗವನ್ನು ಕತ್ತರಿಸಿ ಸುಟ್ಟುಹಾಕಿ. ಹೆಣ್ಣು ಹೂವು ಅರಳಿದ ತಕ್ಷಣ 1 ಲೀಟರ್ ನೀರಿಗೆ 2 ಗ್ರಾಂ ಮ್ಯಾಂಕೋಜೆಬ್ ಅಥವಾ ಕ್ಲೋರೋಥಲೋನಿಲ್ ಸಿಂಪಡಿಸಿ. ಗಿಡದ ಶಕ್ತಿ ಹೆಚ್ಚಿಸಲು ಪೊಟ್ಯಾಷ್ ಗೊಬ್ಬರ ಕೊಡಿ.,ಫೈಟೊಫ್ಥೋರಾ ಅರೆಕೆ (ಮಹಾಳಿ)
ಅಡಿಕೆ,ಹಿಂಗಾರ ಒಣಗುವ ರೋಗ  (ಶಿಲೀಂಧ್ರ ರೋಗ),ಪರಾಗಸ್ಪರ್ಶ ಅಥವಾ ಪೋಷಕಾಂಶದ ಕೊರತೆಯಿಂದ ಇದು ಆಗುತ್ತದೆ. ಮಳೆಗಾಲದಲ್ಲಿ ನೀರು ಬಸಿದು ಹೋಗುವಂತೆ ಮತ್ತು ಬೇಸಿಗೆಯಲ್ಲಿ ನೀರುಣಿಸುವ ವ್ಯವಸ್ಥೆ ಮಾಡಿ. ಮಣ್ಣಿಗೆ 20 ಗ್ರಾಂ ಬೊರಾಕ್ಸ್ ಕೊಡಿ. ಗೊನೆ ಅರಳುವಾಗ 5 ಲೀಟರ್ ನೀರಿಗೆ 1 ಮಿ.ಲೀ ಪ್ಲಾನೋಫಿಕ್ಸ್ (NAA) ಬೆರೆಸಿ ಸಿಂಪಡಿಸಿ.,ಕೊಲೆಟೊಟ್ರೈಕಮ್ ಗ್ಲಿಯೋಸ್ಪೊರಿಯಾಯ್ಡ್ಸ್
ಅಡಿಕೆ,ಎಳೆಗಾಯಿ ಉದುರುವಿಕೆ / ಪಿಂಚು ಉದುರುವುದು  (ಪೋಷಕಾಂಶ/ಪರಾಗಸ್ಪರ್ಶ),"ಇದು ರೋಗವಲ್ಲ, ಮಣ್ಣಿನಲ್ಲಿ ನೀರಿನ ಏರುಪೇರಾದಾಗ ಆಗುತ್ತದೆ. ಬೇಸಿಗೆಯಲ್ಲಿ ನಿಯಮಿತವಾಗಿ ನೀರು ಕೊಡಿ ಮತ್ತು ಮರದ ಬುಡಕ್ಕೆ ಒಣ ಎಲೆಗಳ ಹೊದಿಕೆ (ಮಲ್ಚ್) ಹಾಕಿ. ಕಾಯಿ ಬೆಳೆಯುವಾಗ 1 ಲೀಟರ್ ನೀರಿಗೆ 2 ಗ್ರಾಂ ಬೊರಾಕ್ಸ್ ಸಿಂಪಡಿಸಿ. ತೋಟದಲ್ಲಿ ನೀರು ನಿಲ್ಲದಂತೆ ನೋಡಿಕೊಳ್ಳಿ.",ದೈಹಿಕ ಅಸ್ವಸ್ಥತೆ (ಕಳಪೆ ಪರಾಗಸ್ಪರ್ಶ / ಪೋಷಕಾಂಶದ ಕೊರತೆ)
ಅಡಿಕೆ,ಕಾಯಿ ಒಡೆಯುವುದು  (ಭೌತಿಕ ಸಮಸ್ಯೆ),ಈ ಕೀಟ ಎಳೆಗಾಯಿಗಳ ರಸ ಹೀರುವುದರಿಂದ ಕಾಯಿ ಹಳದಿಯಾಗಿ ಉದುರುತ್ತದೆ. ಬಿದ್ದ ಕಾಯಿಯಲ್ಲಿ ಸೂಜಿ ಚುಚ್ಚಿದ ರಂಧ್ರ ಕಾಣುತ್ತದೆ. ಎಳೆ ಗೊನೆಗಳಿಗೆ 1 ಲೀಟರ್ ನೀರಿಗೆ 5 ಮಿ.ಲೀ ಬೇವಿನ ಎಣ್ಣೆ ಅಥವಾ 1.5 ಮಿ.ಲೀ ಡೈಮೆಥೋಯೇಟ್ ಸಿಂಪಡಿಸಿ. ತೋಟದಲ್ಲಿ ಕಳೆ ಇಲ್ಲದಂತೆ ಸ್ವಚ್ಛವಾಗಿಡಿ.,ದೈಹಿಕ ಅಸ್ವಸ್ಥತೆ (ನೀರಿನ ಅಸಮತೋಲನ)
ಅಡಿಕೆ,ಚಾಳಿ ತಿಗಣೆ / ಎಳೆಗಾಯಿ ಉದುರುವುದು  (ಕೀಟ ಬಾಧೆ),ಗೊನೆಯಲ್ಲಿ ಬಲೆ ಮತ್ತು ಹಿಕ್ಕೆಗಳು ಕಾಣುತ್ತವೆ. ಹುಳು ಒಳಗೆ ಸೇರಿ ಒಣಗಿಸುತ್ತದೆ. ಕೈಯಿಂದ ಬಲೆ ಮತ್ತು ಹುಳುಗಳನ್ನು ತೆಗೆದು ಸ್ವಚ್ಛಗೊಳಿಸಿ. ಬಲೆ ಕಂಡ ತಕ್ಷಣ 1 ಲೀಟರ್ ನೀರಿಗೆ 2 ಮಿ.ಲೀ ಮಲಾಥಿಯಾನ್ ಅಥವಾ 1.5 ಮಿ.ಲೀ ಕ್ವಿನಾಲ್ಫಾಸ್ ಸಿಂಪಡಿಸಿ. ರಾತ್ರಿ ವೇಳೆ ಬೆಳಕಿನ ಬಲೆ ಬಳಸಿ ಪತಂಗಗಳನ್ನು ಹಿಡಿಯಿರಿ.,ಕಾರ್ವಾಲ್ಹೋಯಾ ಅರೆಕೆ (ಸುಳಿ ತಿಗಣೆ)
ಅಡಿಕೆ,ಹಿಂಗಾರ ತಿನ್ನುವ ಹುಳು  (ಕೀಟ ಬಾಧೆ),ಮಧ್ಯಾಹ್ನದ ಬಿಸಿಲು ಬೀಳುವ ಕಡೆ ಕಾಯಿಗಳು ಹಳದಿಯಾಗಿ ಸೀಳುತ್ತವೆ. ಇದು ರೋಗವಲ್ಲ. ಬಿಸಿಲು ಬೀಳುವ ಗೊನೆಗಳಿಗೆ ಅಡಿಕೆ ಹಾಳೆ ಅಥವಾ ಮುಚ್ಚಿಕೆ ಹಾಕಿ. ತೋಟದ ನೈಋತ್ಯ ದಿಕ್ಕಿನಲ್ಲಿ ಎತ್ತರದ ನೆರಳು ಮರಗಳನ್ನು ಬೆಳೆಸಿ ಬಿಸಿಲನ್ನು ತಡೆಯಿರಿ.,ತಿರಾಥಬಾ ಮುಂಡೆಲ್ಲಾ
ಬಾಳೆ,ಸೂರ್ಯನ ಶಾಖ / ಬಿಸಿಲು ಆಘಾತ  (ಭೌತಿಕ ಸಮಸ್ಯೆ),ಕೊಯ್ಲು ಮತ್ತು ಸಾಗಾಣಿಕೆ ವೇಳೆ ಹಣ್ಣಿಗೆ ಪೆಟ್ಟಾಗದಂತೆ ಎಚ್ಚರವಹಿಸಿ. ಒಣಗಿದ ಎಲೆ ಮತ್ತು ಕೊಳೆತ ಹಣ್ಣುಗಳನ್ನು ತೋಟದಿಂದ ತೆಗೆಯಿರಿ. ಕೊಯ್ಲಿನ ನಂತರ ಹಣ್ಣುಗಳನ್ನು 50 ಡಿಗ್ರಿ ಬಿಸಿ ನೀರಿನಲ್ಲಿ ಅಥವಾ 1 ಲೀಟರ್ ನೀರಿಗೆ 1 ಗ್ರಾಂ ಕಾರ್ಬೆಂಡಾಜಿಮ್ ಬೆರೆಸಿದ ದ್ರಾವಣದಲ್ಲಿ 5 ನಿಮಿಷ ಅದ್ದಿ ಇಡಿ.,ಬಿಸಿಲು ಆಘಾತ (ಸನ್ ಸ್ಕಾರ್ಚ್)
ಬಾಳೆ,ಆಂಥ್ರಾಕ್ನೋಸ್ / ಹಣ್ಣು ಕೊಳೆತ  (ಶಿಲೀಂಧ್ರ ರೋಗ),ಕಾಯಿ ಕಟ್ಟಿದ ಕೂಡಲೇ ಹಣ್ಣಿನ ತುದಿಯಲ್ಲಿರುವ ಒಣ ಹೂವಿನ ಭಾಗವನ್ನು ಕೈಯಿಂದ ತೆಗೆಯಿರಿ. ಗೊನೆಗೆ ಪ್ಲಾಸ್ಟಿಕ್ ಹೊದಿಕೆ ಹಾಕಿ. ರೋಗ ಕಂಡರೆ 1 ಲೀಟರ್ ನೀರಿಗೆ 3 ಗ್ರಾಂ ಕಾಪರ್ ಆಕ್ಸಿಕ್ಲೋರೈಡ್ ಅಥವಾ 2.5 ಗ್ರಾಂ ಮ್ಯಾಂಕೋಜೆಬ್ ಸಿಂಪಡಿಸಿ.,ಕೊಲೆಟೊಟ್ರೈಕಮ್ ಮೂಸೆ
ಬಾಳೆ,ಸುಟ್ಟ ತುದಿ ರೋಗ / ಸಿಗಾರ್ ಎಂಡ್ ರಾಟ್  (ಶಿಲೀಂಧ್ರ ರೋಗ),ಕೊಯ್ಲು ಮಾಡುವ ಕತ್ತಿ ಹರಿತ ಮತ್ತು ಸ್ವಚ್ಛವಾಗಿರಲಿ. ಹಣ್ಣಿನ ಪಣಿಯನ್ನು ಕಾಂಡದ ಭಾಗ ಉಳಿಯುವಂತೆ ಕತ್ತರಿಸಿ. ಕತ್ತರಿಸಿದ ತಕ್ಷಣ ಆ ಭಾಗವನ್ನು 1 ಲೀಟರ್ ನೀರಿಗೆ 1 ಗ್ರಾಂ ಕಾರ್ಬೆಂಡಾಜಿಮ್ ದ್ರಾವಣದಲ್ಲಿ ಅದ್ದಿ ಅಥವಾ ಪಟಿಕ ಹಚ್ಚಿ. ಪ್ಯಾಕ್ ಮಾಡುವ ಮುನ್ನ ಅದು ಪೂರ್ತಿ ಒಣಗಿರಲಿ.,ವರ್ಟಿಸಿಲಿಯಮ್ ಥಿಯೋಬ್ರೋಮೆ / ಟ್ರಾಕಿಸ್ಫೆರಾ ಫ್ರಕ್ಟಿಜೆನಾ
ಬಾಳೆ,ಕಾಂಡ ಕೊಳೆತ / ಕ್ರೌನ್ ರಾಟ್  (ಶಿಲೀಂಧ್ರ ರೋಗ),ಹಣ್ಣಿನ ಸಿಪ್ಪೆ ಕೆಂಪಾಗಿ ಒರಟಾಗುತ್ತದೆ. ನಿಯಂತ್ರಣಕ್ಕೆ ನೀಲಿ ಅಂಟು ಬಲೆಗಳನ್ನು ಬಳಸಿ. ಕೊನೆಯ ಹಸ್ತ ಬಿಟ್ಟ ತಕ್ಷಣ ಗೊನೆಗೆ ಪ್ಲಾಸ್ಟಿಕ್ ಚೀಲ ಹೊದಿಸಿ. ಬಾಧೆ ಹೆಚ್ಚಿದ್ದರೆ ಎಳೆ ಗೊನೆಗೆ 1 ಲೀಟರ್ ನೀರಿಗೆ 0.5 ಮಿ.ಲೀ ಇಮಿಡಾಕ್ಲೋಪ್ರಿಡ್ ಅಥವಾ 2 ಮಿ.ಲೀ ಡೈಮೆಥೋಯೇಟ್ ಸಿಂಪಡಿಸಿ.,ಕೊಲೆಟೊಟ್ರೈಕಮ್ ಮೂಸೆ / ಫ್ಯುಸಾರಿಯಂ ಪ್ರಭೇದ
ಬಾಳೆ,ಕಜ್ಜಿ ರೋಗ / ಥ್ರಿಪ್ಸ್ ನುಸಿ  (ಕೀಟ ಬಾಧೆ),"ಹಣ್ಣಿಗೆ ಗಾಯವಾಗಿದ್ದರೆ ಅಥವಾ ಬಿಸಿಲು ಬಿದ್ದಿದ್ದರೆ ಇದು ಬರುತ್ತದೆ. ತೋಟದಲ್ಲಿ ನೆರಳು ಮತ್ತು ನೀರು ಬಸಿಯುವ ವ್ಯವಸ್ಥೆ ಇರಲಿ. ಕೊಳೆತ ಹಣ್ಣುಗಳನ್ನು ಮಣ್ಣಿನಲ್ಲಿ ಹೂತುಹಾಕಿ. ಕೊಯ್ಲು ಮಾಡಿದ ಹಣ್ಣನ್ನು ತೊಳೆಯುವಾಗ ಸ್ವಲ್ಪ ಬ್ಲೀಚಿಂಗ್ ಪೌಡರ್ ಬೆರೆಸಿದ ಶುದ್ಧ ನೀರು ಬಳಸಿ, ನಂತರ ಚೆನ್ನಾಗಿ ಒಣಗಿಸಿ.",ಥ್ರಿಪ್ಸ್ ಫ್ಲೋರಮ್ / ಕೀಟನಾಫೋಥ್ರಿಪ್ಸ್ ಸಿಗ್ನಿಪೆನ್ನಿಸ್
ಬಾಳೆ,ಮೃದು ಕೊಳೆತ / ಬ್ಯಾಕ್ಟೀರಿಯಾ ರೋಗ  (ಬ್ಯಾಕ್ಟೀರಿಯಾ),"ತೋಟದಲ್ಲಿ ಕಳೆ ಇಲ್ಲದಂತೆ ನೋಡಿಕೊಳ್ಳಿ. ಗೊನೆ ಬಿಡುವಾಗ ಎಲೆಗಳು ಹಣ್ಣಿಗೆ ತಾಗದಂತೆ ನೋಡಿಕೊಳ್ಳಿ, ಏಕೆಂದರೆ ದುಂಬಿಗಳು ಎಲೆ ಮೂಲಕ ಗೊನೆಗೆ ಬರುತ್ತವೆ. ಗೊನೆಗೆ ಪ್ಲಾಸ್ಟಿಕ್ ಚೀಲ ಹಾಕುವುದು ಉತ್ತಮ ಉಪಾಯ. ಗೊನೆ ಚೀಲ ಹಾಕುವ ಮುನ್ನ 1 ಲೀಟರ್ ನೀರಿಗೆ 2.5 ಮಿ.ಲೀ ಕ್ಲೋರ್‌ಪೈರಿಫಾಸ್ ಸಿಂಪಡಿಸಬಹುದು.",ಎರ್ವಿನಿಯಾ ಕ್ಯಾರೊಟೊವೊರಾ
ಬಾಳೆ,ಕಜ್ಜಿ ದುಂಬಿ / ಸ್ಕಾರ್ ಬೀಟಲ್  (ಕೀಟ ಬಾಧೆ),"ಹಣ್ಣು ಮೇಲಿಂದ ಚೆನ್ನಾಗಿದ್ದರೂ ಒಳಗಿನ ತಿರುಳು ಕಂದು ಬಣ್ಣಕ್ಕೆ ತಿರುಗಿ ಒಣಗುತ್ತದೆ. ಕತ್ತರಿಸಲು ಮತ್ತು ಕೊಯ್ಲಿಗೆ ಕ್ರಿಮಿನಾಶಕದಿಂದ ಶುದ್ಧೀಕರಿಸಿದ ಉಪಕರಣ ಬಳಸಿ. ಗಂಡು ಹೂವಿನ ಮೊಗ್ಗು (ಬಾಳೆ ಮೂತಿ) ಮುರಿಯಲು ಕತ್ತಿ ಬದಲು ಕವಲೊಡೆದ ಕೋಲು ಬಳಸಿ. ರೋಗ ಬಂದರೆ ಇಡೀ ಗಿಡ ನಾಶಪಡಿಸಿ, ಅಲ್ಲಿ 12 ತಿಂಗಳು ಬಾಳೆ ಬೆಳೆಯಬೇಡಿ.",ಬೆಸಿಲೆಪ್ಟಾ ಸಬ್‌ಕೋಸ್ಟಾಟಾ
ಬಾರೆ ಹಣ್ಣು,ಮೊಕೊ ರೋಗ / ತಿರುಳು ಕೊಳೆತ  (ಬ್ಯಾಕ್ಟೀರಿಯಾ),"ಎಳೆಯ ಕಾಯಿಗಳ ಮೇಲೆ ಬಿಳಿ ಬೂದಿ ಆವರಿಸುತ್ತದೆ, ನಂತರ ಕಾಯಿ ಕಂದು ಬಣ್ಣಕ್ಕೆ ತಿರುಗಿ ಉದುರುತ್ತವೆ. ಹೂವು ಕಂಡ ತಕ್ಷಣ 1 ಲೀಟರ್ ನೀರಿಗೆ 2 ಗ್ರಾಂ ಕರಗುವ ಗಂಧಕ ಅಥವಾ 1 ಮಿ.ಲೀ ಡೈನೋಕ್ಯಾಪ್ ಸಿಂಪಡಿಸಿ. ಕಾಯಿ ಕಚ್ಚುವಾಗ 15 ದಿನಗಳ ಅಂತರದಲ್ಲಿ ಎರಡು ಬಾರಿ ಸಿಂಪಡಿಸಿ. ಬಿಸಿಲು ಬೀಳಲು ಗಿಡವನ್ನು ಕತ್ತರಿಸಿ (ಪ್ರೂನಿಂಗ್) ಮಾಡಬೇಕು, ನೆರಳು ಇದ್ದರೆ ರೋಗ ಹರಡುತ್ತದೆ.",ರಾಲ್ಸ್ಟೋನಿಯಾ ಸೊಲಾನೇಸಿಯಾರಮ್
ಬಾರೆ ಹಣ್ಣು,ಬೂದಿ ರೋಗ  (ಶಿಲೀಂಧ್ರ ರೋಗ),ಕಾಯಿಯ ಕೆಳಭಾಗದಲ್ಲಿ ಕಂದು ಚುಕ್ಕೆಗಳು ಕಾಣಿಸಿಕೊಂಡು ನಂತರ ಕಪ್ಪಾಗಿ ಕಾಯಿ ಕೊಳೆಯುತ್ತದೆ. ಮಳೆಗಾಲದಲ್ಲಿ ಇದು ಹೆಚ್ಚು. ಬಿದ್ದ ಮತ್ತು ಕೊಳೆತ ಹಣ್ಣುಗಳನ್ನು ಮಣ್ಣಿನಲ್ಲಿ ಹೂತುಹಾಕಿ. ಕಾಯಿ ಬಟಾಣಿ ಗಾತ್ರದಲ್ಲಿದ್ದಾಗ ರಕ್ಷಣೆಗಾಗಿ 1 ಲೀಟರ್ ನೀರಿಗೆ 2 ಗ್ರಾಂ ಮ್ಯಾಂಕೋಜೆಬ್ ಅಥವಾ ಜೈನೆಬ್ ಸಿಂಪಡಿಸಿ.,ಎರಿಸಿಫೆ ಸಿಕೊರಾಸಿಯಾರಮ್ / ಓಡಿಯಮ್ ಪ್ರಭೇದ
ಬಾರೆ ಹಣ್ಣು,ಕಾಯಿ ಕೊಳೆ ರೋಗ  (ಶಿಲೀಂಧ್ರ ರೋಗ),"ಹುಳು ಕಾಯಿಯೊಳಗೆ ಸೇರಿ ಬೀಜವನ್ನು ತಿನ್ನುತ್ತದೆ. ಕಾಯಿ ಕೆಂಪಾಗಿ ಉದುರುತ್ತದೆ. ಬಿದ್ದ ಹಣ್ಣುಗಳನ್ನು ಸುಟ್ಟುಹಾಕಿ, ಏಕೆಂದರೆ ಹುಳು ಅದರಲ್ಲೇ ಅಡಗಿರುತ್ತದೆ. ಬೇಸಿಗೆಯಲ್ಲಿ ಮರದ ಬುಡದ ಮಣ್ಣನ್ನು ಅಗೆಯಿರಿ. ಕಾಯಿ ಬಟಾಣಿ ಗಾತ್ರದಲ್ಲಿದ್ದಾಗ 1 ಲೀಟರ್ ನೀರಿಗೆ 2 ಗ್ರಾಂ ಕಾರ್ಬರಿಲ್ ಅಥವಾ 0.3 ಮಿ.ಲೀ ಸ್ಪಿನೋಸ್ಯಾಡ್ ಸಿಂಪಡಿಸಿ. ಕೊಯ್ಲಿನ ಹಂತದಲ್ಲಿ ಸಿಂಪಡಿಸಬೇಡಿ.",ಫೈಟೋಫthora ಪ್ರಭೇದ
ಬಾರೆ ಹಣ್ಣು,ಕಾಯಿಕೊರಕ ಹುಳು  (ಕೀಟ ಬಾಧೆ),ಕೀಟಗಳ ತ್ಯಾಜ್ಯದಿಂದ ಕಾಯಿಯ ಮೇಲೆ ಕಪ್ಪು ಪದರ ಬೆಳೆಯುತ್ತದೆ. ಮೊದಲು ಕೀಟಗಳನ್ನು ಕೊಲ್ಲಲು 1 ಲೀಟರ್ ನೀರಿಗೆ 1.7 ಮಿ.ಲೀ ಡೈಮೆಥೋಯೇಟ್ ಸಿಂಪಡಿಸಿ. ನಂತರ ಮಸಿ ಹೋಗಲಾಡಿಸಲು ಶೇ. 2 ರ ಗಂಜಿ ದ್ರಾವಣ (Starch) ಅಥವಾ ಜೋರಾಗಿ ನೀರು ಸಿಂಪಡಿಸಿ ತೊಳೆಯಿರಿ.,ಡ್ಯೂಡೊರಿಕ್ಸ್ ಐಸೊಕ್ರೇಟ್ಸ್ / ಹೆಲಿಕೋವರ್ಪಾ ಆರ್ಮಿಜೆರಾ
ಬಾರೆ ಹಣ್ಣು,ಮಸಿ ರೋಗ / ಕಪ್ಪು ಬೂಷ್ಟು  (ಶಿಲೀಂಧ್ರ ರೋಗ),"ದೀರ್ಘಕಾಲದ ನಂತರ ಒಮ್ಮೆಲೆ ಹೆಚ್ಚು ನೀರು ಕೊಟ್ಟರೆ ಕಾಯಿ ಒಡೆಯುತ್ತದೆ. ಇದು ರೋಗವಲ್ಲ. ಮಣ್ಣಿನಲ್ಲಿ ತೇವಾಂಶ ಕಾಪಾಡಲು ಒಂದೇ ಬಾರಿ ಹೆಚ್ಚು ನೀರು ಕೊಡದೆ, ಸ್ವಲ್ಪ ಸ್ವಲ್ಪ ನೀರನ್ನು ಆಗಾಗ ಕೊಡಿ. ಕಾಯಿ ಬೆಳೆಯುವಾಗ ಸಿಪ್ಪೆ ಗಟ್ಟಿಯಾಗಲು 1 ಲೀಟರ್ ನೀರಿಗೆ 3 ಗ್ರಾಂ ಬೊರಾಕ್ಸ್ ಸಿಂಪಡಿಸಿ.",ಕ್ಯಾಪ್ನೋಡಿಯಮ್ ಪ್ರಭೇದ
ಬಾರೆ ಹಣ್ಣು,ಕಾಯಿ ಒಡೆಯುವುದು  (ಭೌತಿಕ ಸಮಸ್ಯೆ),"ಹಣ್ಣು ಮತ್ತು ಎಲೆಗಳ ಮೇಲೆ ಕೆಂಪು-ಕಂದು ಬಣ್ಣದ ಬೊಕ್ಕೆಗಳು ಕಾಣುತ್ತವೆ. 1 ಲೀಟರ್ ನೀರಿಗೆ 2 ಗ್ರಾಂ ಕರಗುವ ಗಂಧಕ ಅಥವಾ ಮ್ಯಾಂಕೋಜೆಬ್ ಸಿಂಪಡಿಸಿ. ಚಳಿಗಾಲದಲ್ಲಿ ಬಿದ್ದ ಎಲೆಗಳನ್ನು ಗುಡಿಸಿ ಸುಟ್ಟುಹಾಕಿ, ರೋಗ ಅಲ್ಲಿಯೇ ಅಡಗಿರುತ್ತದೆ.",ದೈಹಿಕ ಅಸ್ವಸ್ಥತೆ (ಬೋರಾನ್ ಕೊರತೆ / ನೀರಿನ ಒತ್ತಡ)
ಗೋಡಂಬಿ ,ಟೀ ಮಸ್ಕಿಟೋ ಕೀಟ (ಗಿಡ ಹೀನು),"ಇದು ಭಾರತದಲ್ಲಿ ಗೋಡಂಬಿಗೆ ಅತಿಹಾನಿಕಾರಕ ಕೀಟ. ಇದು ಆಪಲ್ ಮತ್ತು ಕಾಯಿ ಮೇಲೆ ರಸ ಹೀರಿ ಕಪ್ಪು ಕಲೆಗಳು ಮತ್ತು ಒಣಗಿದ ಕಾಯಿಗಳನ್ನು ಉಂಟುಮಾಡುತ್ತದೆ. ಹೂ ಬರುವ ಹಂತದಲ್ಲೇ ಥೈಯಾಮೆಥಾಕ್ಸಾಂ ಅಥವಾ ಲ್ಯಾಂಬ್ಡಾ-ಸೈಹಲೋತ್ರಿನ್ ಸಿಂಪಡಣೆ ಆರಂಭಿಸಬೇಕು. ಅಗತ್ಯವಿದ್ದರೆ 15 ದಿನಗಳ ನಂತರ ಮರುಸಿಂಪಡಣೆ ಮಾಡಬೇಕು. ಹೆಚ್ಚು ಹಾನಿಯಾದ ಹಣ್ಣುಗಳನ್ನು ತೆಗೆದುಹಾಕಬೇಕು. ಹೆಚ್ಚು ಯೂರಿಯಾ ಬಳಕೆ ತಪ್ಪಿಸಬೇಕು, ಏಕೆಂದರೆ ಮೃದುವಾದ ಬೆಳವಣಿಗೆ ಕೀಟಗಳನ್ನು ಆಕರ್ಷಿಸುತ್ತದೆ.",ಹೆಲೋಪೆಲ್ಟಿಸ್ ಆಂಟೋನಿ
ಗೋಡಂಬಿ,ಆಂಥ್ರಾಕ್ನೋಸ್ ರೋಗ (ಕೋಲೆ ರೋಗ / ಹೂ ಮತ್ತು ಹಣ್ಣು ಕೊಳೆ),ಮಳೆ ಮತ್ತು ಮೋಡ ಕವಿದ ಹವಾಮಾನದಲ್ಲಿ ಸಾಮಾನ್ಯ. ಆಪಲ್ ಮತ್ತು ಕಾಯಿಯ ಮೇಲೆ ಕಪ್ಪು ಕುಸಿದ ಕಲೆಗಳು ಕಾಣಿಸಿ ಹಣ್ಣುಗಳು ಮುಂಚಿತವಾಗಿಯೇ ಬೀಳುತ್ತವೆ. ಸೋಂಕಿತ ಹಣ್ಣುಗಳನ್ನು ಸಂಗ್ರಹಿಸಿ ನಾಶಪಡಿಸಬೇಕು. ಗಾಳಿಚಲನೆಗಾಗಿ ಗಟ್ಟಿಯಾದ ಕೊಂಬೆಗಳನ್ನು ಕಡಿತ ಮಾಡಬೇಕು. ಹೂ ಹಂತದಲ್ಲಿ ಮತ್ತು ಆರಂಭಿಕ ಹಣ್ಣು ಹಂತದಲ್ಲಿ ಕಾರ್ಬೆಂಡಜಿಮ್ ಅಥವಾ ಮ್ಯಾಂಕೋಜೆಬ್ @ 2 ಗ್ರಾಂ/ಲೀಟರ್ ಸಿಂಪಡಿಸಬೇಕು.,ಕೊಲೆಟೊಟ್ರೈಕಮ್ ಗ್ಲಿಯೋಸ್ಪೊರಿಯಾಯ್ಡ್ಸ್
ಗೋಡಂಬಿ,ಗೋಡಂಬಿ ಆಪಲ್ ಕೊಳೆ (ಕೋಳು ರೋಗ),ಆಪಲ್ ಮೃದುವಾಗಿ ನೀರಿನಂತಾಗುತ್ತದೆ ಮತ್ತು ಮಳೆ ಹೆಚ್ಚಿರುವಾಗ ಬಿಳಿ ಅಥವಾ ಗುಲಾಬಿ ಬಣ್ಣದ ಶಿಲೀಂಧ್ರ ಬೆಳವಣಿಗೆ ಕಾಣುತ್ತದೆ. ನೀರು ನಿಲ್ಲದಂತೆ ಸರಿಯಾದ ಹರಿವು ವ್ಯವಸ್ಥೆ ಮಾಡಬೇಕು. ಕೊಳೆತ ಆಪಲ್‌ಗಳನ್ನು ತಕ್ಷಣ ತೋಟದಿಂದ ತೆಗೆದುಹಾಕಬೇಕು. ಕಾಪರ್ ಆಕ್ಸಿಕ್ಲೋರೈಡ್ ಅಥವಾ ಮ್ಯಾಂಕೋಜೆಬ್ @ 2 ಗ್ರಾಂ/ಲೀಟರ್ ಸಿಂಪಡಿಸಬೇಕು. ಮಣ್ಣಿನ ಮೇಲೆ ಹಣ್ಣು ಬಿದ್ದಂತೆ ಬಿಟ್ಟುಬಿಡಬಾರದು.,ಲಾಸಿಯೋಡಿಪ್ಲೋಡಿಯಾ ಥಿಯೋಬ್ರೋಮೆ
ಗೋಡಂಬಿ,ಕಾಯಿ ತೋಡುವ ಹುಳು (ಕಾಯಿ ಕೊರೆಯುವ ಹುಳು),ಕಾಯಿ ಮೇಲೆ ಚಿಕ್ಕ ರಂಧ್ರ ಮಾಡಿ ಒಳಗೆ ತಿನ್ನುತ್ತದೆ ಮತ್ತು ಹೊರಗೆ ಕಪ್ಪು ಮಲ ಬಿಡುತ್ತದೆ. ಬೀಳುವ ಮತ್ತು ಹಾನಿಗೊಳಗಾದ ಕಾಯಿಗಳನ್ನು ಪ್ರತಿದಿನ ಸಂಗ್ರಹಿಸಿ ನಾಶಪಡಿಸಬೇಕು. ಆರಂಭಿಕ ಕಾಯಿ ಹಂತದಲ್ಲಿ ಎಮಾಮೆಕ್ಟಿನ್ ಬೆನ್ಜೋಯೇಟ್ ಅಥವಾ ಲ್ಯಾಂಬ್ಡಾ-ಸೈಹಲೋತ್ರಿನ್ ಸಿಂಪಡಿಸಬೇಕು. ತೋಟವನ್ನು ಸ್ವಚ್ಛವಾಗಿಟ್ಟುಕೊಳ್ಳಬೇಕು.,ಥೈಲಾಕೊಪ್ಟೋನ್ಯೂರಿಯಾ ಪೌರೋಲಿಲಾಸ್
ಗೋಡಂಬಿ,ಕಾಯಿ ಕಪ್ಪು ಶಿಲೀಂಧ್ರ ಕೊಳೆ (ಬ್ಲಾಕ್ ಮೋಲ್ಡ್),ಹಣ್ಣು ಬಿದ್ದ ನಂತರ ಮತ್ತು ಒಣಗಿಸುವ ಸಮಯದಲ್ಲಿ ಸಾಮಾನ್ಯ. ತೇವಾಂಶದಿಂದಾಗಿ ಕಾಯಿಯ ಒಳಗೆ ಕಪ್ಪು ಪುಡಿ ಶಿಲೀಂಧ್ರ ಬೆಳೆಯುತ್ತದೆ. ಕಾಯಿಗಳನ್ನು ಪ್ರತಿದಿನ ಸಂಗ್ರಹಿಸಿ ಚೆನ್ನಾಗಿ ಸೂರ್ಯದಲ್ಲಿ ಒಣಗಿಸಬೇಕು. ತೇವ ಮಣ್ಣಿನ ಮೇಲೆ ಒಣಗಿಸಬಾರದು. ಸಂಪೂರ್ಣ ಒಣಗಿದ ಕಾಯಿಗಳನ್ನು ಮಾತ್ರ ಸ್ವಚ್ಛ ಮತ್ತು ಗಾಳಿಯಾಡುವ ಕೋಣೆಯಲ್ಲಿ ಸಂಗ್ರಹಿಸಬೇಕು.,ಪಿಲಿಡಿಯೆಲ್ಲಾ ಗ್ರಾನಟಿ / ಆಸ್ಪರ್ಜಿಲಸ್ ನೈಜರ್
ಗೋಡಂಬಿ,ಸರ್ಕೋಸ್ಪೋರಾ ಹಣ್ಣು ಕಲೆ ರೋಗ (ಚುಕ್ಕೆ ರೋಗ),ಆಪಲ್ ಮೇಲೆ ಚಿಕ್ಕ ಕಂದು ಕಲೆಗಳು ಕಾಣಿಸಿ ಮಾರಾಟಕ್ಕೆ ಅಸಾಧ್ಯವಾಗುತ್ತದೆ. ತೇವ ವಾತಾವರಣದಲ್ಲಿ ರೋಗ ಹರಡುತ್ತದೆ. ಗಟ್ಟಿಯಾದ ನಾಟಿ ತಪ್ಪಿಸಿ ಸೂರ್ಯ ಬೆಳಕು ಒಳಗೆ ಹೋಗುವಂತೆ ಮಾಡಬೇಕು. ಸೋಂಕಿತ ಆಪಲ್ ತೆಗೆದುಹಾಕಬೇಕು. ಆರಂಭಿಕ ಹಂತದಲ್ಲಿ ಕಾರ್ಬೆಂಡಜಿಮ್ ಅಥವಾ ಪ್ರೊಪಿಕೊನಜೋಲ್ @ 1 ಗ್ರಾಂ/ಲೀಟರ್ ಸಿಂಪಡಿಸಬೇಕು.,ಸರ್ಕೋಸ್ಪೋರಾ ಪ್ರಭೇದ
ಗೋಡಂಬಿ,ಫೋಮಾ ಹಣ್ಣು ಒಣ ಕೊಳೆ (ಡ್ರೈ ರಾಟ್),"ಆಪಲ್ ಮತ್ತು ಕಾಯಿಯ ಮೇಲೆ ಗಟ್ಟಿ, ಒಣ ಕಪ್ಪು ಕಲೆಗಳು ಉಂಟಾಗಿ ಬೆಳವಣಿಗೆ ನಿಲ್ಲುತ್ತದೆ. ತೇವ ಪ್ರದೇಶಗಳಲ್ಲಿ ಸಾಮಾನ್ಯ. ಸೋಂಕಿತ ಹಣ್ಣುಗಳನ್ನು ತೆಗೆದುಹಾಕಿ ಗಟ್ಟಿಯಾದ ಕೊಂಬೆಗಳನ್ನು ಕಡಿತ ಮಾಡಬೇಕು. ಹೂ ಮತ್ತು ಆರಂಭಿಕ ಹಣ್ಣು ಹಂತದಲ್ಲಿ ಕಾರ್ಬೆಂಡಜಿಮ್ @ 1 ಗ್ರಾಂ/ಲೀಟರ್ ಅಥವಾ ಮ್ಯಾಂಕೋಜೆಬ್ @ 2 ಗ್ರಾಂ/ಲೀಟರ್ ಸಿಂಪಡಿಸಬೇಕು.",ಫೋಮಾ ಪ್ರಭೇದ
ಗೋಡಂಬಿ,ಹೂ ಗುಚ್ಛ ಒಣಗುವ ರೋಗ (ಇನ್ಫ್ಲೊರೆಸೆನ್ಸ್ ಡೈಬ್ಯಾಕ್),ಹೂ ಮತ್ತು ಹಣ್ಣು ಗುಚ್ಛ ಸಂಪೂರ್ಣವಾಗಿ ಒಣಗುತ್ತದೆ. ಹೂ ಸಮಯದಲ್ಲಿ ನೀರಿನ ಕೊರತೆ ತಪ್ಪಿಸಬೇಕು. ಒಣಗಿದ ಗುಚ್ಛಗಳನ್ನು ತೆಗೆದು ನಾಶಪಡಿಸಬೇಕು. ಆರಂಭಿಕ ಹೂ ಹಂತದಲ್ಲಿ ಕಾಪರ್ ಆಕ್ಸಿಕ್ಲೋರೈಡ್ @ 2 ಗ್ರಾಂ/ಲೀಟರ್ ಸಿಂಪಡಿಸಬೇಕು. ಸಮತೋಲಿತ ಗೊಬ್ಬರ ಮತ್ತು ಸಮಯಕ್ಕೆ ಸರಿಯಾದ ನೀರಾವರಿ ಅಗತ್ಯ.,ಲಾಸಿಯೋಡಿಪ್ಲೋಡಿಯಾ ಥಿಯೋಬ್ರೋಮೆ
ಗೋಡಂಬಿ,ಗುಲಾಬಿ ಶಿಲೀಂಧ್ರ ಕೊಳೆ (ಪಿಂಕ್ ಮೋಲ್ಡ್ ರಾಟ್),ತೇವ ಹವಾಮಾನದಲ್ಲಿ ಆಪಲ್ ಮೃದುವಾಗಿ ಕೊಳೆತು ಗುಲಾಬಿ ಬಣ್ಣದ ಪುಡಿ ಶಿಲೀಂಧ್ರ ಕಾಣುತ್ತದೆ. ಸೋಂಕಿತ ಆಪಲ್‌ಗಳನ್ನು ತಕ್ಷಣ ತೆಗೆದುಹಾಕಬೇಕು. ನೀರು ನಿಲ್ಲದಂತೆ ನೋಡಿಕೊಳ್ಳಬೇಕು. ಮ್ಯಾಂಕೋಜೆಬ್ ಅಥವಾ ಕಾರ್ಬೆಂಡಜಿಮ್ @ 2 ಗ್ರಾಂ/ಲೀಟರ್ ಸಿಂಪಡಿಸಬೇಕು.,ಟ್ರೈಕೋಥಿಸಿಯಮ್ ರೋಸಿಯಮ್
ಗೋಡಂಬಿ,ಬೂದು ಶಿಲೀಂಧ್ರ ಕೊಳೆ (ಗ್ರೇ ಮೋಲ್ಡ್),ತಂಪು ಮತ್ತು ತೇವ ಹವಾಮಾನದಲ್ಲಿ ಪಕ್ವವಾದ ಆಪಲ್ ಮೇಲೆ ಬೂದು ಬಣ್ಣದ ಮೃದುವಾದ ಶಿಲೀಂಧ್ರ ಬೆಳೆಯುತ್ತದೆ. ಸಮಯಕ್ಕೆ ಸರಿಯಾಗಿ ಕೊಯ್ಲು ಮಾಡಬೇಕು. ತಡ ಸಂಜೆ ಮೇಲಿಂದ ನೀರು ಹಾಕುವುದನ್ನು ತಪ್ಪಿಸಬೇಕು. ಕಾರ್ಬೆಂಡಜಿಮ್ ಅಥವಾ ಹೆಕ್ಸಾಕೋನಜೋಲ್ @ 1 ಗ್ರಾಂ/ಲೀಟರ್ ಸಿಂಪಡಿಸಬೇಕು.,ಬೊಟ್ರೈಟಿಸ್ ಸಿನೆರಿಯಾ
ಗೋಡಂಬಿ,ಸೂರ್ಯ ಬೇಗೆ ಹಾನಿ (ರೋಗವಲ್ಲ),ತೀವ್ರ ಸೂರ್ಯ ಕಿರಣಗಳಿಂದ ಆಪಲ್ ಮೇಲೆ ಬಿಳಿ ಅಥವಾ ಬಣ್ಣ ಹೋದ ಕಲೆಗಳು ಕಾಣುತ್ತವೆ. ಹೆಚ್ಚು ಕಡಿತ ತಪ್ಪಿಸಿ ಎಲೆಗಳ ಮುಚ್ಚಳ ಉಳಿಸಬೇಕು. ಮಲ್ಚಿಂಗ್ ಮತ್ತು ಸರಿಯಾದ ನೀರಾವರಿ ಮಾಡಬೇಕು. ನೆರಳು ಮತ್ತು ತೇವ ನಿಯಂತ್ರಣ ಮುಖ್ಯ.,ಬಿಸಿಲು ಆಘಾತ (ಸನ್ ಸ್ಕಾರ್ಚ್)
ಗೋಡಂಬಿ,ದ್ವಿತೀಯ ಕೊಳೆ ರೋಗಗಳು (ಪಕ್ಷಿ/ಕೀಟ ಹಾನಿ ನಂತರ),ಪಕ್ಷಿ ಅಥವಾ ಕೀಟ ಗಾಯಗಳಿಂದ ಶಿಲೀಂಧ್ರ ಪ್ರವೇಶಿಸಿ ಕೊಳೆ ಉಂಟಾಗುತ್ತದೆ. ಅಗತ್ಯವಿದ್ದರೆ ಪಕ್ಷಿ ಜಾಲ ಬಳಸಬೇಕು. ಹಾನಿಗೊಳಗಾದ ಹಣ್ಣುಗಳನ್ನು ತಕ್ಷಣ ತೆಗೆದುಹಾಕಬೇಕು. ಕಾಯಿಗಳನ್ನು ಸರಿಯಾಗಿ ಒಣಗಿಸಿ ಸಂಗ್ರಹಿಸಬೇಕು.,ದ್ವಿತೀಯ ಸೋಂಕು (ಆಸ್ಪರ್ಜಿಲಸ್ / ಪೆನಿಸಿಲಿಯಮ್)
ಗೋಡಂಬಿ,ಪುಡಿ ಶಿಲೀಂಧ್ರ ರೋಗ (ಪೌಡರಿ ಮಿಲ್ಡ್ಯೂ),ಕಿರಿಯ ಆಪಲ್ ಮತ್ತು ಕಾಯಿಯ ಮೇಲೆ ಬಿಳಿ ಪುಡಿ ಶಿಲೀಂಧ್ರ ಕಾಣುತ್ತದೆ. ಹೂ ಹಂತದಲ್ಲಿ ಸಲ್ಪರ್ ಪುಡಿ (20 ಕೆಜಿ/ಹೆಕ್ಟೇರ್) ಧೂಳಿಸುವುದು ಅಥವಾ ವೆಟ್ಟೇಬಲ್ ಸಲ್ಪರ್ @ 2 ಗ್ರಾಂ/ಲೀಟರ್ ಸಿಂಪಡಿಸಬೇಕು. ಸೂರ್ಯ ಬೆಳಕು ಒಳಗೆ ಬರಲು ಮರ ಕಡಿತ ಮಾಡಬೇಕು.,ಓಡಿಯಮ್ ಅನಾಕಾರ್ಡಿ
ಗೋಡಂಬಿ,ಡೈಬ್ಯಾಕ್ ರೋಗ (ಹೂ ಕೊಳೆ),ಹೂ ಕಾಂಡಗಳು ಮೇಲಿನಿಂದ ಕೆಳಕ್ಕೆ ಒಣಗುತ್ತವೆ ಮತ್ತು ಕಂದು ಅಥವಾ ಕಪ್ಪಾಗುತ್ತವೆ. ಒಣಗಿದ ಕೊಂಬೆಗಳನ್ನು ಕಡಿತ ಮಾಡಿ ಸುಡಬೇಕು. ಕಾಪರ್ ಆಕ್ಸಿಕ್ಲೋರೈಡ್ @ 3 ಗ್ರಾಂ/ಲೀಟರ್ ಅಥವಾ ಕಾರ್ಬೆಂಡಜಿಮ್ @ 1 ಗ್ರಾಂ/ಲೀಟರ್ ಸಿಂಪಡಿಸಬೇಕು.,ಫೊಮೊಪ್ಸಿಸ್ / ಲಾಸಿಯೋಡಿಪ್ಲೋಡಿಯಾ
ಗೋಡಂಬಿ,ಗಮ್ಮೋಸಿಸ್ (ಹಣ್ಣು ಗಮ್ ಹೊರಬರುವುದು),ಆಪಲ್ ಅಥವಾ ಕಾಯಿಯಿಂದ ಅಂಬರ್ ಬಣ್ಣದ ಅಂಟುವ ಗಮ್ ಹೊರಬರುತ್ತದೆ. ಸಾಮಾನ್ಯವಾಗಿ ಕೀಟ ಗಾಯಗಳಿಂದ ಶಿಲೀಂಧ್ರ ಪ್ರವೇಶದಿಂದ ಉಂಟಾಗುತ್ತದೆ. ನೀರು ನಿಲ್ಲದಂತೆ ವ್ಯವಸ್ಥೆ ಮಾಡಬೇಕು. ಗಮ್ ತೆಗೆದು ಬೋರ್ಡೋ ಪೇಸ್ಟ್ ಹಚ್ಚಬೇಕು. ಕಾಪರ್ ಆಕ್ಸಿಕ್ಲೋರೈಡ್ @ 3 ಗ್ರಾಂ/ಲೀಟರ್ ಸಿಂಪಡಿಸಬೇಕು.,ಸೆರಾಟೋಸಿಸ್ಟಿಸ್ ಪ್ಯಾರಡಾಕ್ಸಾ (ಕಾಂಡ ಸೋರುವಿಕೆ)
ತೆಂಗು,ಅಂಟು ರೋಗ / ಗಮ್ಮೋಸಿಸ್  (ಶಿಲೀಂಧ್ರ/ಕೀಟ),ಮಳೆಗಾಲದಲ್ಲಿ ಎಳೆ ಕಾಯಿಗಳು ಮತ್ತು ಪೀಚುಗಳು ಕೊಳೆತು ಉದುರುತ್ತವೆ. ಬಿದ್ದ ಕಾಯಿಯ ತೊಟ್ಟಿನ ಬಳಿ ಕಡು ಹಸಿರು ಕಲೆ ಇರುತ್ತದೆ. ಮಳೆಗೂ ಮುನ್ನ ಮರದ ಶಿರಭಾಗ ಸ್ವಚ್ಛಗೊಳಿಸಿ. ಗೊನೆ ಮತ್ತು ಎಲೆಗಳಿಗೆ ಶೇ.1 ರ ಬೋರ್ಡೋ ದ್ರಾವಣ ಸಿಂಪಡಿಸಿ. ಮಳೆ ಜೋರಿದ್ದರೆ 45 ದಿನಗಳ ನಂತರ ಮತ್ತೆ ಸಿಂಪಡಿಸಿ. ಮರದ ತುದಿಗೆ ಬೋರ್ಡೋ ಪೇಸ್ಟ್ ಹಚ್ಚಿ.,ಥೈಲಾವಿಯೊಪ್ಸಿಸ್ ಪ್ಯಾರಡಾಕ್ಸಾ
ತೆಂಗು,ಮಹಾಳಿ ರೋಗ / ಕಾಯಿ ಕೊಳೆತ  (ಶಿಲೀಂಧ್ರ ರೋಗ),ಎಳೆ ಕಾಯಿಗಳ ತೊಟ್ಟಿನ ಬಳಿ ತ್ರಿಕೋನಾಕಾರದ ಹಳದಿ ಮಚ್ಚೆ ಬರುತ್ತದೆ. ಕಾಯಿ ಬೆಳೆದಂತೆ ಕಂದು ಬಣ್ಣದ ಒರಟು ಬಿರುಕು ಬರುತ್ತದೆ ಮತ್ತು ಕಾಯಿ ಸಣ್ಣದಾಗುತ್ತದೆ. 10 ಮಿ.ಲೀ ಅಜಾಡಿರಾಕ್ಟಿನ್ ಕೀಟನಾಶಕವನ್ನು 10 ಮಿ.ಲೀ ನೀರಿನಲ್ಲಿ ಬೆರೆಸಿ ಬೇರು ಮೂಲಕ ಉಣಿಸಿ. ಅಥವಾ ವರ್ಷಕ್ಕೆ 3 ಬಾರಿ 1 ಲೀಟರ್ ನೀರಿಗೆ 20 ಮಿ.ಲೀ ಬೇವಿನ ಎಣ್ಣೆ ಗೊನೆಗಳಿಗೆ ಸಿಂಪಡಿಸಿ. ಮರಕ್ಕೆ ಪೊಟ್ಯಾಷ್ ಗೊಬ್ಬರ ನೀಡಿ.,ಫೈಟೊಫ್ಥೋರಾ ಪಾಲ್ಮಿವೊರಾ
ತೆಂಗು,ನುಸಿ ಪೀಡೆ  (ಕೀಟ ಬಾಧೆ),"ನೀರಿನ ಕೊರತೆ, ಪೋಷಕಾಂಶದ ಕೊರತೆ ಅಥವಾ ಪರಾಗಸ್ಪರ್ಶದ ಸಮಸ್ಯೆಯಿಂದ ಎಳೆ ಕಾಯಿಗಳು ಉದುರುತ್ತವೆ. ಬೇಸಿಗೆಯಲ್ಲಿ ಮಣ್ಣು ಒಣಗಬಾರದು, ನಿಯಮಿತವಾಗಿ ನೀರು ಕೊಡಿ. ವರ್ಷಕ್ಕೆ ಪ್ರತಿ ಮರಕ್ಕೆ 500 ಗ್ರಾಂ ಪೊಟ್ಯಾಷ್ ಮತ್ತು 200 ಗ್ರಾಂ ಬೊರಾಕ್ಸ್ ನೀಡಿ. ಹೂವು ಅರಳಿದ 30 ದಿನಗಳ ನಂತರ 10 ಲೀಟರ್ ನೀರಿಗೆ 2 ಮಿ.ಲೀ ಪ್ಲಾನೋಫಿಕ್ಸ್ (NAA) ಬೆರೆಸಿ ಗೊನೆಗೆ ಸಿಂಪಡಿಸಿ.",ಅಸೆರಿಯಾ ಗೆರೋನಿಸ್ (ಎರಿಯೋಫೈಡ್ ನುಸಿ)
ತೆಂಗು,ಪೀಚು ಉದುರುವುದು / ಸಿಂಗಾರ ಒಣಗುವುದು  (ಪೋಷಕಾಂಶ/ನೀರು),ತಿಗಣೆ ಎಳೆ ಕಾಯಿಗಳ ರಸ ಹೀರುವುದರಿಂದ ಅಂಟು ಒಸರುತ್ತದೆ. ಕಾಯಿಗಳು ಆಕಾರ ಕಳೆದುಕೊಂಡು ಮುದುರಿಕೊಳ್ಳುತ್ತವೆ. ಬಿದ್ದ ಎಳೆ ಕಾಯಿಗಳನ್ನು ಸುಟ್ಟುಹಾಕಿ. 1 ಲೀಟರ್ ನೀರಿಗೆ 2 ಗ್ರಾಂ ಕಾರ್ಬರಿಲ್ ಅಥವಾ 5 ಮಿ.ಲೀ ಬೇವಿನ ಎಣ್ಣೆ (ಅಜಾಡಿರಾಕ್ಟಿನ್) ಬೆರೆಸಿ ಎಳೆ ಗೊನೆಗೆ ಸಿಂಪಡಿಸಿ. ತೋಟ ಸ್ವಚ್ಛವಾಗಿದ್ದರೆ ಕೀಟಗಳ ಕಾಟ ಕಡಿಮೆ.,ದೈಹಿಕ ಅಸ್ವಸ್ಥತೆ (ಪಿಂಚು ಉದುರುವಿಕೆ)
ತೆಂಗು,ಚಾಳಿ ತಿಗಣೆ  (ಕೀಟ ಬಾಧೆ),"ಇದು ಮರದ ರೋಗವಾದರೂ ಕಾಯಿಯ ಗುಣಮಟ್ಟ ಹಾಳುಮಾಡುತ್ತದೆ. ಕಾಯಿ ಸಣ್ಣದಾಗಿ, ಚಿಪ್ಪು ತೆಳುವಾಗಿ, ಕೊಬ್ಬರಿ ಗಟ್ಟಿಯಾಗದೆ ರುಚಿ ಕೆಡುತ್ತದೆ. ಇದಕ್ಕೆ ಮದ್ದಿಲ್ಲ, ಆದರೆ ನಿರ್ವಹಣೆ ಮಾಡಬಹುದು. ತೀರಾ ಕಡಿಮೆ ಇಳುವರಿ (10 ಕಾಯಿಗಿಂತ ಕಡಿಮೆ) ನೀಡುವ ಮರ ತೆಗೆಯಿರಿ. ಉಳಿದ ಮರಗಳಿಗೆ ವರ್ಷಕ್ಕೆ 50 ಕೆಜಿ ಸಾವಯವ ಗೊಬ್ಬರ ಮತ್ತು 500 ಗ್ರಾಂ ಮೆಗ್ನೀಸಿಯಮ್ ಸಲ್ಫೇಟ್ ನೀಡಿ. ಕೊಕ್ಕೋ ಅಥವಾ ಬಾಳೆ ಅಂತರ ಬೆಳೆ ಬೆಳೆಯಿರಿ.",ಕಾರ್ವಾಲ್ಹೋಯಾ ಅರೆಕೆ
ತೆಂಗು,ಬೇರು ರೋಗ / ಕಾಟು ರೋಗ  (ರೋಗ),ಕಾಯಿ ಬೆಳೆದರೂ ಒಳಗೆ ಕೊಬ್ಬರಿ ಅಥವಾ ನೀರು ಇರುವುದಿಲ್ಲ. ಪರಾಗಸ್ಪರ್ಶದ ಕೊರತೆ ಅಥವಾ ಪೊಟ್ಯಾಷ್ ಕೊರತೆಯಿಂದ ಹೀಗಾಗುತ್ತದೆ. ಪರಾಗಸ್ಪರ್ಶಕ್ಕೆ ಜೇನುಗೂಡುಗಳನ್ನು ಇಡಿ. ವರ್ಷಕ್ಕೆ ಪ್ರತಿ ಮರಕ್ಕೆ 2 ಕೆಜಿ ಪೊಟ್ಯಾಷ್ ಮತ್ತು 1 ಕೆಜಿ ಉಪ್ಪು ನೀಡಿ. ಕಾಯಿ ಬೆಳೆಯುವಾಗ ನೀರು ತಪ್ಪಿಸಬೇಡಿ.,ಗಾನೋಡರ್ಮಾ ಲುಸಿಡಮ್ / ಗಾನೋಡರ್ಮಾ ಅಪ್ಲಾನಾಟಮ್
ತೆಂಗು,ಜೊಳ್ಳು ಕಾಯಿ  (ಪೋಷಕಾಂಶ),ಕೆಳಗಿನ ಎಲೆಗಳು ಬಾಡಿ ಉದುರುತ್ತವೆ ಮತ್ತು ಮರ ಎಲ್ಲಾ ಕಾಯಿಗಳನ್ನು ಉದುರಿಸುತ್ತದೆ. ಕಾಂಡದಿಂದ ಕೆಂಪು ದ್ರವ ಒಸರಬಹುದು. ರೋಗ ಬಂದ ಮರದ ಬೇರು ಬೇರೆ ಮರಕ್ಕೆ ತಾಗದಂತೆ ಕಂದಕ ತೋಡಿ. ವರ್ಷಕ್ಕೊಮ್ಮೆ 5 ಕೆಜಿ ಬೇವಿನ ಹಿಂಡಿಯನ್ನು ಟ್ರೈಕೋಡರ್ಮ ಜೊತೆ ಬೆರೆಸಿ ಬುಡಕ್ಕೆ ಹಾಕಿ. 40 ಲೀಟರ್ ಬೋರ್ಡೋ ದ್ರಾವಣವನ್ನು (ಶೇ. 1) ಮರದ ಬುಡಕ್ಕೆ ಸುರಿಯಿರಿ.,ದೈಹಿಕ (ಕಳಪೆ ಪೋಷಣೆ/ಪರಾಗಸ್ಪರ್ಶ)
ತೆಂಗು,ತಂಜಾವೂರು ರೋಗ / ಗಾನೋಡರ್ಮಾ  (ಶಿಲೀಂಧ್ರ ರೋಗ),"ಕಾಯಿಯ ತುದಿ ಅಥವಾ ಗರಿಗಳು ಸಿಕ್ಕಿಕೊಂಡು ಬೆಳವಣಿಗೆ ಕುಂಠಿತವಾಗುತ್ತದೆ. ಬೋರಾನ್ ಕೊರತೆಯಿಂದ ಹೀಗಾಗುತ್ತದೆ. ವರ್ಷಕ್ಕೆ 200 ಗ್ರಾಂ ಬೊರಾಕ್ಸ್ ಅನ್ನು ಮಣ್ಣಿಗೆ ಸೇರಿಸಿ. ಮಣ್ಣಿನಲ್ಲಿ ತೇವಾಂಶವಿದ್ದರೆ ಮಾತ್ರ ಮರ ಬೊರಾಕ್ಸ್ ಹೀರಿಕೊಳ್ಳಲು ಸಾಧ್ಯ, ಆದ್ದರಿಂದ ನೀರು ಕೊಡಿ.",ಗಾನೋಡರ್ಮಾ ಲುಸಿಡಮ್
ಹತ್ತಿ,ಗರಿ ಸಿಕ್ಕಿಕೊಳ್ಳುವುದು / ಕ್ರೌನ್ ಚೋಕ್  (ಪೋಷಕಾಂಶ),ಇದು ಬ್ಯಾಕ್ಟೀರಿಯಾ ರೋಗವಾದ್ದರಿಂದ ಕೇವಲ ಶಿಲೀಂಧ್ರನಾಶಕ ಸಾಲದು. 200 ಲೀಟರ್ ನೀರಿಗೆ 2 ಗ್ರಾಂ ಸ್ಟ್ರೆಪ್ಟೋಸೈಕ್ಲಿನ್ ಮತ್ತು 500 ಗ್ರಾಂ ಕಾಪರ್ ಆಕ್ಸಿಕ್ಲೋರೈಡ್ ಬೆರೆಸಿ ಎಕರೆಗೆ ಸಿಂಪಡಿಸಿ. ಕಪ್ಪು ಚುಕ್ಕೆ ಮುಂದುವರಿದರೆ 15 ದಿನಗಳ ನಂತರ ಮತ್ತೆ ಸಿಂಪಡಿಸಿ. ಎಲೆಗಳ ಮೇಲೆ ನೀರು ಹಾಯಿಸಬೇಡಿ ಮತ್ತು ರೋಗಪೀಡಿತ ಕಾಯಿಗಳನ್ನು ಕಿತ್ತು ಹಾಕಿ.,ದೈಹಿಕ (ಬೋರಾನ್ ಕೊರತೆ)
ಹತ್ತಿ,ಬ್ಯಾಕ್ಟೀರಿಯಾ ಅಂಗಮಾರಿ  (ಬ್ಯಾಕ್ಟೀರಿಯಾ ರೋಗ),ತೇವಾಂಶ ಹೆಚ್ಚಿದ್ದರೆ ಇದು ಬೇಗ ಹರಡುತ್ತದೆ. ಗಿಡಗಳ ನಡುವೆ ಅಂತರವಿದ್ದರೆ ಬಿಸಿಲು ಬಿದ್ದು ಕಾಯಿ ಒಣಗುತ್ತವೆ. ಕೆಂಪು ಚುಕ್ಕೆ ಕಂಡ ಕೂಡಲೇ ಶೇ. 0.1 ರ ಕಾರ್ಬೆಂಡಾಜಿಮ್ ಅಥವಾ ಶೇ. 0.25 ರ ಮ್ಯಾಂಕೋಜೆಬ್ ಸಿಂಪಡಿಸಿ. ಕಾಯಿ ಕಟ್ಟುವಾಗ 15 ದಿನಗಳ ಅಂತರದಲ್ಲಿ 3 ಬಾರಿ ಸಿಂಪಡಿಸಿ. ಅತಿಯಾಗಿ ನೀರು ಕೊಡಬೇಡಿ ಮತ್ತು ಕೊಳೆತ ಕಾಯಿ ತೆಗೆಯಿರಿ.,ಝಾಂಥೋಮೋನಾಸ್ ಆಕ್ಸಾನೋಪೋಡಿಸ್ pv. ಮಾಲ್ವಾಸಿಯಾರಮ್
ಹತ್ತಿ,ಆಂಥ್ರಾಕ್ನೋಸ್ / ಕೆಂಪು ಕೊಳೆತ  (ಶಿಲೀಂಧ್ರ ರೋಗ),ಕೀಟಗಳು ಮಾಡಿದ ಗಾಯದ ಮೂಲಕ ಇದು ಬರುತ್ತದೆ. ಮೊದಲು ಕಾಯಿಕೊರಕ ಹುಳು ನಿಯಂತ್ರಿಸಿ. ಬೆಳೆ ಹೆಚ್ಚು ದಟ್ಟವಾಗಿ ಬೆಳೆಯದಂತೆ ನೋಡಿಕೊಳ್ಳಿ. ಮಳೆ ಹೆಚ್ಚಿದ್ದರೆ ಶೇ. 0.3 ರ ಕಾಪರ್ ಆಕ್ಸಿಕ್ಲೋರೈಡ್ ಅಥವಾ ಶೇ. 0.2 ರ ಮ್ಯಾಂಕೋಜೆಬ್ ಸಿಂಪಡಿಸಿ. ಹೊಲದಲ್ಲಿ ನೀರು ನಿಲ್ಲದಂತೆ ಮಾಡಿ.,ಕೊಲೆಟೊಟ್ರೈಕಮ್ ಗಾಸಿಪಿ
ಹತ್ತಿ,ಕಾಯಿ ಕೊಳೆತ / ಬೂದು ಬೂಷ್ಟು  (ಶಿಲೀಂಧ್ರ ರೋಗ),"ಕಾಯಿ ಒಳಗೆ ರೋಗ ಸೇರಿದರೆ ಗುಣಪಡಿಸಲು ಆಗುವುದಿಲ್ಲ, ತಡೆಗಟ್ಟುವುದೇ ದಾರಿ. ತಿಗಣೆ ಮತ್ತು ಹಸಿರು ಹುಳುವನ್ನು ಇಮಿಡಾಕ್ಲೋಪ್ರಿಡ್ ಬಳಸಿ ನಿಯಂತ್ರಿಸಿ. ಹೊಲ ಮತ್ತು ಬದುವಿನಲ್ಲಿ ಕಳೆ ಇಲ್ಲದಂತೆ ಸ್ವಚ್ಛವಾಗಿಡಿ. ಕೀಟಗಳಿಲ್ಲದ ಆರೋಗ್ಯವಂತ ಬೆಳೆಯಿದ್ದರೆ ರೋಗ ಬರುವುದಿಲ್ಲ.",ರಾಮುಲೇರಿಯಾ ಅರಿಯೋಲಾ / ಬೊಟ್ರೈಟಿಸ್
ಹತ್ತಿ,ಒಳ ಕಾಯಿ ಕೊಳೆತ  (ಸಮಸ್ಯೆ),ಪೋಷಕಾಂಶ ಅಥವಾ ನೀರಿನ ಕೊರತೆಯಿಂದ ಇದು ಬರುತ್ತದೆ. ಹೂವು ಬಿಡುವಾಗ ಹೆಚ್ಚು ಸಾರಜನಕ ಗೊಬ್ಬರ ಕೊಡಿ. ಮರಳು ಮಿಶ್ರಿತ ಮಣ್ಣಾಗಿದ್ದರೆ ಸೆಪ್ಟೆಂಬರ್-ಅಕ್ಟೋಬರ್ ನಲ್ಲಿ ತಪ್ಪದೆ ನೀರು ಕೊಡಿ. ಕಾಯಿ ಬೆಳೆಯುವಾಗ ತೇವಾಂಶ ಕಡಿಮೆಯಾಗಬಾರದು. ಸರಿಯಾದ ಗೊಬ್ಬರ ಮತ್ತು ನೀರಿನಿಂದ ಕಾಯಿ ಚೆನ್ನಾಗಿ ಅರಳುತ್ತದೆ.,ನೆಮಾಟೋಸ್ಪೋರಾ ಪ್ರಭೇದ (ಒಳ ಕಾಯಿ ಕೊಳೆತ)
ಹತ್ತಿ,ತಿರಕ್ / ಕಾಯಿ ಅರಳದಿರುವುದು  (ಪೋಷಕಾಂಶ/ನೀರು),ಗಿಡ ಸದೃಢವಾಗಿದ್ದರೆ ರೋಗ ತಡೆಯುತ್ತದೆ. ಸಾಕಷ್ಟು ಪೊಟ್ಯಾಷ್ ಮತ್ತು ಮೆಗ್ನೀಸಿಯಮ್ ಗೊಬ್ಬರ ಕೊಡಿ. ಕಂದು ಚುಕ್ಕೆ ಕಂಡರೆ ಶೇ. 0.1 ರ ಪ್ರೊಪಿಕೊನಜೋಲ್ ಅಥವಾ ಮ್ಯಾಂಕೋಜೆಬ್ ಮತ್ತು ಕಾರ್ಬೆಂಡಾಜಿಮ್ ಮಿಶ್ರಣ ಸಿಂಪಡಿಸಿ. ಬಿದ್ದ ಎಲೆ ಮತ್ತು ಕಾಯಿ ಸುಟ್ಟುಹಾಕಿ. ಒಂದೇ ಹೊಲದಲ್ಲಿ ಸತತವಾಗಿ ಹತ್ತಿ ಬೆಳೆಯಬೇಡಿ.,ದೈಹಿಕ (ಕಾಯಿ ಸರಿಯಾಗಿ ಅರಳದಿರುವುದು)
ಹತ್ತಿ,ಆಲ್ಟರ್ನೇರಿಯಾ ಎಲೆ ಚುಕ್ಕೆ  (ಶಿಲೀಂಧ್ರ ರೋಗ),"ಇದು ವೈರಸ್ ರೋಗ, ಗುಣಪಡಿಸಲು ಆಗುವುದಿಲ್ಲ. ಇದನ್ನು ಹರಡುವ ಥ್ರಿಪ್ಸ್ ಕೀಟಗಳನ್ನು ನಿಯಂತ್ರಿಸಿ. ಬಿತ್ತನೆಗೆ ಮುನ್ನ 1 ಕೆಜಿ ಬೀಜಕ್ಕೆ 7 ಗ್ರಾಂ ಇಮಿಡಾಕ್ಲೋಪ್ರಿಡ್ ಲೇಪಿಸಿ. ಥ್ರಿಪ್ಸ್ ಕಂಡರೆ ಥಯಾಮೆಥಾಕ್ಸಾಮ್ ಅಥವಾ ಡೈಮೆಥೋಯೇಟ್ ಸಿಂಪಡಿಸಿ. ಹೊಲದ ಬದುವಿನಲ್ಲಿರುವ ಪಾರ್ಥೇನಿಯಂ ಕಳೆ ಗಿಡಗಳನ್ನು ನಾಶಪಡಿಸಿ.",ಆಲ್ಟರ್ನೇರಿಯಾ ಮ್ಯಾಕ್ರೋಸ್ಪೋರಾ
ಹತ್ತಿ,ತಂಬಾಕು ಸ್ಟ್ರೀಕ್ ವೈರಸ್  (ವೈರಸ್ ರೋಗ),ದೀರ್ಘಕಾಲ ಮಳೆ ಮತ್ತು ಮೋಡವಿದ್ದರೆ ಇದು ಕಾಣಿಸಿಕೊಳ್ಳುತ್ತದೆ. ನೀರು ನಿಲ್ಲದಂತೆ ಬಸಿಗಾಲುವೆ ಮಾಡಿ. ಮಳೆ ಮುಂದುವರಿದರೆ ಶೇ. 0.3 ರ ಕಾಪರ್ ಆಕ್ಸಿಕ್ಲೋರೈಡ್ ಅಥವಾ ಜೈನೆಬ್ ಸಿಂಪಡಿಸಿ. ಸಾಧ್ಯವಾದರೆ ಕೊಳೆತ ಕಾಯಿ ತೆಗೆಯಿರಿ. ಮುಂದಿನ ಹಂಗಾಮಿನಲ್ಲಿ ಜೋಳದಂತಹ ಬೆಳೆ ಬೆಳೆದರೆ ರೋಗ ಕಡಿಮೆಯಾಗುತ್ತದೆ.,ಟೊಬ್ಯಾಕೋ ಸ್ಟ್ರೀಕ್ ವೈರಸ್ (TSV)
ಹತ್ತಿ,ವೆಟ್ ವೆದರ್ ಬ್ಲೈಟ್  (ಶಿಲೀಂಧ್ರ ರೋಗ),"ಸೋಂಕಿತ ಕಾಯಿ ಮತ್ತು ಎಲೆಗಳನ್ನು ಸುಟ್ಟುಹಾಕಿ. 1 ಲೀಟರ್ ನೀರಿಗೆ 1 ಗ್ರಾಂ ಕಾರ್ಬೆಂಡಾಜಿಮ್ ಅಥವಾ 2.5 ಗ್ರಾಂ ಮ್ಯಾಂಕೋಜೆಬ್ ಸಿಂಪಡಿಸಿ. ಕೀಟಗಳು ಮಾಡಿದ ಗಾಯದ ಮೂಲಕ ಶಿಲೀಂಧ್ರ ಬರುವುದರಿಂದ ಕೀಟ ನಿಯಂತ್ರಣ ಮುಖ್ಯ. ಬೆಳೆ ಒದ್ದೆಯಿದ್ದಾಗ ಹೊಲದಲ್ಲಿ ಕೆಲಸ ಮಾಡಬೇಡಿ, ಗಾಯಗಳಾದರೆ ರೋಗ ಹರಡುತ್ತದೆ.",ರೈಜೋಕ್ಟೋನಿಯಾ ಸೊಲಾನಿ
ಹತ್ತಿ,ರಿಂಗ್ ಸ್ಪಾಟ್ / ವೃತ್ತಾಕಾರದ ಚುಕ್ಕೆ  (ಶಿಲೀಂಧ್ರ ರೋಗ),"ಕಪ್ಪಾದ ಕಾಯಿಗಳನ್ನು ತೆಗೆದು ನಾಶಪಡಿಸಿ. ಕಳೆ ತೆಗೆಯುವಾಗ ಗಿಡಕ್ಕೆ ಗಾಯವಾಗದಂತೆ ಎಚ್ಚರವಹಿಸಿ. ಮುನ್ನೆಚ್ಚರಿಕೆಯಾಗಿ ಮಳೆಯ ನಂತರ ಕಾಪರ್ ಆಕ್ಸಿಕ್ಲೋರೈಡ್ ಸಿಂಪಡಿಸಿ. ಹೊಲದ ಸ್ವಚ್ಛತೆ ಮತ್ತು ಕೀಟ ನಿಯಂತ್ರಣ ಮುಖ್ಯ, ಏಕೆಂದರೆ ಗಾಯವಾದ ಕಾಯಿಗಳಿಗೆ ಇದು ಹೆಚ್ಚು ಬಾಧಿಸುತ್ತದೆ.",ಮೈಕೋಸ್ಪೆರೆಲ್ಲಾ / ಸರ್ಕೋಸ್ಪೋರಾ
ಹತ್ತಿ,ಕಪ್ಪು ಮಸಿ ಕೊಳೆತ  (ಶಿಲೀಂಧ್ರ ರೋಗ),"ಕಾಯಿ ಮೆತ್ತಗಾಗಿ ನೀರಾದರೆ ಉಳಿಸಲು ಸಾಧ್ಯವಿಲ್ಲ. ಕಾಯಿ ಒಡೆದ ತಕ್ಷಣ ತಡಮಾಡದೆ ಕೊಯ್ಲು ಮಾಡಿ. ಕಾಯಿಕೊರಕ ಹುಳುಗಳನ್ನು ನಿಯಂತ್ರಿಸಿ. ಕೊಯ್ಲು ಮಾಡಿದ ಹತ್ತಿಯನ್ನು ಬಿಸಿ ಮತ್ತು ತೇವಾಂಶವಿರುವ ಜಾಗದಲ್ಲಿ ಸಂಗ್ರಹಿಸಬೇಡಿ, ಅದು ಮತ್ತಷ್ಟು ಕೊಳೆಯುತ್ತದೆ.",ಆಸ್ಪರ್ಜಿಲಸ್ ನೈಜರ್
ಸೀತಾಫಲ,ಮೃದು ನೀರು ಕೊಳೆತ  (ಶಿಲೀಂಧ್ರ ರೋಗ),ಹಣ್ಣಿನ ಮೇಲೆ ಕಪ್ಪು ತಗ್ಗು ಚುಕ್ಕೆಗಳು ಬಂದು ಹಣ್ಣು ಕಪ್ಪಾಗಿ ಗಟ್ಟಿಯಾಗುತ್ತದೆ. ಬಿದ್ದ ಮತ್ತು ಕೊಳೆತ ಹಣ್ಣುಗಳನ್ನು ಸುಟ್ಟುಹಾಕಿ ತೋಟ ಸ್ವಚ್ಛವಾಗಿಡಿ. ಕಾಯಿ ಚಿಕ್ಕದಿದ್ದಾಗ 1 ಲೀಟರ್ ನೀರಿಗೆ 1 ಗ್ರಾಂ ಕಾರ್ಬೆಂಡಾಜಿಮ್ ಅಥವಾ 2 ಗ್ರಾಂ ಮ್ಯಾಂಕೋಜೆಬ್ ಸಿಂಪಡಿಸಿ. ಕೊಯ್ಲು ಮಾಡುವಾಗ ಹಣ್ಣಿಗೆ ಪೆಟ್ಟಾಗದಂತೆ ನೋಡಿಕೊಳ್ಳಿ.,ರೈಜೋಪಸ್ ಸ್ಟೋಲೋನಿಫರ್
ಸೀತಾಫಲ,ಆಂಥ್ರಾಕ್ನೋಸ್ / ಹಣ್ಣು ಕೊಳೆತ  (ಶಿಲೀಂಧ್ರ ರೋಗ),ಹಣ್ಣು ಪೂರ್ತಿ ಕಪ್ಪಾಗಿ ಕಲ್ಲಿನಂತೆ ಗಟ್ಟಿಯಾಗಿ ಗಿಡದಲ್ಲೇ ಒಣಗುತ್ತದೆ. ಗಾಯವಾದ ಹಣ್ಣುಗಳಿಗೆ ಇದು ಹೆಚ್ಚು. ಒಣಗಿದ ಕೊಂಬೆ ಮತ್ತು ಹಣ್ಣುಗಳನ್ನು ತೆಗೆಯಿರಿ. ಕಾಯಿ ಬೆಳೆಯುವಾಗ 1 ಲೀಟರ್ ನೀರಿಗೆ 3 ಗ್ರಾಂ ಕಾಪರ್ ಆಕ್ಸಿಕ್ಲೋರೈಡ್ ಸಿಂಪಡಿಸಿ. ತೊಟ್ಟು ಅಲುಗಾಡಿಸದೆ ಎಚ್ಚರಿಕೆಯಿಂದ ಕೊಯ್ಲು ಮಾಡಿ.,ಎಲ್ಸಿನೋ ಆಂಪೆಲಿನಾ
ಸೀತಾಫಲ,ಕಪ್ಪು ಕೊಳೆತ / ಮಮ್ಮಿ ರೋಗ  (ಶಿಲೀಂಧ್ರ ರೋಗ),ಹಣ್ಣಿನ ಮೇಲೆ ಕಪ್ಪು ಅಥವಾ ತುಕ್ಕು ಬಣ್ಣದ ಒರಟು ಚುಕ್ಕೆಗಳು ಬರುತ್ತವೆ. ಬಿಸಿಲು ಬೀಳಲು ಗಿಡವನ್ನು ಕತ್ತರಿಸಿ (ಪ್ರೂನಿಂಗ್). ಕಾಯಿ ಕಟ್ಟಿದ ತಕ್ಷಣ 1 ಲೀಟರ್ ನೀರಿಗೆ 3 ಗ್ರಾಂ ಕಾಪರ್ ಆಕ್ಸಿಕ್ಲೋರೈಡ್ ಅಥವಾ ಶೇ. 1 ರ ಬೋರ್ಡೋ ದ್ರಾವಣ ಸಿಂಪಡಿಸಿ. ತೇವಾಂಶವಿದ್ದರೆ 20 ದಿನ ಬಿಟ್ಟು ಮತ್ತೆ ಸಿಂಪಡಿಸಿ.,ಗಿಗ್ನಾರ್ಡಿಯಾ ಬಿಡ್ವೆಲ್ಲಿ
ಸೀತಾಫಲ,ಕಪ್ಪು ಕ್ಯಾಂಕರ್  (ಶಿಲೀಂಧ್ರ ರೋಗ),ಇದು ಕೀಟವಾದರೂ ಹಣ್ಣಿನ ಮೇಲೆ ಬಿಳಿ ಹತ್ತಿಯಂತಹ ಪದರ ಬೆಳೆದು ಕಪ್ಪು ಮಸಿ ಬರುತ್ತದೆ. ತೋಟದಲ್ಲಿ ಪಾರ್ಥೇನಿಯಂ ಕಳೆ ತೆಗೆಯಿರಿ ಮತ್ತು ಇರುವೆ ಗೂಡುಗಳನ್ನು ನಾಶಪಡಿಸಿ. 1 ಲೀಟರ್ ನೀರಿಗೆ 5 ಮಿ.ಲೀ ಬೇವಿನ ಎಣ್ಣೆ ಅಥವಾ 2 ಮಿ.ಲೀ ಪ್ರೊಫೆನೋಫಾಸ್ ಸಿಂಪಡಿಸಿ. ಕೊಯ್ಲಿನ ನಂತರ ಹಣ್ಣನ್ನು ನೀರಿನಲ್ಲಿ ತೊಳೆದರೆ ಬಿಳಿ ಪದರ ಹೋಗುತ್ತದೆ.,ಡಿಪ್ಲೋಡಿಯಾ ಪ್ರಭೇದ
ಸೀತಾಫಲ,ಹಿಟ್ಟು ತಿಗಣೆ  (ಕೀಟ ಬಾಧೆ),ಹುಳು ಹಣ್ಣಿಗೆ ರಂಧ್ರ ಮಾಡಿ ಒಳಗೆ ತ್ಯಾಜ್ಯ ತುಂಬುವುದರಿಂದ ಹಣ್ಣು ಕೊಳೆಯುತ್ತದೆ. ರಂಧ್ರವಿರುವ ಹಣ್ಣುಗಳನ್ನು ನಾಶಪಡಿಸಿ. ಕಾಯಿ ಗೋಲಿ ಗಾತ್ರದಲ್ಲಿದ್ದಾಗ 1 ಲೀಟರ್ ನೀರಿಗೆ 5 ಮಿ.ಲೀ ಬೇವಿನ ಎಣ್ಣೆ ಅಥವಾ 0.3 ಮಿ.ಲೀ ಸ್ಪಿನೋಸ್ಯಾಡ್ ಸಿಂಪಡಿಸಿ. ಕಾಯಿಗೆ ಕಾಗದದ ಅಥವಾ ಬಟ್ಟೆಯ ಚೀಲ ಹಾಕಿದರೆ ರಾಸಾಯನಿಕ ಇಲ್ಲದೆ ತಡೆಯಬಹುದು.,ಮ್ಯಾಕೊನೆಲ್ಲಿಕಾಕಸ್ ಹಿರ್ಸುಟಸ್
ಸೀತಾಫಲ,ಹಣ್ಣು ಕೊರೆಯುವ ಹುಳು  (ಕೀಟ ಬಾಧೆ),"ಮಳೆಗಾಲದಲ್ಲಿ ಹಣ್ಣಿನ ಮೇಲೆ ಸಣ್ಣ ಕಪ್ಪು ಚುಕ್ಕೆಗಳು ಬರುತ್ತವೆ. ಕಳೆ ತೆಗೆದು ಮರದ ಬುಡ ಸ್ವಚ್ಛವಾಗಿಡಿ. ಕಾಯಿ ಬೆಳೆಯುವಾಗ 1 ಲೀಟರ್ ನೀರಿಗೆ 2.5 ಗ್ರಾಂ ಮ್ಯಾಂಕೋಜೆಬ್ ಅಥವಾ 2 ಗ್ರಾಂ ಕ್ಲೋರೋಥಲೋನಿಲ್ ಸಿಂಪಡಿಸಿ. ಗಿಡಗಳ ನಡುವೆ ಗಾಳಿ ಆಡಲು ಜಾಗವಿರಲಿ, ಮಳೆ ಬಂದರೆ ಹಣ್ಣು ಬೇಗ ಒಣಗಬೇಕು.",ಹೆಲಿಕೋವರ್ಪಾ ಆರ್ಮಿಜೆರಾ
ಸೀತಾಫಲ,ಆಲ್ಟರ್ನೇರಿಯಾ ಹಣ್ಣು ಮಚ್ಚೆ  (ಶಿಲೀಂಧ್ರ ರೋಗ),"ಹಣ್ಣು ಬೆಳೆಯದೆ ಕಲ್ಲಿನಂತೆ ಗಟ್ಟಿಯಾಗಿ ಕಂದಾಗುತ್ತದೆ. ನೀರಿನ ಏರುಪೇರು ಅಥವಾ ಶಿಲೀಂಧ್ರ ಇದಕ್ಕೆ ಕಾರಣ. ಮಣ್ಣಿನಲ್ಲಿ ತೇವಾಂಶ ಕಾಪಾಡಲು ಮಲ್ಚಿಂಗ್ ಮಾಡಿ, ನಿಯಮಿತವಾಗಿ ನೀರು ಕೊಡಿ. ಶಿಲೀಂಧ್ರ ಕಾರಣವಾಗಿದ್ದರೆ 1 ಲೀಟರ್ ನೀರಿಗೆ 3 ಗ್ರಾಂ ಕಾಪರ್ ಆಕ್ಸಿಕ್ಲೋರೈಡ್ ಸಿಂಪಡಿಸಿ.",ಆಲ್ಟರ್ನೇರಿಯಾ ಆಲ್ಟರ್ನೇಟಾ
ಖರ್ಜೂರ,ಕಲ್ಲು ಹಣ್ಣು / ಮಮ್ಮಿಫಿಕೇಶನ್  (ಸಮಸ್ಯೆ/ಶಿಲೀಂಧ್ರ),ಹೂವು ಅರಳುವ ಮುನ್ನವೇ ಗೊಂಚಲು ಕೊಳೆಯುತ್ತದೆ. ಕವಚದ ಮೇಲೆ ತುಕ್ಕು ಬಣ್ಣದ ಕಲೆ ಬಂದು ಹೂವು ಕಪ್ಪಾಗುತ್ತದೆ. ರೋಗ ಬಂದ ಕವಚಗಳನ್ನು ಕಿತ್ತು ಸುಟ್ಟುಹಾಕಿ. ವಸಂತಕಾಲದ ಆರಂಭದಲ್ಲಿ ಕವಚ ಬರುವ ಮುನ್ನ ಶೇ. 1 ರ ಬೋರ್ಡೋ ದ್ರಾವಣ ಅಥವಾ 1 ಲೀಟರ್ ನೀರಿಗೆ 3 ಗ್ರಾಂ ಕಾಪರ್ ಆಕ್ಸಿಕ್ಲೋರೈಡ್ ಸಿಂಪಡಿಸಿ. ಗಂಧಕ ಮತ್ತು ಕಾಪರ್ ಪುಡಿ ಧೂಳಿಸುವುದು ಕೂಡ ಒಳ್ಳೆಯದು.,ಗಿಗ್ನಾರ್ಡಿಯಾ ಬಿಡ್ವೆಲ್ಲಿ (ಕಪ್ಪು ಕೊಳೆತ)
ಖರ್ಜೂರ,ಗೊಂಚಲು ಕೊಳೆ ರೋಗ  (ಶಿಲೀಂಧ್ರ ರೋಗ),ತೇವಾಂಶ ಅಥವಾ ಮಳೆ ಬಂದರೆ ಹಣ್ಣು ಮೆತ್ತಗಾಗಿ ವಿನೆಗರ್ ವಾಸನೆ ಬಂದು ಉದುರುತ್ತದೆ. ಗೊಂಚಲಿಗೆ ಕಾಗದದ ಚೀಲ ಹಾಕಿ ಗಾಳಿ ಆಡುವಂತೆ ಮಾಡಿ. ಹಣ್ಣುಗಳು ಒಂದಕ್ಕೊಂದು ತಾಗದಂತೆ ವಿರಳ ಮಾಡಿ. ಮಳೆ ಜೋರಿದ್ದರೆ ಮಾತ್ರ ಹಣ್ಣಾಗುವ ಹಂತದಲ್ಲಿ 1 ಲೀಟರ್ ನೀರಿಗೆ 2 ಗ್ರಾಂ ಮ್ಯಾಂಕೋಜೆಬ್ ಸಿಂಪಡಿಸಿ.,ಬೊಟ್ರೈಟಿಸ್ ಸಿನೆರಿಯಾ
ಖರ್ಜೂರ,ಹಣ್ಣು ಕೊಳೆತ / ಹುಳಿಯಾಗುವಿಕೆ  (ಶಿಲೀಂಧ್ರ/ಯೀಸ್ಟ್),ಹಣ್ಣಿನ ತೊಟ್ಟು ಮತ್ತು ಎಳೆ ಹಣ್ಣುಗಳು ಇದ್ದಿಲಿನಲ್ಲಿ ಸುಟ್ಟಂತೆ ಕಪ್ಪಾಗಿ ಒಣಗುತ್ತವೆ. ರೋಗ ಬಂದ ಎಲೆ ಮತ್ತು ತೊಟ್ಟುಗಳನ್ನು ಕತ್ತರಿಸಿ ಸುಟ್ಟುಹಾಕಿ. ಕತ್ತರಿಸಿದ ಜಾಗಕ್ಕೆ ಕಾಪರ್ ಆಕ್ಸಿಕ್ಲೋರೈಡ್ ಪೇಸ್ಟ್ ಹಚ್ಚಿ. ಗಿಡದ ಸುಳಿ ಮತ್ತು ಗೊಂಚಲಿಗೆ 1 ಲೀಟರ್ ನೀರಿಗೆ 3 ಗ್ರಾಂ ಕಾಪರ್ ಆಕ್ಸಿಕ್ಲೋರೈಡ್ ಸಿಂಪಡಿಸಿ.,ಹುಳಿ ಕೊಳೆತ (ಅಸಿಟೋಬ್ಯಾಕ್ಟರ್ / ಯೀಸ್ಟ್)
ಖರ್ಜೂರ,ಬ್ಲ್ಯಾಕ್ ಸ್ಕಾರ್ಚ್ / ಕಪ್ಪು ಸುಟ್ಟ ರೋಗ  (ಶಿಲೀಂಧ್ರ ರೋಗ),"ಹಣ್ಣಿನ ತುದಿ ಕಪ್ಪಾಗಿ ಒಣಗುತ್ತದೆ, ಆದರೆ ಉಳಿದ ಹಣ್ಣು ಚೆನ್ನಾಗಿರುತ್ತದೆ. ಇದು ಶಿಲೀಂಧ್ರವಲ್ಲ, ತೇವಾಂಶದ ಬದಲಾವಣೆಯಿಂದ ಆಗುತ್ತದೆ. ಗೊಂಚಲನ್ನು ಆರಂಭದಲ್ಲೇ ತೀರಾ ವಿರಳ ಮಾಡಬೇಡಿ. ಗೊಂಚಲಿನ ಮಧ್ಯೆ ತಂತಿ ಬಳಸಿ ಗಾಳಿ ಆಡುವಂತೆ ಮಾಡಿ. ಮರಕ್ಕೆ ನೀರಿನ ಕೊರತೆಯಾಗದಂತೆ ನೋಡಿಕೊಳ್ಳಿ.",ಸೆರಾಟೋಸಿಸ್ಟಿಸ್ ಪ್ಯಾರಡಾಕ್ಸಾ
ಖರ್ಜೂರ,ಬ್ಲ್ಯಾಕ್ ನೋಸ್  (ಭೌತಿಕ ಸಮಸ್ಯೆ),ಕೊಯ್ಲಿಗೆ ಮುನ್ನ ತೇವಾಂಶ ಹೆಚ್ಚಾದರೆ ಹಣ್ಣಿನ ತುದಿಯಲ್ಲಿ ಅಡ್ಡ ಬಿರುಕು ಬಿಡುತ್ತದೆ. ಹಣ್ಣಾಗುವ ಹಂತದಲ್ಲಿ ಗೊಂಚಲಿಗೆ ಪ್ಲಾಸ್ಟಿಕ್ ಹೊದಿಕೆ ಅಥವಾ ಕಾಗದದ ಚೀಲ ಹಾಕಿ ಮಳೆಯಿಂದ ರಕ್ಷಿಸಿ. ಕೊಯ್ಲಿಗೆ ಹತ್ತಿರವಿದ್ದಾಗ ಅತಿಯಾಗಿ ನೀರು ಕೊಡಬೇಡಿ.,ದೈಹಿಕ ಅಸ್ವಸ್ಥತೆ (ಬ್ಲ್ಯಾಕ್‌ನೋಸ್)
ಖರ್ಜೂರ,ಹಣ್ಣು ಒಡೆಯುವುದು / ಚೆಕ್ಕಿಂಗ್  (ಭೌತಿಕ ಸಮಸ್ಯೆ),ಸಣ್ಣ ಹುಳು ಎಳೆ ಹಣ್ಣಿನ ತೊಟ್ಟಿನ ಬಳಿ ರಂಧ್ರ ಮಾಡಿ ಬೀಜ ತಿನ್ನುತ್ತದೆ. ಹಣ್ಣು ಕೆಂಪಾಗಿ ಉದುರುತ್ತದೆ ಮತ್ತು ಬಲೆ ಕಟ್ಟಿದಂತೆ ಕಾಣುತ್ತದೆ. ಬಿದ್ದ ಹಣ್ಣುಗಳನ್ನು ನಾಶಪಡಿಸಿ. ಕಾಯಿ ಚಿಕ್ಕದಿದ್ದಾಗ 1 ಲೀಟರ್ ನೀರಿಗೆ 1 ಗ್ರಾಂ ಬಿ.ಟಿ (Bt) ಪುಡಿ ಅಥವಾ 0.3 ಮಿ.ಲೀ ಸ್ಪಿನೋಸ್ಯಾಡ್ ಸಿಂಪಡಿಸಿ. ಆರಂಭದಲ್ಲೇ ಗೊಂಚಲಿಗೆ ಸಣ್ಣ ಕಣ್ಣಿನ ಬಲೆ ಹಾಕಿದರೆ ಪತಂಗ ಮೊಟ್ಟೆ ಇಡುವುದಿಲ್ಲ.,ದೈಹಿಕ (ಚೆಕ್ಕಿಂಗ್/ಒಡೆಯುವಿಕೆ)
ಖರ್ಜೂರ,ಸಣ್ಣ ಹಣ್ಣು ಕೊರಕ  (ಕೀಟ ಬಾಧೆ),ಹಣ್ಣಿನ ಮೇಲೆ ಬಿಳಿ ಅಥವಾ ಬೂದು ಬಣ್ಣದ ಹುರುಪೆ ಆವರಿಸಿ ಹಣ್ಣು ಮುದುರುತ್ತದೆ. ಬೆಳವಣಿಗೆ ನಿಲ್ಲುತ್ತದೆ. ಕೀಟ ಹೆಚ್ಚಿರುವ ಹಳೆಯ ಎಲೆಗಳನ್ನು ಕತ್ತರಿಸಿ ಸುಟ್ಟುಹಾಕಿ. 1 ಲೀಟರ್ ನೀರಿಗೆ 10 ಮಿ.ಲೀ ತೋಟಗಾರಿಕೆ ಎಣ್ಣೆ (ಮಿನರಲ್ ಆಯಿಲ್) ಅಥವಾ 5 ಮಿ.ಲೀ ಬೇವಿನ ಎಣ್ಣೆ ಸಿಂಪಡಿಸಿ. ಕೊಯ್ಲಿನ ನಂತರ ಹಣ್ಣನ್ನು ನೀರಿನಲ್ಲಿ ಉಜ್ಜಿದರೆ ಕೀಟ ಹೋಗುತ್ತದೆ.,ಅರೆನಿಪ್ಸಿಸ್ ಸಬೆಲ್ಲಾ (ದೊಡ್ಡ ಖರ್ಜೂರದ ಪತಂಗ)
ಅಂಜೂರ,ಬಿಳಿ ಹುರುಪೆ ಕೀಟ / ಸ್ಕೇಲ್  (ಕೀಟ ಬಾಧೆ),"ಹಣ್ಣು ಹೊರಗಿನಿಂದ ಚೆನ್ನಾಗಿ ಕಂಡರೂ, ಒಳಗೆ ತಿರುಳು ಮೆತ್ತಗಾಗಿ ನೀರಾಗಿರುತ್ತದೆ. ಪರಾಗಸ್ಪರ್ಶ ಮಾಡುವ ಕಣಜ ನೊಣದಿಂದ ಈ ರೋಗ ಹರಡುತ್ತದೆ. ತೋಟವನ್ನು ಅತ್ಯಂತ ಸ್ವಚ್ಛವಾಗಿಡಿ. ಚಳಿಗಾಲದಲ್ಲಿ ಗಿಡದಲ್ಲಿ ಉಳಿದ ಅಥವಾ ನೆಲಕ್ಕೆ ಬಿದ್ದ ಒಣ ಹಣ್ಣುಗಳನ್ನು (ಮಮ್ಮಿ) ನಾಶಪಡಿಸಿ. ಕಣಜ ನೊಣಗಳು ರೋಗ ತರದಂತೆ ಎಚ್ಚರವಹಿಸಿ.",ಪಾರ್ಲಟೋರಿಯಾ ಬ್ಲಾಂಚಾರ್ಡಿ
ಅಂಜೂರ,ಒಳ ಕೊಳೆತ / ಗುಲಾಬಿ ಕೊಳೆತ  (ಶಿಲೀಂಧ್ರ ರೋಗ),"ಹಣ್ಣಿನಿಂದ ವಿನೆಗರ್ ಅಥವಾ ಆಲ್ಕೋಹಾಲ್ ವಾಸನೆ ಬರುತ್ತದೆ. ಹಣ್ಣಿನ ರಂಧ್ರದಿಂದ ಗುಲಾಬಿ ದ್ರವ ಒಸರುತ್ತದೆ. ಇದು ನೊಣಗಳಿಂದ ಮತ್ತು ಜೀರುಂಡೆಗಳಿಂದ ಹರಡುತ್ತದೆ. ಪ್ರತಿದಿನ ಹಣ್ಣು ಕೊಯ್ಲು ಮಾಡಿ, ಮಾಗಿದ ಹಣ್ಣು ಗಿಡದಲ್ಲಿ ಉಳಿಯದಂತೆ ನೋಡಿಕೊಳ್ಳಿ. ಬಲೆಗಳನ್ನು ಬಳಸಿ ನೊಣಗಳನ್ನು ನಿಯಂತ್ರಿಸಿ. ಹಣ್ಣು ಒದ್ದೆಯಾಗದಂತೆ ನೀರುಣಿಸಿ.",ಟ್ರೈಕೋಥಿಸಿಯಮ್ ರೋಸಿಯಮ್ (ಪಿಂಕ್ ರಾಟ್)
ಅಂಜೂರ,ಹುಳಿ ಕೊಳೆತ / ಹುಳಿಯಾಗುವಿಕೆ  (ಬ್ಯಾಕ್ಟೀರಿಯಾ/ಯೀಸ್ಟ್),"ಹಣ್ಣನ್ನು ಕತ್ತರಿಸಿದಾಗ ಒಳಗೆ ಕಪ್ಪು ಮಸಿ ತುಂಬಿರುತ್ತದೆ. ಹಣ್ಣಿನ ರಂಧ್ರ ತೆರೆದಾಗ ಶಿಲೀಂಧ್ರ ಒಳಸೇರುತ್ತದೆ. ರೋಗ ಬಂದ ಮತ್ತು ಒಣಗಿದ ಹಣ್ಣುಗಳನ್ನು ಮಣ್ಣಿನಲ್ಲಿ ಹೂತುಹಾಕಿ. ಕಾಯಿ ಬೆಳೆಯುವಾಗ 1 ಲೀಟರ್ ನೀರಿಗೆ 2 ಗ್ರಾಂ ಮ್ಯಾಂಕೋಜೆಬ್ ಅಥವಾ 3 ಗ್ರಾಂ ಕಾಪರ್ ಆಕ್ಸಿಕ್ಲೋರೈಡ್ ಸಿಂಪಡಿಸಿ. ತೋಟದಲ್ಲಿ ಧೂಳು ಕಡಿಮೆಯಿರಲಿ, ಏಕೆಂದರೆ ಧೂಳು ರೋಗ ಹರಡುತ್ತದೆ.",ಹುಳಿ ಕೊಳೆತ (ಸೋರ್ ರಾಟ್)
ಅಂಜೂರ,ಕಾಡಿಗೆ ರೋಗ / ಕಪ್ಪು ಮಸಿ  (ಶಿಲೀಂಧ್ರ ರೋಗ),ಹಣ್ಣಿನ ಮೇಲೆ ಕಡು ಕಂದು ಬಣ್ಣದ ತಗ್ಗು ಚುಕ್ಕೆಗಳು ಕಾಣುತ್ತವೆ. ತೇವಾಂಶವಿದ್ದರೆ ಗುಲಾಬಿ ಬಣ್ಣದ ಅಂಟು ಬರುತ್ತದೆ. ಬಿಸಿಲು ಮತ್ತು ಗಾಳಿ ಆಡಲು ಗಿಡದ ಕೊಂಬೆಗಳನ್ನು ಕತ್ತರಿಸಿ. ಕಾಯಿ ಚಿಕ್ಕದಿದ್ದಾಗ 1 ಲೀಟರ್ ನೀರಿಗೆ 1 ಗ್ರಾಂ ಕಾರ್ಬೆಂಡಾಜಿಮ್ ಅಥವಾ 2 ಗ್ರಾಂ ಕ್ಲೋರೋಥಲೋನಿಲ್ ಸಿಂಪಡಿಸಿ. ಮಳೆ ಬಂದರೆ 15 ದಿನಗಳ ನಂತರ ಮತ್ತೆ ಸಿಂಪಡಿಸಿ.,ಕ್ಯಾಪ್ನೋಡಿಯಮ್ ಪ್ರಭೇದ
ಅಂಜೂರ,ಆಂಥ್ರಾಕ್ನೋಸ್ / ಹಣ್ಣು ಕೊಳೆತ  (ಶಿಲೀಂಧ್ರ ರೋಗ),ಹಣ್ಣಿನ ಮೇಲೆ ಹಳದಿ ಚುಕ್ಕೆಗಳು ಬಂದು ಆಕಾರ ಹಾಳಾಗುತ್ತದೆ ಮತ್ತು ಹಣ್ಣು ಉದುರುತ್ತದೆ. ಈ ವೈರಸ್ ನುಸಿಗಳಿಂದ ಹರಡುತ್ತದೆ. ಇದಕ್ಕೆ ಯಾವುದೇ ರಾಸಾಯನಿಕ ಔಷಧವಿಲ್ಲ. ರೋಗಮುಕ್ತ ಸಸಿಗಳನ್ನೇ ನಾಟಿಗೆ ಬಳಸಿ. ನುಸಿ ನಿಯಂತ್ರಿಸಲು 1 ಲೀಟರ್ ನೀರಿಗೆ 2 ಗ್ರಾಂ ಕರಗುವ ಗಂಧಕ ಅಥವಾ ಅಬಾಮೆಕ್ಟಿನ್ ನಂತಹ ಕೀಟನಾಶಕ ಸಿಂಪಡಿಸಿ.,ಕೊಲೆಟೊಟ್ರೈಕಮ್ ಗ್ಲಿಯೋಸ್ಪೊರಿಯಾಯ್ಡ್ಸ್
ಅಂಜೂರ,ಮೊಸೈಕ್ ವೈರಸ್  (ವೈರಸ್ ರೋಗ),ಹಣ್ಣಿನ ರಂಧ್ರದ ಬಳಿ ಸಿಪ್ಪೆ ಸೀಳುತ್ತದೆ. ಒಣ ಹವೆ ನಂತರ ಜೋರು ಮಳೆ ಬಂದರೆ ಅಥವಾ ನೀರಿನ ಏರುಪೇರಾದರೆ ಹೀಗಾಗುತ್ತದೆ. ಮಣ್ಣಿನಲ್ಲಿ ತೇವಾಂಶ ಕಾಪಾಡಲು ನಿಯಮಿತವಾಗಿ ನೀರು ಕೊಡಿ. ಮರದ ಬುಡಕ್ಕೆ ಒಣ ಹುಲ್ಲಿನ ಹೊದಿಕೆ (ಮಲ್ಚ್) ಹಾಕಿ. ಸಿಪ್ಪೆ ಗಟ್ಟಿಯಾಗಲು 1 ಲೀಟರ್ ನೀರಿಗೆ 2 ಗ್ರಾಂ ಕ್ಯಾಲ್ಸಿಯಂ ಕ್ಲೋರೈಡ್ ಸಿಂಪಡಿಸಿ.,ಪಪ್ಪಾಯಿ ಮೊಸೈಕ್ ವೈರಸ್ / ಸೌತೆಕಾಯಿ ಮೊಸೈಕ್ ವೈರಸ್
ಅಂಜೂರ,ಹಣ್ಣು ಒಡೆಯುವುದು  (ಭೌತಿಕ ಸಮಸ್ಯೆ),ಬಿಸಿಲು ಬೀಳುವ ಹಣ್ಣಿನ ಭಾಗ ಒಣಗಿ ಕಂದಾಗುತ್ತದೆ. ಹಣ್ಣು ಬೆಳೆಯುವುದಿಲ್ಲ. ಬೇಸಿಗೆಯಲ್ಲಿ ಗಿಡಕ್ಕೆ ಸರಿಯಾಗಿ ನೀರು ಗೊಬ್ಬರ ಕೊಟ್ಟು ಎಲೆಗಳು ಹಣ್ಣಿಗೆ ನೆರಳು ನೀಡುವಂತೆ ನೋಡಿಕೊಳ್ಳಿ. ಕಾಂಡಕ್ಕೆ ಸುಣ್ಣ ಬಳಿಯಿರಿ. ವಿಪರೀತ ಬಿಸಿಲಿದ್ದರೆ ಹಣ್ಣಿಗೆ ಕಾಗದದ ಚೀಲ ಹಾಕಿ.,ದೈಹಿಕ ಅಸ್ವಸ್ಥತೆ
ಅಂಜೂರ,ಬಿಸಿಲು ಆಘಾತ / ಸುಡುಗಾಯ  (ಭೌತಿಕ ಸಮಸ್ಯೆ),ಎಲೆಗಳ ಜೊತೆಗೆ ಹಣ್ಣಿನ ಮೇಲೂ ಕೆಂಪು ಬಣ್ಣದ ತುಕ್ಕು ಕಲೆಗಳು ಬರುತ್ತವೆ. ಹಣ್ಣು ಬೇಗನೆ ಹಣ್ಣಾಗಿ ಉದುರುತ್ತದೆ. ಬಿದ್ದ ಎಲೆಗಳನ್ನು ಸುಟ್ಟುಹಾಕಿ. 1 ಲೀಟರ್ ನೀರಿಗೆ 2 ಗ್ರಾಂ ಕರಗುವ ಗಂಧಕ ಅಥವಾ 1 ಮಿ.ಲೀ ಟೆಬುಕ್ಯಾನಜೋಲ್ ಸಿಂಪಡಿಸಿ. ಎಲೆಗಳ ಮೇಲಿನ ರೋಗ ತಡೆದರೆ ಹಣ್ಣು ಸುರಕ್ಷಿತವಾಗಿರುತ್ತದೆ.,ಬಿಸಿಲು ಆಘಾತ (ಸನ್ ಸ್ಕಾಲ್ಡ್)
ದ್ರಾಕ್ಷಿ,ತುಕ್ಕು ರೋಗ  (ಶಿಲೀಂಧ್ರ ರೋಗ),ರೋಗ ಬಂದ ಬಳ್ಳಿ ಮತ್ತು ಒಣಗಿದ ಕಾಯಿಗಳನ್ನು ಕತ್ತರಿಸಿ ಸುಟ್ಟುಹಾಕಿ. ಕತ್ತರಿಸಿದ ಜಾಗಕ್ಕೆ ಬೋರ್ಡೋ ಪೇಸ್ಟ್ ಹಚ್ಚಿ. ಕಾಯಿ ಕಟ್ಟುವಾಗ 1 ಲೀಟರ್ ನೀರಿಗೆ 1 ಗ್ರಾಂ ಕಾರ್ಬೆಂಡಾಜಿಮ್ ಅಥವಾ 3 ಗ್ರಾಂ ಕಾಪರ್ ಆಕ್ಸಿಕ್ಲೋರೈಡ್ ಸಿಂಪಡಿಸಿ. ಮಳೆ ಹೆಚ್ಚಿದ್ದರೆ ಔಷಧ ಹಣ್ಣಿಗೆ ಅಂಟಿಕೊಳ್ಳಲು ಅಂಟು (Sticker) ಬಳಸಿ.,ಪಕ್ಸಿನಿಯಾ ಪ್ರಭೇದ
ದ್ರಾಕ್ಷಿ,ಆಂಥ್ರಾಕ್ನೋಸ್ / ಹಕ್ಕಿ ಕಣ್ಣು ರೋಗ  (ಶಿಲೀಂಧ್ರ ರೋಗ),"ಗೊಂಚಲುಗಳ ಸುತ್ತಲಿನ ಹೆಚ್ಚುವರಿ ಎಲೆಗಳನ್ನು ತೆಗೆದು ಗಾಳಿ ಬೆಳಕು ಬೀಳುವಂತೆ ಮಾಡಿ. ಕಾಯಿ ಬರುವಾಗ ಮಳೆಯಾದರೆ ತಕ್ಷಣ ಮೆಟಾಲಾಕ್ಸಿಲ್ ಮತ್ತು ಮ್ಯಾಂಕೋಜೆಬ್ ಮಿಶ್ರಣ (2 ಗ್ರಾಂ/ಲೀಟರ್) ಸಿಂಪಡಿಸಿ. ತೋಟದಲ್ಲಿ ನೀರು ನಿಲ್ಲದಂತೆ ನೋಡಿಕೊಳ್ಳಿ, ತೇವಾಂಶವಿದ್ದರೆ ರೋಗ ಬೇಗ ಹರಡುತ್ತದೆ.",ಎಲ್ಸಿನೋ ಆಂಪೆಲಿನಾ (ಹಕ್ಕಿ ಕಣ್ಣು ರೋಗ)
ದ್ರಾಕ್ಷಿ,ದವಡೆ ರೋಗ  (ಶಿಲೀಂಧ್ರ ರೋಗ),ಬೆಳಿಗ್ಗೆ ವೇಳೆ ಎಕರೆಗೆ 20 ಕೆಜಿ ಗಂಧಕದ ಪುಡಿ ಧೂಳಿಸುವುದು ಉತ್ತಮ. ಕಾಯಿ ಮೇಲೆ ಬಿಳಿ ಪುಡಿ ಕಂಡರೆ 1 ಲೀಟರ್ ನೀರಿಗೆ 2 ಗ್ರಾಂ ಕರಗುವ ಗಂಧಕ ಅಥವಾ ಪೆನ್ಕೋನಜೋಲ್ ಸಿಂಪಡಿಸಿ. ಗೊಂಚಲಿಗೆ ಬಿಸಿಲು ಬೀಳುವಂತೆ ಮಾಡಿದರೆ ನೈಸರ್ಗಿಕವಾಗಿ ರೋಗ ಕಡಿಮೆಯಾಗುತ್ತದೆ.,ಪ್ಲಾಸ್ಮೋಪಾರಾ ವಿಟಿಕೋಲಾ (ದವಡೆ ರೋಗ)
ದ್ರಾಕ್ಷಿ,ಬೂದಿ ರೋಗ / ಕಾಯಿ ಒಡೆಯುವಿಕೆ  (ಶಿಲೀಂಧ್ರ ರೋಗ),ಕಾಯಿ ಕಟ್ಟಿದ ಮೇಲೆ ಗೊಂಚಲಿನಲ್ಲಿರುವ ಒಣ ಹೂವಿನ ಕಸವನ್ನು ತೆಗೆಯಿರಿ. ಅತಿಯಾದ ಸಾರಜನಕ ಗೊಬ್ಬರ ಬಳಸಬೇಡಿ. ಗೊಂಚಲು ಮುಚ್ಚುವ ಮುನ್ನ ಮತ್ತು ಹಣ್ಣಾಗುವ ಆರಂಭದಲ್ಲಿ ಫೆನ್ಹೆಕ್ಸಾಮಿಡ್ ಅಥವಾ ಇಪ್ರೊಡಿಯೋನ್ ಸಿಂಪಡಿಸಿ. ಕೊಯ್ಲು ಮಾಡುವಾಗ ಗೊಂಚಲಿಗೆ ಗಾಯವಾಗದಂತೆ ಎಚ್ಚರವಹಿಸಿ.,ಅನ್ಸಿನ್ಯುಲಾ ನೆಕಾಟರ್ (ಬೂದಿ ರೋಗ)
ದ್ರಾಕ್ಷಿ,ಬೂದು ಬೂಷ್ಟು  (ಶಿಲೀಂಧ್ರ ರೋಗ),"ಬಳ್ಳಿಯಲ್ಲಿ ಅಥವಾ ನೆಲದ ಮೇಲಿರುವ ಕಪ್ಪಾದ, ಒಣಗಿದ ಕಾಯಿಗಳನ್ನು (ಮಮ್ಮಿ) ಸಂಗ್ರಹಿಸಿ ಸುಟ್ಟುಹಾಕಿ. ಚಿಗುರು ಬಂದಾಗಿನಿಂದ ಕಾಯಿ ಬಣ್ಣ ಬದಲಾಗುವವರೆಗೆ 1 ಲೀಟರ್ ನೀರಿಗೆ 2 ಗ್ರಾಂ ಮ್ಯಾಂಕೋಜೆಬ್ ಅಥವಾ ಮೈಕ್ಲೋಬ್ಯುಟಾನಿಲ್ ಸಿಂಪಡಿಸಿ. ತೋಟದಲ್ಲಿ ಕಳೆ ಇಲ್ಲದಂತೆ ನೋಡಿಕೊಳ್ಳಿ.",ಬೊಟ್ರೈಟಿಸ್ ಸಿನೆರಿಯಾ
ದ್ರಾಕ್ಷಿ,ಕಪ್ಪು ಕೊಳೆತ / ಮಮ್ಮಿ ಬೆರ್ರಿ  (ಶಿಲೀಂಧ್ರ ರೋಗ),"ಇದು ಹಣ್ಣು ನೊಣಗಳಿಂದ ಹರಡುತ್ತದೆ. ಬಲೆಗಳನ್ನು ಬಳಸಿ ನೊಣ ಹಿಡಿಯಿರಿ ಅಥವಾ ಸುರಕ್ಷಿತ ಕೀಟನಾಶಕ ಬಳಸಿ. ಕಾಯಿ ಒಡೆಯದಂತೆ ನಿಯಮಿತವಾಗಿ ನೀರು ಕೊಡಿ. ಕೊಳೆತ ಗೊಂಚಲುಗಳನ್ನು ತಕ್ಷಣ ತೆಗೆಯಿರಿ, ಇಲ್ಲದಿದ್ದರೆ ವಾಸನೆಗೆ ಹೆಚ್ಚು ನೊಣಗಳು ಬರುತ್ತವೆ.",ಮೊನಿಲಿನಿ ವ್ಯಾಕ್ಸಿನಿ-ಕೋರಿಂಬೋಸಿ
ದ್ರಾಕ್ಷಿ,ಹುಳಿ ಕೊಳೆತ  (ನೊಣದ ಬಾಧೆ),ಇದು ಕೊಯ್ಲಿನ ನಂತರ ಬರುತ್ತದೆ. ಗೊಂಚಲನ್ನು ಮೃದುವಾಗಿ ನಿರ್ವಹಿಸಿ. ಕೊಯ್ಲು ಮಾಡಿದ ತಕ್ಷಣ ದ್ರಾಕ್ಷಿಯನ್ನು ತಂಪು ಮಾಡಿ. ಬಾಕ್ಸ್ ನಲ್ಲಿ ಪ್ಯಾಕ್ ಮಾಡುವಾಗ ಸಲ್ಫರ್ ಡೈಆಕ್ಸೈಡ್ ಹಾಳೆಗಳನ್ನು (Grape guards) ಇಟ್ಟರೆ ಬೂಷ್ಟು ಬರುವುದಿಲ್ಲ.,ಹುಳಿ ಕೊಳೆತ (ಡ್ರೊಸೊಫಿಲಾ ಪ್ರಭೇದ)
ದ್ರಾಕ್ಷಿ,ನೀಲಿ ಬೂಷ್ಟು / ಶೇಖರಣಾ ಕೊಳೆತ  (ಶಿಲೀಂಧ್ರ ರೋಗ),"ಹಣ್ಣಿನ ಸಿಪ್ಪೆ ಒಡೆಯದಂತೆ ನೋಡಿಕೊಳ್ಳಿ, ಗಾಯವಾದರೆ ಮಾತ್ರ ಈ ರೋಗ ಬರುತ್ತದೆ. ದ್ರಾಕ್ಷಿಯನ್ನು ತಂಪಾದ ಒಣ ಜಾಗದಲ್ಲಿಡಿ. ಪ್ಯಾಕ್ ಮಾಡುವ ಜಾಗದಲ್ಲಿ ಗಾಳಿ ಆಡುತ್ತಿರಲಿ. ನೈರ್ಮಲ್ಯ ಕಾಪಾಡುವುದು ಮತ್ತು ಹಣ್ಣನ್ನು ಬೇಗ ತಂಪು ಮಾಡುವುದೇ ಇದಕ್ಕೆ ಮದ್ದು.",ಪೆನಿಸಿಲಿಯಮ್ ಎಕ್ಸ್‌ಪಾನ್ಸಮ್
ಸೀಬೆಹಣ್ಣು,ಮೃದು ಕೊಳೆತ  (ಶಿಲೀಂಧ್ರ ರೋಗ),ಬಿದ್ದ ಮತ್ತು ಕೊಳೆತ ಹಣ್ಣುಗಳನ್ನು ಮಣ್ಣಿನಲ್ಲಿ ಹೂತುಹಾಕಿ. ಒಣಗಿದ ರೋಗಪೀಡಿತ ಕೊಂಬೆಗಳನ್ನು ಕತ್ತರಿಸಿ. ಮಳೆಗಾಲದ ಆರಂಭದಲ್ಲಿ ಮತ್ತು ಕಾಯಿ ಬೆಳೆಯುವಾಗ 1 ಲೀಟರ್ ನೀರಿಗೆ 3 ಗ್ರಾಂ ಕಾಪರ್ ಆಕ್ಸಿಕ್ಲೋರೈಡ್ ಅಥವಾ 2 ಗ್ರಾಂ ಮ್ಯಾಂಕೋಜೆಬ್ ಸಿಂಪಡಿಸಿ. ಗಾಯವಾದ ಹಣ್ಣುಗಳನ್ನು ಪ್ಯಾಕ್ ಮಾಡಬೇಡಿ.,ರೈಜೋಪಸ್ ಸ್ಟೋಲೋನಿಫರ್ / ಪೆನಿಸಿಲಿಯಮ್ ಪ್ರಭೇದ
ಸೀಬೆಹಣ್ಣು,ಆಂಥ್ರಾಕ್ನೋಸ್ / ಹಣ್ಣು ಕೊಳೆತ  (ಶಿಲೀಂಧ್ರ ರೋಗ),ಗಿಡದಲ್ಲಿ ಗಾಳಿ ಬೆಳಕು ಆಡಲು ಕೊಂಬೆಗಳನ್ನು ಕತ್ತರಿಸಿ. ಕಾಯಿ ಬಟಾಣಿ ಗಾತ್ರದಲ್ಲಿದ್ದಾಗ 1 ಲೀಟರ್ ನೀರಿಗೆ 3 ಗ್ರಾಂ ಕಾಪರ್ ಆಕ್ಸಿಕ್ಲೋರೈಡ್ ಅಥವಾ 2 ಗ್ರಾಂ ಜೈನೆಬ್ ಸಿಂಪಡಿಸಿ. ಕಾಯಿಯ ಮೇಲೆ ಒರಟಾದ ಚುಕ್ಕೆ ಬರದಂತೆ ತಡೆಯಲು 15 ದಿನಗಳ ಅಂತರದಲ್ಲಿ ಎರಡು ಬಾರಿ ಸಿಂಪಡಿಸಿ.,ಕೊಲೆಟೊಟ್ರೈಕಮ್ ಗ್ಲಿಯೋಸ್ಪೊರಿಯಾಯ್ಡ್ಸ್
ಸೀಬೆಹಣ್ಣು,ಕಜ್ಜಿ ರೋಗ / ಕ್ಯಾಂಕರ್  (ಶಿಲೀಂಧ್ರ ರೋಗ),ಹಣ್ಣಿನ ತಳಭಾಗದಿಂದ ಕೊಳೆಯಲು ಶುರುವಾಗುತ್ತದೆ. ತೋಟವನ್ನು ಸ್ವಚ್ಛವಾಗಿಡಿ. ಕಾಯಿ ಕಟ್ಟಿದ ತಕ್ಷಣ 1 ಲೀಟರ್ ನೀರಿಗೆ 3 ಗ್ರಾಂ ಕಾಪರ್ ಆಕ್ಸಿಕ್ಲೋರೈಡ್ ಅಥವಾ 1 ಗ್ರಾಂ ಕಾರ್ಬೆಂಡಾಜಿಮ್ ಸಿಂಪಡಿಸಿ. ಹಣ್ಣುಗಳು ಒದ್ದೆ ಮಣ್ಣಿಗೆ ತಾಗದಂತೆ ನೋಡಿಕೊಳ್ಳಿ.,ಎಲ್ಸಿನೋ ಫಾಸೆಟಿ (ಕಜ್ಜಿ) / ಝಾಂಥೋಮೋನಾಸ್ (ಕ್ಯಾಂಕರ್)
ಸೀಬೆಹಣ್ಣು,ತುದಿ ಕೊಳೆತ  (ಶಿಲೀಂಧ್ರ ರೋಗ),ಗಂಡು ನೊಣ ಹಿಡಿಯಲು ಎಕರೆಗೆ 8-10 ಮೀಥೈಲ್ ಯುಜಿನಾಲ್ ಬಲೆಗಳನ್ನು ಹಾಕಿ. ಬಿದ್ದ ಹಣ್ಣುಗಳನ್ನು ಆಳವಾಗಿ ಹೂತುಹಾಕಿ. ಹಣ್ಣಿನ ಮೇಲೆ ನೇರವಾಗಿ ಕೀಟನಾಶಕ ಸಿಂಪಡಿಸಬೇಡಿ; ಬೆಲ್ಲ ಮತ್ತು ಮಲಾಥಿಯಾನ್ ಮಿಶ್ರಣವನ್ನು ಮರದ ಕಾಂಡ ಅಥವಾ ಹಳೆ ಎಲೆಗಳ ಮೇಲೆ ಸಿಂಪಡಿಸಿ ನೊಣಗಳನ್ನು ಕೊಲ್ಲಿ.,ಲಾಸಿಯೋಡಿಪ್ಲೋಡಿಯಾ ಥಿಯೋಬ್ರೋಮೆ (ತೊಟ್ಟು ಕೊಳೆತ)
ಸೀಬೆಹಣ್ಣು,ಹಣ್ಣು ನೊಣ  (ಕೀಟ ಬಾಧೆ),ಹಣ್ಣಿನ ಮೇಲೆ ಕಡು ಹಸಿರು ಅಥವಾ ಕೆಂಪು ಬಣ್ಣದ ವೆಲ್ವೆಟ್ ಚುಕ್ಕೆಗಳು ಬರುತ್ತವೆ. ಮರಕ್ಕೆ ಸರಿಯಾದ ಗೊಬ್ಬರ ನೀಡಿ ಶಕ್ತಿ ತುಂಬಿ. ಬೇಸಿಗೆಯ ಆರಂಭದಲ್ಲಿ ಅಥವಾ ಚುಕ್ಕೆ ಕಂಡ ಕೂಡಲೇ 1 ಲೀಟರ್ ನೀರಿಗೆ 3 ಗ್ರಾಂ ಕಾಪರ್ ಆಕ್ಸಿಕ್ಲೋರೈಡ್ ಅಥವಾ 2 ಗ್ರಾಂ ಕರಗುವ ಗಂಧಕ ಸಿಂಪಡಿಸಿ.,ಬ್ಯಾಕ್ಟ್ರೋಸೆರಾ ಪ್ರಭೇದ
ಸೀಬೆಹಣ್ಣು,ಕೆಂಪು ತುಕ್ಕು / ಪಾಚಿ ರೋಗ  (ಪಾಚಿ),"ತೋಟದಲ್ಲಿ ನೀರು ನಿಲ್ಲದಂತೆ ನೋಡಿಕೊಳ್ಳಿ, ತೇವಾಂಶವಿದ್ದರೆ ರೋಗ ಬೇಗ ಹರಡುತ್ತದೆ. ಕೆಳಭಾಗದ ಕೊಂಬೆಗಳಿಗೆ ಆಸರೆ ಕೊಡಿ, ಹಣ್ಣು ನೆಲಕ್ಕೆ ತಾಗಬಾರದು. ಮಳೆಗಾಲದಲ್ಲಿ ಹಣ್ಣಿನ ಮೇಲೆ ಬಿಳಿ ಬೂಷ್ಟು ಮತ್ತು ಕಂದು ಕೊಳೆತ ಕಂಡರೆ ಮೆಟಾಲಾಕ್ಸಿಲ್ ಮತ್ತು ಮ್ಯಾಂಕೋಜೆಬ್ ಮಿಶ್ರಣ ಸಿಂಪಡಿಸಿ.",ಸೆಫಾಲ್ಯೂರೋಸ್ ವಿರೆಸೆನ್ಸ್ (ಕೆಂಪು ತುಕ್ಕು)
ಸೀಬೆಹಣ್ಣು,ಫೈಟೋಫthora ಹಣ್ಣು ಕೊಳೆತ  (ಶಿಲೀಂಧ್ರ ರೋಗ),ಹಣ್ಣಿನ ಮೇಲೆ ದೊಡ್ಡ ಕಂದು ಬಣ್ಣದ ಕಜ್ಜಿ ತರಹದ ಕಲೆಗಳಾಗುತ್ತವೆ. ರೋಗ ಬಂದ ಎಲೆ ಮತ್ತು ಹಣ್ಣುಗಳನ್ನು ಸುಟ್ಟುಹಾಕಿ. ಕಾಯಿ ಬಿಡುವಾಗ 1 ಲೀಟರ್ ನೀರಿಗೆ 2 ಗ್ರಾಂ ಮ್ಯಾಂಕೋಜೆಬ್ ಅಥವಾ 1 ಗ್ರಾಂ ಕಾರ್ಬೆಂಡಾಜಿಮ್ ಸಿಂಪಡಿಸಿ. ಮರಕ್ಕೆ ಸರಿಯಾದ ಪೋಷಕಾಂಶ ನೀಡಿದರೆ ರೋಗ ನಿರೋಧಕ ಶಕ್ತಿ ಬರುತ್ತದೆ.,ಫೈಟೊಫ್ಥೋರಾ ನಿಕೋಟಿಯಾನ / ಪಾಲ್ಮಿವೊರಾ
ರಾಸ್ಬೆರಿ,ಬೂದು ಅಂಗಮಾರಿ / ಕಜ್ಜಿ ಕೊಳೆತ  (ಶಿಲೀಂಧ್ರ ರೋಗ),ಮಾಗಿದ ಹಣ್ಣು ಮೆತ್ತಗಾಗಿ ಬೂದು ಬಣ್ಣದ ಬೂಷ್ಟು ಬೆಳೆಯುತ್ತದೆ. ಹಣ್ಣು ಮಾಗಿದ ಕೂಡಲೇ ಕೊಯ್ಲು ಮಾಡಿ. ಗಿಡದಲ್ಲಿ ಗಾಳಿ ಆಡುವಂತೆ ಕತ್ತರಿಸಿ (ಪ್ರೂನಿಂಗ್). ಕೊಯ್ಲಿನ ನಂತರ ಹಣ್ಣನ್ನು ತಕ್ಷಣ ಶೀತಲಿಕರಣ (ಫ್ರಿಡ್ಜ್) ಮಾಡಿ. ಹೂವು ಬಿಡುವಾಗ ಕ್ಯಾಪ್ಟಾನ್ ಅಥವಾ ಫೆನ್ಹೆಕ್ಸಾಮಿಡ್ ಸಿಂಪಡಿಸಿ. ಕೊಯ್ಲಿಗೆ ಹತ್ತಿರವಿದ್ದಾಗ ಸಿಂಪಡಿಸಬೇಡಿ.,ಪೆಸ್ಟಾಲೋಟಿಯೊಪ್ಸಿಸ್ ಪ್ರಭೇದ (ಬೂದು ಅಂಗಮಾರಿ)
ರಾಸ್ಬೆರಿ,ಬೂದು ಬೂಷ್ಟು / ಹಣ್ಣು ಕೊಳೆತ  (ಶಿಲೀಂಧ್ರ ರೋಗ),ಹಣ್ಣಿನ ಮೇಲೆ ನೇರಳೆ ಚುಕ್ಕೆಗಳು ಬಂದು ಬೀಜಗಳು ಕಂದಾಗಿ ಒಣಗುತ್ತವೆ. ಹಣ್ಣು ಗಟ್ಟಿಯಾಗಿ ಆಕಾರ ಕಳೆದುಕೊಳ್ಳುತ್ತದೆ. ಕೊಯ್ಲಿನ ನಂತರ ಹಳೆಯ ಮತ್ತು ಒಣಗಿದ ಕೊಂಬೆಗಳನ್ನು ಕತ್ತರಿಸಿ ಸುಟ್ಟುಹಾಕಿ. ಚಳಿಗಾಲದಲ್ಲಿ ಲೈಮ್ ಸಲ್ಫರ್ ಸಿಂಪಡಿಸಿ. ಹೊಸ ಚಿಗುರು ಬರುವಾಗ 1 ಲೀಟರ್ ನೀರಿಗೆ 2 ಗ್ರಾಂ ಕ್ಯಾಪ್ಟಾನ್ ಅಥವಾ ಮ್ಯಾಂಕೋಜೆಬ್ ಸಿಂಪಡಿಸಿ.,ಬೊಟ್ರೈಟಿಸ್ ಸಿನೆರಿಯಾ
ರಾಸ್ಬೆರಿ,ಆಂಥ್ರಾಕ್ನೋಸ್ / ಕುಗ್ಗಿದ ಹಣ್ಣು  (ಶಿಲೀಂಧ್ರ ರೋಗ),"ಹಣ್ಣಿನ ಮೇಲೆ ಹಳದಿ-ಕಿತ್ತಳೆ ಬಣ್ಣದ ಪುಡಿ ಆವರಿಸಿ ಹಣ್ಣು ಧೂಳಿನಿಂದ ತುಂಬಿದಂತಾಗುತ್ತದೆ. ಬಿದ್ದ ಎಲೆ ಮತ್ತು ಹಳೆಯ ಕೊಂಬೆಗಳನ್ನು ಸುಟ್ಟುಹಾಕಿ. ಕಳೆ ಇಲ್ಲದಂತೆ ನೋಡಿಕೊಳ್ಳಿ. ಹೂವು ಅರಳುವ ಮುನ್ನ 1 ಲೀಟರ್ ನೀರಿಗೆ 2 ಗ್ರಾಂ ಕರಗುವ ಗಂಧಕ ಸಿಂಪಡಿಸಿ. ಬಿಸಿಲು ಹೆಚ್ಚಿದ್ದರೆ ಗಂಧಕ ಬಳಸಬೇಡಿ, ಹಣ್ಣು ಸುಡಬಹುದು.",ಕೊಲೆಟೊಟ್ರೈಕಮ್ ಗ್ಲಿಯೋಸ್ಪೊರಿಯಾಯ್ಡ್ಸ್ (ವಿದರ್ ಟಿಪ್)
ರಾಸ್ಬೆರಿ,ಎಲೆ ತುಕ್ಕು ರೋಗ  (ಶಿಲೀಂಧ್ರ ರೋಗ),ಬಿಸಿಲು ಬೀಳುವ ಕಡೆ ಹಣ್ಣಿನ ಬೀಜಗಳು ಬಿಳಿಯಾಗಿ ಮೆತ್ತಗಾಗುತ್ತವೆ. ಇದು ರೋಗವಲ್ಲ. ಗಿಡದಲ್ಲಿ ಎಲೆಗಳು ಹಣ್ಣಿಗೆ ನೆರಳು ನೀಡುವಂತೆ ನೋಡಿಕೊಳ್ಳಿ. ಗಿಡ ತಂಪಾಗಿರಲು ನೀರು ಕೊಡಿ. ಬೇಸಿಗೆಯಲ್ಲಿ ಮಧ್ಯಾಹ್ನ ನೆರಳು ಪರದೆ ಬಳಸುವುದು ಉತ್ತಮ.,ಪಕ್ಸಿನಿಯಾ ಪ್ರಭೇದ
ರಾಸ್ಬೆರಿ,ಬಿಸಿಲು ಆಘಾತ / ಬಿಳಿ ಬೀಜ  (ಭೌತಿಕ ಸಮಸ್ಯೆ),ಹಣ್ಣು ಕೀಳುವಾಗ ಪುಡಿ ಪುಡಿಯಾಗಿ ಉದುರುತ್ತದೆ. ಇದು ವೈರಸ್ ಅಥವಾ ಸರಿಯಾದ ಪರಾಗಸ್ಪರ್ಶ ಇಲ್ಲದಿದ್ದರೆ ಆಗುತ್ತದೆ. ವೈರಸ್ ಗೆ ಔಷಧವಿಲ್ಲ. ನಾಟಿಗೆ ಮುನ್ನ ಮಣ್ಣು ಪರೀಕ್ಷಿಸಿ ಮತ್ತು ವೈರಸ್ ರಹಿತ ಸಸಿ ಬಳಸಿ. ಪರಾಗಸ್ಪರ್ಶಕ್ಕೆ ಜೇನುನೊಣಗಳು ಇರುವಂತೆ ನೋಡಿಕೊಳ್ಳಿ.,ಬಿಸಿಲು ಆಘಾತ / ಬಿಳಿ ಬೀಜ ಸಮಸ್ಯೆ
ರಾಸ್ಬೆರಿ,ಹಣ್ಣು ಉದುರುವಿಕೆ / ಕ್ರಂಬ್ಲಿ ಬೆರ್ರಿ  (ವೈರಸ್/ಪರಾಗಸ್ಪರ್ಶ),ಹಳದಿ-ಬಿಳಿ ಬಣ್ಣದ ಹುಳು ಹಣ್ಣಿನ ಒಳಗೆ ರಂಧ್ರ ಮಾಡಿ ತಿನ್ನುತ್ತದೆ. ಮೊಗ್ಗುಗಳ ಮೇಲೆ ಜೀರುಂಡೆ ಕಂಡರೆ ಕೈಯಿಂದ ಹಿಡಿದು ನಾಶಪಡಿಸಿ. ಹೂವು ಅರಳುವ ಮುನ್ನ 1 ಲೀಟರ್ ನೀರಿಗೆ 0.3 ಮಿ.ಲೀ ಸ್ಪಿನೋಸ್ಯಾಡ್ ಅಥವಾ 2 ಗ್ರಾಂ ಕಾರ್ಬರಿಲ್ ಸಿಂಪಡಿಸಿ.,ರಾಸ್ಪ್‌ಬೆರಿ ಬುಷಿ ಡ್ವಾರ್ಫ್ ವೈರಸ್ / ಕಳಪೆ ಪರಾಗಸ್ಪರ್ಶ
ಹಲಸಿನ ಹಣ್ಣು,ಹಣ್ಣು ತಿನ್ನುವ ಹುಳು  (ಕೀಟ ಬಾಧೆ),ಎಳೆ ಕಾಯಿಗಳು ಮೆತ್ತಗಾಗಿ ಕೊಳೆತು ಕಪ್ಪಾಗಿ ಉದುರುತ್ತವೆ. ಬಿದ್ದ ಮತ್ತು ಕೊಳೆತ ಕಾಯಿಗಳನ್ನು ಮಣ್ಣಿನಲ್ಲಿ ಹೂತುಹಾಕಿ. ಕಾಯಿ ಎಳೆಯದಿದ್ದಾಗ 1 ಲೀಟರ್ ನೀರಿಗೆ 2.5 ಗ್ರಾಂ ಮ್ಯಾಂಕೋಜೆಬ್ ಅಥವಾ 3 ಗ್ರಾಂ ಕಾಪರ್ ಆಕ್ಸಿಕ್ಲೋರೈಡ್ ಸಿಂಪಡಿಸಿ. ಎಳೆ ಕಾಯಿಗೆ ಪ್ಲಾಸ್ಟಿಕ್ ಚೀಲ ಹೊದಿಸುವುದು ಉತ್ತಮ.,ಹೆಲಿಕೋವರ್ಪಾ ಆರ್ಮಿಜೆರಾ
ಹಲಸಿನ ಹಣ್ಣು,ಮೃದು ಕೊಳೆತ / ರೈಜೋಪಸ್ ರಾಟ್  (ಶಿಲೀಂಧ್ರ ರೋಗ),ಹಣ್ಣಿನ ಮೇಲೆ ಕಡು ಕಂದು ಚುಕ್ಕೆಗಳು ಬಂದು ಸಿಪ್ಪೆ ಕೊಳೆಯುತ್ತದೆ. ಒಣಗಿದ ಕೊಂಬೆಗಳನ್ನು ಕತ್ತರಿಸಿ ಗಾಳಿ ಆಡುವಂತೆ ಮಾಡಿ. ಕಾಯಿ ಕಟ್ಟುವಾಗ 1 ಲೀಟರ್ ನೀರಿಗೆ 1 ಗ್ರಾಂ ಕಾರ್ಬೆಂಡಾಜಿಮ್ ಅಥವಾ 3 ಗ್ರಾಂ ಕಾಪರ್ ಆಕ್ಸಿಕ್ಲೋರೈಡ್ ಸಿಂಪಡಿಸಿ. ತೋಟ ಸ್ವಚ್ಛವಾಗಿಡಿ.,ರೈಜೋಪಸ್ ಸ್ಟೋಲೋನಿಫರ್
ಹಲಸಿನ ಹಣ್ಣು,ಆಂಥ್ರಾಕ್ನೋಸ್ / ಕಂದು ಚುಕ್ಕೆ  (ಶಿಲೀಂಧ್ರ ರೋಗ),ಕೊಂಬೆ ಮತ್ತು ತೊಟ್ಟಿನ ಮೇಲೆ ಗುಲಾಬಿ ಬಣ್ಣದ ಪದರ ಬೆಳೆದು ಕಾಯಿ ಒಣಗುತ್ತದೆ. ರೋಗ ಬಂದ ಕೊಂಬೆ ಕತ್ತರಿಸಿ ಸುಟ್ಟುಹಾಕಿ. ಕತ್ತರಿಸಿದ ಜಾಗಕ್ಕೆ ಬೋರ್ಡೋ ಪೇಸ್ಟ್ ಹಚ್ಚಿ. ಮಳೆಗೂ ಮುನ್ನ ಮತ್ತು ನಂತರ 1 ಲೀಟರ್ ನೀರಿಗೆ 3 ಗ್ರಾಂ ಕಾಪರ್ ಆಕ್ಸಿಕ್ಲೋರೈಡ್ ಸಿಂಪಡಿಸಿ.,ಕೊಲೆಟೊಟ್ರೈಕಮ್ ಪ್ರಭೇದ
ಹಲಸಿನ ಹಣ್ಣು,ಪಿಂಕ್ ರೋಗ / ತೊಟ್ಟು ಕೊಳೆತ  (ಶಿಲೀಂಧ್ರ ರೋಗ),ಹಣ್ಣಿನ ಸಿಪ್ಪೆ ತಾಮ್ರದ ಬಣ್ಣಕ್ಕೆ ತಿರುಗಿ ಒಳಗಿನ ತಿರುಳು ಗಟ್ಟಿಯಾಗುತ್ತದೆ. ಪೊಟ್ಯಾಷ್ ಗೊಬ್ಬರ ನೀಡಿ. ಬ್ಯಾಕ್ಟೀರಿಯಾ ಸೋಂಕಿದ್ದರೆ 1 ಲೀಟರ್ ನೀರಿಗೆ 3 ಗ್ರಾಂ ಕಾಪರ್ ಆಕ್ಸಿಕ್ಲೋರೈಡ್ ಸಿಂಪಡಿಸಿ. ಕಾಯಿ ಬೆಳೆಯುವಾಗ ನೀರಿನ ಕೊರತೆಯಾಗದಂತೆ ನೋಡಿಕೊಳ್ಳಿ.,ಫೈಟೊಫ್ಥೋರಾ ಪ್ರಭೇದ (ಪಿಂಕ್ ರಾಟ್)
ಹಲಸಿನ ಹಣ್ಣು,ಕಂಚು ಬಣ್ಣ / ಕೆಂಪು ಬಣ್ಣ  (ಬ್ಯಾಕ್ಟೀರಿಯಾ/ಪೋಷಕಾಂಶ),"ಹುಳು ಕಾಯಿ, ಮೊಗ್ಗು ಮತ್ತು ಕಾಂಡವನ್ನು ಕೊರೆಯುತ್ತದೆ. ರಂಧ್ರದಿಂದ ತ್ಯಾಜ್ಯ ಹೊರಬರುತ್ತದೆ. ಹಾಳಾದ ಕಾಯಿ ಮತ್ತು ಮೊಗ್ಗುಗಳನ್ನು ಸುಟ್ಟುಹಾಕಿ. ಹೂವು ಮತ್ತು ಕಾಯಿ ಬಿಡುವಾಗ 1 ಲೀಟರ್ ನೀರಿಗೆ 2 ಗ್ರಾಂ ಕಾರ್ಬರಿಲ್ ಅಥವಾ 5 ಮಿ.ಲೀ ಬೇವಿನ ಎಣ್ಣೆ ಸಿಂಪಡಿಸಿ. ಕಾಯಿಗೆ ಚೀಲ ಹಾಕುವುದು ಒಳ್ಳೆಯದು.",ಬ್ರಾಂಜಿಂಗ್ (ನುಸಿ ಹಾನಿ / ಪೋಷಕಾಂಶ)
ಹಲಸಿನ ಹಣ್ಣು,ಕಾಯಿಕೊರಕ ಹುಳು  (ಕೀಟ ಬಾಧೆ),ಕೊಂಬೆ ಮತ್ತು ಹಣ್ಣಿನ ತೊಟ್ಟು ತುದಿಯಿಂದ ಒಣಗುತ್ತದೆ. ಒಣಗಿದ ಭಾಗವನ್ನು ಕತ್ತರಿಸಿ ಬೋರ್ಡೋ ಪೇಸ್ಟ್ ಹಚ್ಚಿ. ಉಳಿದ ಹಣ್ಣು ರಕ್ಷಿಸಲು 1 ಲೀಟರ್ ನೀರಿಗೆ 1 ಗ್ರಾಂ ಥಿಯೋಫನೇಟ್ ಮೀಥೈಲ್ ಅಥವಾ ಕಾರ್ಬೆಂಡಾಜಿಮ್ ಸಿಂಪಡಿಸಿ.,ಹೆಲಿಕೋವರ್ಪಾ / ಇರಿಯಾಸ್ ಪ್ರಭೇದ
ನಿಂಬೆ,ತುದಿ ಒಣಗುವಿಕೆ / ಡೈಬ್ಯಾಕ್  (ಶಿಲೀಂಧ್ರ ರೋಗ),ಹಣ್ಣಿನ ಮೇಲೆ ಕಂದು ಬಣ್ಣದ ಒರಟು ಬೊಕ್ಕೆಗಳು ಬರುತ್ತವೆ. ರೋಗ ಬಂದ ಕೊಂಬೆಗಳನ್ನು ಕತ್ತರಿಸಿ ಸುಟ್ಟುಹಾಕಿ. ಮಳೆಗಾಲದಲ್ಲಿ 10 ಲೀಟರ್ ನೀರಿಗೆ 1 ಗ್ರಾಂ ಸ್ಟ್ರೆಪ್ಟೋಸೈಕ್ಲಿನ್ ಮತ್ತು 10 ಗ್ರಾಂ ಕಾಪರ್ ಆಕ್ಸಿಕ್ಲೋರೈಡ್ ಬೆರೆಸಿ 20 ದಿನಗಳ ಅಂತರದಲ್ಲಿ 3 ಬಾರಿ ಸಿಂಪಡಿಸಿ. ತೋಟದ ಸುತ್ತಲು ಗಾಳಿ ತಡೆ ಮರಗಳನ್ನು ಬೆಳೆಸಿ.,ಲಾಸಿಯೋಡಿಪ್ಲೋಡಿಯಾ ಥಿಯೋಬ್ರೋಮೆ
ನಿಂಬೆ,ಸಿಟ್ರಸ್ ಕ್ಯಾಂಕರ್  (ಬ್ಯಾಕ್ಟೀರಿಯಾ ರೋಗ),ಹಣ್ಣಿನ ಮೇಲೆ ಒರಟಾದ ನಾಯಿಕೊಡೆಯಂತಹ ಕಜ್ಜಿ ಬೆಳೆಯುತ್ತದೆ. ಸೋಂಕಿತ ಭಾಗವನ್ನು ಕತ್ತರಿಸಿ. ಹೊಸ ಚಿಗುರು ಮತ್ತು ಹೂವು ಬಂದಾಗ ಮತ್ತು ಕಾಯಿ ಬಟಾಣಿ ಗಾತ್ರದಲ್ಲಿದ್ದಾಗ 1 ಲೀಟರ್ ನೀರಿಗೆ 3 ಗ್ರಾಂ ಕಾಪರ್ ಆಕ್ಸಿಕ್ಲೋರೈಡ್ ಅಥವಾ 1 ಗ್ರಾಂ ಕಾರ್ಬೆಂಡಾಜಿಮ್ ಸಿಂಪಡಿಸಿ.,ಝಾಂಥೋಮೋನಾಸ್ ಸಿಟ್ರಿ subsp. ಸಿಟ್ರಿ
ನಿಂಬೆ,ಸಿಟ್ರಸ್ ಸ್ಕ್ಯಾಬ್ / ಕಜ್ಜಿ ರೋಗ  (ಶಿಲೀಂಧ್ರ ರೋಗ),ನೆಲದ ಹತ್ತಿರವಿರುವ ಕಾಯಿಗಳು ಕಂದಾಗಿ ಕೊಳೆತು ವಾಸನೆ ಬರುತ್ತವೆ. ತೋಟದಲ್ಲಿ ನೀರು ನಿಲ್ಲದಂತೆ ಮಾಡಿ. ಕಾಂಡಕ್ಕೆ ಬೋರ್ಡೋ ಪೇಸ್ಟ್ ಹಚ್ಚಿ. ಮಳೆಗಾಲದಲ್ಲಿ ಗಿಡ ಮತ್ತು ಮಣ್ಣಿಗೆ ಮೆಟಾಲಾಕ್ಸಿಲ್ ಸಿಂಪಡಿಸಿ.,ಎಲ್ಸಿನೋ ಫಾಸೆಟಿ
ನಿಂಬೆ,ಅಂಟು ರೋಗ / ಕಂದು ಕೊಳೆತ  (ಶಿಲೀಂಧ್ರ ರೋಗ),ಹಣ್ಣಿನ ಮೇಲೆ ಕಂದು ಒಣ ಚುಕ್ಕೆಗಳು ಬರುತ್ತವೆ. ಒಣಗಿದ ಕೊಂಬೆಗಳನ್ನು ತೆಗೆಯಿರಿ. ಹೂವು ಬಿಡುವಾಗ ಮತ್ತು ಕಾಯಿ ಬೆಳೆಯುವಾಗ 1 ಲೀಟರ್ ನೀರಿಗೆ 1 ಗ್ರಾಂ ಕಾರ್ಬೆಂಡಾಜಿಮ್ ಅಥವಾ 2 ಗ್ರಾಂ ಮ್ಯಾಂಕೋಜೆಬ್ ಸಿಂಪಡಿಸಿ.,ಫೈಟೊಫ್ಥೋರಾ ಪ್ರಭೇದ (ಗಮ್ಮೋಸಿಸ್)
ನಿಂಬೆ,ಆಂಥ್ರಾಕ್ನೋಸ್ / ಹಣ್ಣು ಕೊಳೆತ  (ಶಿಲೀಂಧ್ರ ರೋಗ),"ಇದು ಶೇಖರಣೆಯಲ್ಲಿ ಬರುತ್ತದೆ. ಗಾಯವಾದ ಜಾಗದಿಂದ ಬೂಷ್ಟು ಬೆಳೆಯುತ್ತದೆ. ಕೊಯ್ಲು ಮಾಡುವಾಗ ಕಾಯಿಯನ್ನು ಎಳೆಯಬೇಡಿ, ಕತ್ತರಿಸಿ. ಪ್ಯಾಕ್ ಮಾಡುವ ಮುನ್ನ ಕ್ಲೋರಿನ್ ನೀರಿನಲ್ಲಿ ತೊಳೆಯಿರಿ ಅಥವಾ ಕಾರ್ಬೆಂಡಾಜಿಮ್ ದ್ರಾವಣದಲ್ಲಿ ಅದ್ದಿ.",ಕೊಲೆಟೊಟ್ರೈಕಮ್ ಗ್ಲಿಯೋಸ್ಪೊರಿಯಾಯ್ಡ್ಸ್
ನಿಂಬೆ,ಹಸಿರು / ನೀಲಿ ಬೂಷ್ಟು  (ಶೇಖರಣಾ ರೋಗ),"ನೀರಿನ ಏರುಪೇರು ಅಥವಾ ಬೋರಾನ್ ಕೊರತೆಯಿಂದ ಸಿಪ್ಪೆ ಒಡೆಯುತ್ತದೆ. ಮಣ್ಣು ಪೂರ್ತಿ ಒಣಗಲು ಬಿಡಬೇಡಿ, ನಿಯಮಿತವಾಗಿ ನೀರು ಕೊಡಿ. ಕಾಯಿ ಬಟಾಣಿ ಗಾತ್ರದಲ್ಲಿದ್ದಾಗ 1 ಲೀಟರ್ ನೀರಿಗೆ 4 ಗ್ರಾಂ ಬೊರಾಕ್ಸ್ ಅಥವಾ 2 ಗ್ರಾಂ ಕ್ಯಾಲ್ಸಿಯಂ ನೈಟ್ರೇಟ್ ಸಿಂಪಡಿಸಿ.",ಪೆನಿಸಿಲಿಯಮ್ ಡಿಜಿಟಾಟಮ್ / ಪೆನಿಸಿಲಿಯಮ್ ಇಟಾಲಿಕಮ್
ನಿಂಬೆ,ಕಾಯಿ ಒಡೆಯುವುದು  (ಭೌತಿಕ ಸಮಸ್ಯೆ),ಕೀಟಗಳ ಬಾಧೆಯಿಂದ ಕಾಯಿಯ ಮೇಲೆ ಕಪ್ಪು ಮಸಿ ಆವರಿಸುತ್ತದೆ. ಕೀಟ ನಿಯಂತ್ರಿಸಲು 1 ಲೀಟರ್ ನೀರಿಗೆ 2 ಮಿ.ಲೀ ಡೈಮೆಥೋಯೇಟ್ ಅಥವಾ 5 ಮಿ.ಲೀ ಬೇವಿನ ಎಣ್ಣೆ ಸಿಂಪಡಿಸಿ. ಮಸಿ ಹೋಗಲಾಡಿಸಲು ಶೇ. 2 ರ ಗಂಜಿ (Starch) ದ್ರಾವಣ ಸಿಂಪಡಿಸಿ.,ದೈಹಿಕ ಅಸ್ವಸ್ಥತೆ (ಹಣ್ಣು ಒಡೆಯುವುದು)
ನಿಂಬೆ,ಮಸಿ ರೋಗ  (ಕೀಟ ಬಾಧೆ),"ಬಿಸಿಲ ಬೇಗೆಗೆ ಕಾಯಿಯ ತುದಿ ಕಂದಾಗಿ ಕೊಳೆಯುತ್ತದೆ. ಬೇಸಿಗೆಯಲ್ಲಿ ಗಿಡಕ್ಕೆ ಆಳವಾಗಿ ನೀರು ಕೊಡಿ. ಕಾಯಿ ಬೆಳೆಯುವಾಗ ಸಾರಜನಕ ಗೊಬ್ಬರ ಕಡಿಮೆ ಮಾಡಿ. ಕೆಲವು ತಳಿಗಳಲ್ಲಿ ಅಲ್ಪ ಪ್ರಮಾಣದ 2,4-D ಸಿಂಪಡಿಸುವುದು ಇದನ್ನು ತಡೆಯುತ್ತದೆ.",ಕ್ಯಾಪ್ನೋಡಿಯಮ್ ಸಿಟ್ರಿ (ಮಸಿ ರೋಗ)
ಮಾವಿನ ಹಣ್ಣು,ತುದಿ ಕೊಳೆತ / ಸ್ಟೈಲರ್ ಎಂಡ್ ರಾಟ್  (ಭೌತಿಕ ಸಮಸ್ಯೆ),ಬಿದ್ದ ಮತ್ತು ಕೊಳೆತ ಹಣ್ಣುಗಳನ್ನು ಸುಟ್ಟುಹಾಕಿ. ಹೂವು ಮತ್ತು ಕಾಯಿ ಬಂದಾಗ 1 ಲೀಟರ್ ನೀರಿಗೆ 1 ಗ್ರಾಂ ಕಾರ್ಬೆಂಡಾಜಿಮ್ ಅಥವಾ 2 ಗ್ರಾಂ ಮ್ಯಾಂಕೋಜೆಬ್ ಸಿಂಪಡಿಸಿ. ಕೊಯ್ಲಿನ ನಂತರ ಹಣ್ಣುಗಳನ್ನು 52 ಡಿಗ್ರಿ ಬಿಸಿ ನೀರಿನಲ್ಲಿ 10 ನಿಮಿಷ ಅದ್ದಿದರೆ ಶೇಖರಣೆಯಲ್ಲಿ ಕೊಳೆಯುವುದಿಲ್ಲ.,ದೈಹಿಕ ಅಸ್ವಸ್ಥತೆ (ಸ್ಟೈಲರ್ ಎಂಡ್ ರಾಟ್)
ಮಾವಿನ ಹಣ್ಣು,ಆಂಥ್ರಾಕ್ನೋಸ್ / ಕಪ್ಪು ಚುಕ್ಕೆ  (ಶಿಲೀಂಧ್ರ ರೋಗ),ರೋಗ ಬಂದ ಕೊಂಬೆ ಮತ್ತು ಕಾಯಿಗಳನ್ನು ಕತ್ತರಿಸಿ ಸುಟ್ಟುಹಾಕಿ. ಮಳೆಗಾಲದಲ್ಲಿ 5 ಲೀಟರ್ ನೀರಿಗೆ 1 ಗ್ರಾಂ ಸ್ಟ್ರೆಪ್ಟೋಸೈಕ್ಲಿನ್ ಮತ್ತು 10 ಗ್ರಾಂ ಕಾಪರ್ ಆಕ್ಸಿಕ್ಲೋರೈಡ್ ಬೆರೆಸಿ 3 ಬಾರಿ ಸಿಂಪಡಿಸಿ.,ಕೊಲೆಟೊಟ್ರೈಕಮ್ ಗ್ಲಿಯೋಸ್ಪೊರಿಯಾಯ್ಡ್ಸ್
ಮಾವಿನ ಹಣ್ಣು,ಬ್ಯಾಕ್ಟೀರಿಯಾ ಕ್ಯಾಂಕರ್  (ಬ್ಯಾಕ್ಟೀರಿಯಾ ರೋಗ),ಗಾಳಿ ಬೆಳಕು ಬೀಳುವಂತೆ ಕೊಂಬೆ ಕತ್ತರಿಸಿ. ಹೂವು ಮತ್ತು ಕಾಯಿ ಕಂಡ ತಕ್ಷಣ 1 ಲೀಟರ್ ನೀರಿಗೆ 2 ಗ್ರಾಂ ಕರಗುವ ಗಂಧಕ ಅಥವಾ 1 ಮಿ.ಲೀ ಹೆಕ್ಸಾಕೊನಜೋಲ್ ಸಿಂಪಡಿಸಿ. ರೋಗ ಹೆಚ್ಚಿದ್ದರೆ 15 ದಿನ ಬಿಟ್ಟು ಮತ್ತೆ ಸಿಂಪಡಿಸಿ.,ಝಾಂಥೋಮೋನಾಸ್ ಕ್ಯಾಂಪೆಸ್ಟ್ರಿಸ್ pv. ಮ್ಯಾಂಜಿಫೆರೆಇಂಡಿಕೆ
ಮಾವಿನ ಹಣ್ಣು,ಬೂದಿ ರೋಗ  (ಶಿಲೀಂಧ್ರ ರೋಗ),ಕತ್ತರಿ ಬಳಸಿ 1 ಸೆಂ.ಮೀ ತೊಟ್ಟು ಇರುವಂತೆ ಕೊಯ್ಲು ಮಾಡಿ. ಹಣ್ಣು ಮಣ್ಣಿಗೆ ತಾಗದಂತೆ ನೋಡಿಕೊಳ್ಳಿ. ಕೊಯ್ಲಿಗೆ 15 ದಿನ ಮುಂಚೆ ಮರಕ್ಕೆ ಕಾರ್ಬೆಂಡಾಜಿಮ್ ಸಿಂಪಡಿಸಿ.,ಓಡಿಯಮ್ ಮ್ಯಾಂಜಿಫೆರೆ
ಮಾವಿನ ಹಣ್ಣು,ತೊಟ್ಟು ಕೊಳೆತ  (ಶಿಲೀಂಧ್ರ ರೋಗ),ಜಿಗಿ ಹುಳುಗಳನ್ನು ನಿಯಂತ್ರಿಸಲು 1 ಲೀಟರ್ ನೀರಿಗೆ 2 ಮಿ.ಲೀ ಡೈಮೆಥೋಯೇಟ್ ಸಿಂಪಡಿಸಿ. ಹಣ್ಣನ್ನು ನೀರಿನಲ್ಲಿ ತೊಳೆದರೆ ಮಸಿ ಹೋಗುತ್ತದೆ. ಮರದ ಮೇಲೆ ಗಂಜಿ ದ್ರಾವಣ (ಮೈದಾ) ಸಿಂಪಡಿಸಿದರೆ ಒಣಗಿದ ನಂತರ ಮಸಿ ಪದರದೊಂದಿಗೆ ಕಿತ್ತು ಬರುತ್ತದೆ.,ಲಾಸಿಯೋಡಿಪ್ಲೋಡಿಯಾ ಥಿಯೋಬ್ರೋಮೆ
ಮಾವಿನ ಹಣ್ಣು,ಮಸಿ ರೋಗ  (ಕೀಟ ಬಾಧೆ),"ಇಟ್ಟಿಗೆ ಗೂಡುಗಳಿಂದ ಕನಿಷ್ಠ 1.5 ಕಿ.ಮೀ ದೂರದಲ್ಲಿ ತೋಟ ಬೆಳೆಸಿ. ಹೂವು ಬಂದಾಗ, ಕಾಯಿ ಗೋಲಿ ಗಾತ್ರ ಮತ್ತು ಅರ್ಧ ಬೆಳೆದಾಗ ಹೀಗೆ ಮೂರು ಬಾರಿ 1 ಲೀಟರ್ ನೀರಿಗೆ 6 ಗ್ರಾಂ ಬೊರಾಕ್ಸ್ ಅಥವಾ 10 ಗ್ರಾಂ ಸೋಡಾ ಪುಡಿ ಸಿಂಪಡಿಸಿ.",ಕ್ಯಾಪ್ನೋಡಿಯಮ್ ಮ್ಯಾಂಜಿಫೆರಮ್
ಮಾವಿನ ಹಣ್ಣು,ಬ್ಲ್ಯಾಕ್ ಟಿಪ್ / ಕಪ್ಪು ತುದಿ  (ಹೊಗೆ ಹಾನಿ),ಎಕರೆಗೆ 10 ಮೀಥೈಲ್ ಯುಜಿನಾಲ್ ಬಲೆ ಹಾಕಿ. ಬಿದ್ದ ಹಣ್ಣುಗಳನ್ನು ಹೂತುಹಾಕಿ. ಹಣ್ಣಿನ ಮೇಲೆ ಔಷಧ ಸಿಂಪಡಿಸಬೇಡಿ; ಬೆಲ್ಲ ಮತ್ತು ಮಲಾಥಿಯಾನ್ ಮಿಶ್ರಣವನ್ನು ಮರದ ಕಾಂಡಕ್ಕೆ ಸಿಂಪಡಿಸಿ ನೊಣಗಳನ್ನು ಕೊಲ್ಲಿ.,ದೈಹಿಕ (ಬ್ಲ್ಯಾಕ್ ಟಿಪ್ - ಬೋರಾನ್/ಹೊಗೆ)
ಮಾವಿನ ಹಣ್ಣು,ಹಣ್ಣು ನೊಣ  (ಕೀಟ ಬಾಧೆ),ಗಂಟು ಕಟ್ಟಿದ ಹೂವಿನ ಗೊಂಚಲು ಕಂಡ ತಕ್ಷಣ ಕತ್ತರಿಸಿ ಸುಟ್ಟುಹಾಕಿ. ಅಕ್ಟೋಬರ್ ತಿಂಗಳಲ್ಲಿ ಹೂವು ಬರುವ ಮುನ್ನ 4.5 ಲೀಟರ್ ನೀರಿಗೆ 1 ಮಿ.ಲೀ ಪ್ಲಾನೋಫಿಕ್ಸ್ (NAA) ಸಿಂಪಡಿಸಿ.,ಬ್ಯಾಕ್ಟ್ರೋಸೆರಾ ಡಾರ್ಸಾಲಿಸ್
ಮಾವಿನ ಹಣ್ಣು,ಮಾವು ವಿರೂಪ ರೋಗ / ಬಂಕಿ  (ಸಮಸ್ಯೆ),ಗಾಳಿ ಆಡಲು ಕೊಂಬೆ ಕತ್ತರಿಸಿ. ಕಾಯಿ ಬಟಾಣಿ ಗಾತ್ರದಲ್ಲಿದ್ದಾಗ 1 ಲೀಟರ್ ನೀರಿಗೆ 3 ಗ್ರಾಂ ಕಾಪರ್ ಆಕ್ಸಿಕ್ಲೋರೈಡ್ ಅಥವಾ 2 ಗ್ರಾಂ ಮ್ಯಾಂಕೋಜೆಬ್ ಸಿಂಪಡಿಸಿ.,ಫ್ಯುಸಾರಿಯಂ ಮ್ಯಾಂಜಿಫೆರೆ (ಮಾವು ವಿರೂಪ ರೋಗ)
ಮಾವಿನ ಹಣ್ಣು,ಸ್ಕ್ಯಾಬ್ / ಕಜ್ಜಿ ರೋಗ  (ಶಿಲೀಂಧ್ರ ರೋಗ),ಮರಕ್ಕೆ ಸರಿಯಾದ ಗೊಬ್ಬರ ನೀಡಿ. ಬೇಸಿಗೆಯ ಆರಂಭದಲ್ಲಿ ಅಥವಾ ಚುಕ್ಕೆ ಕಂಡಾಗ 1 ಲೀಟರ್ ನೀರಿಗೆ 3 ಗ್ರಾಂ ಕಾಪರ್ ಆಕ್ಸಿಕ್ಲೋರೈಡ್ ಅಥವಾ ಶೇ. 1 ರ ಬೋರ್ಡೋ ದ್ರಾವಣ ಸಿಂಪಡಿಸಿ.,ಎಲ್ಸಿನೋ ಮ್ಯಾಂಜಿಫೆರೆ
ಹಿಪ್ಪುನೇರಳೆ,ಕೆಂಪು ತುಕ್ಕು / ಪಾಚಿ ರೋಗ  (ಪಾಚಿ),ಹಣ್ಣು ಊದಿಕೊಂಡು ಗಟ್ಟಿಯಾಗಿ ಪಾಪ್‌ಕಾರ್ನ್ ನಂತೆ ಬಿಳಿಯಾಗುತ್ತದೆ ಮತ್ತು ಮಾಗುವುದಿಲ್ಲ. ನೆಲಕ್ಕೆ ಬಿದ್ದ ಮತ್ತು ಸೋಂಕಿತ ಬಿಳಿ ಹಣ್ಣುಗಳನ್ನು ಸುಟ್ಟುಹಾಕಿ. ಹೂವು ಬಿಡುವಾಗ 1 ಲೀಟರ್ ನೀರಿಗೆ 3 ಗ್ರಾಂ ಕಾಪರ್ ಆಕ್ಸಿಕ್ಲೋರೈಡ್ ಅಥವಾ ಶೇ.1 ರ ಬೋರ್ಡೋ ದ್ರಾವಣ ಸಿಂಪಡಿಸಿ.,ಸೆಫಾಲ್ಯೂರೋಸ್ ವಿರೆಸೆನ್ಸ್
ಹಿಪ್ಪುನೇರಳೆ,ಪಾಪ್‌ಕಾರ್ನ್ ರೋಗ / ಬಿಳಿ ಹಣ್ಣು  (ಶಿಲೀಂಧ್ರ ರೋಗ),ಮಾಗಿದ ಹಣ್ಣು ಮೆತ್ತಗಾಗಿ ನೀರಾಗಿ ಬೂದು ಬೂಷ್ಟು ಬರುತ್ತದೆ. ಗಿಡದಲ್ಲಿ ಗಾಳಿ ಆಡುವಂತೆ ಕತ್ತರಿಸಿ (ಪ್ರೂನಿಂಗ್). ಹಣ್ಣು ಮಾಗಿದ ಕೂಡಲೇ ಕೊಯ್ಲು ಮಾಡಿ. ಕಾಯಿ ಕಟ್ಟುವಾಗ 1 ಲೀಟರ್ ನೀರಿಗೆ 1 ಗ್ರಾಂ ಕಾರ್ಬೆಂಡಾಜಿಮ್ ಅಥವಾ 2 ಗ್ರಾಂ ಕ್ಯಾಪ್ಟಾನ್ ಸಿಂಪಡಿಸಿ. ಕೊಯ್ಲಿಗೆ ಹತ್ತಿರವಿದ್ದಾಗ ಸಿಂಪಡಿಸಬೇಡಿ.,ಸಿಬೋರಿಯಾ ಕ್ಯಾರಂಕುಲಾಯ್ಡ್ಸ್ ಅಥವಾ ಫ್ಯುಸಾರಿಯಂ
ಹಿಪ್ಪುನೇರಳೆ,ಬೂದು ಬೂಷ್ಟು  (ಶಿಲೀಂಧ್ರ ರೋಗ),ಹಣ್ಣು ಒಣಗಿ ಗಟ್ಟಿಯಾಗಿ ಉದುರುತ್ತದೆ. ಬಿದ್ದ ಹಣ್ಣಿನ ಮೇಲೆ ಬಿಳಿ ಹತ್ತಿಯಂತಹ ಬೂಷ್ಟು ಕಾಣುತ್ತದೆ. ತೋಟದಲ್ಲಿ ಕಳೆ ಇಲ್ಲದಂತೆ ಸ್ವಚ್ಛವಾಗಿಡಿ. ಕಳೆ ತೆಗೆಯುವಾಗ ಮಣ್ಣು ಗಿಡಕ್ಕೆ ತಾಗದಂತೆ ನೋಡಿಕೊಳ್ಳಿ. ಹೂವು ಬಿಡುವಾಗ 1 ಲೀಟರ್ ನೀರಿಗೆ 2 ಗ್ರಾಂ ಮ್ಯಾಂಕೋಜೆಬ್ ಸಿಂಪಡಿಸಿ.,ಬೊಟ್ರೈಟಿಸ್ ಸಿನೆರಿಯಾ
ಹಿಪ್ಪುನೇರಳೆ,ಒಣ ಕೊಳೆತ  (ಶಿಲೀಂಧ್ರ ರೋಗ),ಹಣ್ಣಿನ ಮೇಲೆ ಕಿತ್ತಳೆ ಬಣ್ಣದ ಪುಡಿ ಚುಕ್ಕೆಗಳು ಬರುತ್ತವೆ. ಬಿದ್ದ ಎಲೆ ಮತ್ತು ಹಣ್ಣುಗಳನ್ನು ಸುಟ್ಟುಹಾಕಿ. 1 ಲೀಟರ್ ನೀರಿಗೆ 2 ಗ್ರಾಂ ಕರಗುವ ಗಂಧಕ ಅಥವಾ 1 ಮಿ.ಲೀ ಟೆಬುಕ್ಯಾನಜೋಲ್ ಸಿಂಪಡಿಸಿ. ಚಳಿಗಾಲದಲ್ಲಿ ತೋಟ ಸ್ವಚ್ಛವಾಗಿಡುವುದು ಮುಖ್ಯ.,ಫೊಮೊಪ್ಸಿಸ್ / ಕೊನಿಯೆಲ್ಲಾ ಗ್ರಾನಟಿ
ಹಿಪ್ಪುನೇರಳೆ,ಹಣ್ಣು ತುಕ್ಕು ರೋಗ  (ಶಿಲೀಂಧ್ರ ರೋಗ),ಹಣ್ಣಿನ ಮೇಲೆ ಕಪ್ಪು ಚುಕ್ಕೆಗಳು ಬಂದು ಹಣ್ಣು ಪೂರ್ತಿ ಕಪ್ಪಾಗಿ ಕೊಳೆಯುತ್ತದೆ. ರೋಗ ಬಂದ ಕೊಂಬೆ ಕತ್ತರಿಸಿ ಸುಟ್ಟುಹಾಕಿ. 1 ಲೀಟರ್ ನೀರಿಗೆ 0.5 ಗ್ರಾಂ ಸ್ಟ್ರೆಪ್ಟೋಸೈಕ್ಲಿನ್ ಮತ್ತು 2 ಗ್ರಾಂ ಕಾಪರ್ ಆಕ್ಸಿಕ್ಲೋರೈಡ್ ಬೆರೆಸಿ ಸಿಂಪಡಿಸಿ. ಗಿಡದ ಮೇಲೆ ನೀರು ಸಿಂಪಡಿಸಬೇಡಿ (ಸ್ಪ್ರಿಂಕ್ಲರ್ ಬಳಸಬೇಡಿ).,ಸ್ಫಾಸೆಲೋಮಾ ಪ್ಯೂನಿಕೆ
ಕರಬೂಜ,ಬ್ಯಾಕ್ಟೀರಿಯಾ ರೋಗ / ಕಪ್ಪು ಕೊಳೆತ  (ಬ್ಯಾಕ್ಟೀರಿಯಾ ರೋಗ),"ಹಣ್ಣು ಮೆತ್ತಗಾಗಿ ಬಿಳಿ ಬೂಷ್ಟು ಬರುತ್ತದೆ, ವಿಶೇಷವಾಗಿ ಒದ್ದೆ ಮಣ್ಣಿಗೆ ತಾಗುವ ಕಡೆ. ಹಣ್ಣಿನ ಅಡಿಯಲ್ಲಿ ಪ್ಲಾಸ್ಟಿಕ್ ಮಲ್ಚ್ ಅಥವಾ ಒಣ ಹುಲ್ಲು ಹಾಕಿ. ತೋಟದಲ್ಲಿ ನೀರು ನಿಲ್ಲದಂತೆ ಮಾಡಿ. ಮಳೆ ಹೆಚ್ಚಿದ್ದರೆ 1 ಲೀಟರ್ ನೀರಿಗೆ 2 ಗ್ರಾಂ ಮೆಟಾಲಾಕ್ಸಿಲ್ ಮತ್ತು ಮ್ಯಾಂಕೋಜೆಬ್ ಮಿಶ್ರಣ ಸಿಂಪಡಿಸಿ.",ಝಾಂಥೋಮೋನಾಸ್ ಆಕ್ಸಾನೋಪೋಡಿಸ್ pv. ಪ್ಯೂನಿಕೆ
ಕರಬೂಜ,ಹಣ್ಣು ಕೊಳೆತ / ಒದ್ದೆ ಕೊಳೆತ  (ಶಿಲೀಂಧ್ರ ರೋಗ),ಹಣ್ಣಿನ ಮೇಲೆ ತಗ್ಗು ಚುಕ್ಕೆಗಳು ಬಂದು ಗುಲಾಬಿ ಬಣ್ಣದ ಅಂಟು ಬರುತ್ತದೆ. ಹಳೆಯ ಬಳ್ಳಿ ಮತ್ತು ಕೊಳೆತ ಹಣ್ಣುಗಳನ್ನು ಸುಟ್ಟುಹಾಕಿ. ಕಾಯಿ ಬೆಳೆಯುವಾಗ 1 ಲೀಟರ್ ನೀರಿಗೆ 2 ಗ್ರಾಂ ಕ್ಲೋರೋಥಲೋನಿಲ್ ಅಥವಾ 1 ಗ್ರಾಂ ಥಿಯೋಫನೇಟ್ ಮೀಥೈಲ್ ಸಿಂಪಡಿಸಿ. ಕೊಯ್ಲಿನ ನಂತರ ಹಣ್ಣನ್ನು ತಕ್ಷಣ ತಂಪು ಮಾಡಿ.,ಫೈಟೊಫ್ಥೋರಾ ನಿಕೋಟಿಯಾನ
ಕರಬೂಜ,ಆಂಥ್ರಾಕ್ನೋಸ್  (ಶಿಲೀಂಧ್ರ ರೋಗ),"ಬಿಸಿಲು ಬೀಳುವ ಹಣ್ಣಿನ ಭಾಗ ಬಿಳಿಯಾಗಿ ಸಿಪ್ಪೆ ತೆಳುವಾಗುತ್ತದೆ. ಗಿಡದಲ್ಲಿ ಎಲೆಗಳು ಹಣ್ಣಿಗೆ ನೆರಳು ನೀಡುವಂತೆ ಗೊಬ್ಬರ ಕೊಡಿ. ಬೇಸಿಗೆಯಲ್ಲಿ ಹಣ್ಣಿಗೆ ಒಣ ಹುಲ್ಲು, ಕಾಗದ ಅಥವಾ ಎಲೆಯಿಂದ ಮುಚ್ಚಿ ರಕ್ಷಿಸಿ.",ಕೊಲೆಟೊಟ್ರೈಕಮ್ ಗ್ಲಿಯೋಸ್ಪೊರಿಯಾಯ್ಡ್ಸ್
ಕರಬೂಜ,ಬಿಸಿಲು ಆಘಾತ  (ಭೌತಿಕ ಸಮಸ್ಯೆ),ಹಣ್ಣಿನ ತೊಟ್ಟು ಅಥವಾ ಮಣ್ಣಿಗೆ ತಾಗುವ ಕಡೆ ಬಿಳಿ ಅಥವಾ ಗುಲಾಬಿ ಬೂಷ್ಟು ಬರುತ್ತದೆ. ರೋಗ ನಿರೋಧಕ ತಳಿ ಬಳಸಿ. ಕತ್ತರಿ ಬಳಸಿ ಕೊಯ್ಲು ಮಾಡಿ. ಕೊಯ್ಲಿನ ನಂತರ ಹಣ್ಣನ್ನು 55 ಡಿಗ್ರಿ ಬಿಸಿ ನೀರಿನಲ್ಲಿ 2 ನಿಮಿಷ ಅದ್ದಿ. ಕಳೆ ತೆಗೆಯುವಾಗ ಹಣ್ಣಿಗೆ ಗಾಯವಾಗದಂತೆ ಎಚ್ಚರವಹಿಸಿ.,ಬಿಸಿಲು ಆಘಾತ
ಕರಬೂಜ,ಫ್ಯುಸಾರಿಯಂ ಕೊಳೆತ  (ಶಿಲೀಂಧ್ರ ರೋಗ),ಹಣ್ಣಿನ ಸಿಪ್ಪೆ ಒಡೆದು ಕೊಳೆಯುತ್ತದೆ. ರೋಗಮುಕ್ತ ಬೀಜ ಬಳಸಿ. ರೋಗ ಕಂಡರೆ 1 ಲೀಟರ್ ನೀರಿಗೆ 3 ಗ್ರಾಂ ಕಾಪರ್ ಆಕ್ಸಿಕ್ಲೋರೈಡ್ ಮತ್ತು ಸ್ಟ್ರೆಪ್ಟೋಸೈಕ್ಲಿನ್ ಬೆರೆಸಿ ಸಿಂಪಡಿಸಿ. ಸ್ಪ್ರಿಂಕ್ಲರ್ ನೀರಾವರಿ ಬಳಸಬೇಡಿ.,ಫ್ಯುಸಾರಿಯಂ ಪ್ರಭೇದ
ಕರಬೂಜ,ಬ್ಯಾಕ್ಟೀರಿಯಾ ಮಚ್ಚೆ  (ಬ್ಯಾಕ್ಟೀರಿಯಾ ರೋಗ),ಹಣ್ಣು ಮೇಲಿಂದ ಚೆನ್ನಾಗಿ ಕಂಡರೂ ಒಳಗೆ ಹುಳುಗಳಿರುತ್ತವೆ. ಎಕರೆಗೆ 10 ಮೀಥೈಲ್ ಯುಜಿನಾಲ್ ಬಲೆ ಹಾಕಿ. ಬಿದ್ದ ಹಣ್ಣುಗಳನ್ನು ಆಳವಾಗಿ ಹೂತುಹಾಕಿ. ಬೆಲ್ಲ ಮತ್ತು ಮಲಾಥಿಯಾನ್ ಮಿಶ್ರಣವನ್ನು ಎಲೆಗಳ ಮೇಲೆ ಸಿಂಪಡಿಸಿ ನೊಣಗಳನ್ನು ಕೊಲ್ಲಿ (ಹಣ್ಣಿನ ಮೇಲೆ ಬೇಡ).,ಝಾಂಥೋಮೋನಾಸ್ ಪ್ರಭೇದ
ಕರಬೂಜ,ಹಣ್ಣು ನೊಣ  (ಕೀಟ ಬಾಧೆ),ಹಣ್ಣು ವಿರೂಪಗೊಂಡು ಕಡು ಹಸಿರು ಮತ್ತು ತಿಳಿ ಹಸಿರು ಮಚ್ಚೆಗಳು ಬರುತ್ತವೆ. ರುಚಿ ಕೆಡುತ್ತದೆ. ತೋಟದ ಸುತ್ತ ಕಳೆ ತೆಗೆಯಿರಿ. ರೋಗ ಬಂದ ಗಿಡ ಕಿತ್ತು ಹಾಕಿ. ನುಸಿ ನಿಯಂತ್ರಿಸಲು 1 ಲೀಟರ್ ನೀರಿಗೆ 0.5 ಮಿ.ಲೀ ಇಮಿಡಾಕ್ಲೋಪ್ರಿಡ್ ಅಥವಾ 2 ಮಿ.ಲೀ ಡೈಮೆಥೋಯೇಟ್ ಸಿಂಪಡಿಸಿ.,ಬ್ಯಾಕ್ಟ್ರೋಸೆರಾ ಪ್ರಭೇದ
ಕಿತ್ತಳೆ,ಅಂಟು ರೋಗ / ಕಂದು ಕೊಳೆತ  (ಶಿಲೀಂಧ್ರ ರೋಗ),ಹಣ್ಣು ಕಂದಾಗಿ ಕೊಳೆತು ವಾಸನೆ ಬರುತ್ತದೆ. ತೋಟದಲ್ಲಿ ನೀರು ಹರಿದು ಹೋಗುವಂತೆ ಮಾಡಿ. ಕಾಂಡಕ್ಕೆ ಬೋರ್ಡೋ ಪೇಸ್ಟ್ ಹಚ್ಚಿ. ಮಳೆಗಾಲದಲ್ಲಿ 1 ಲೀಟರ್ ನೀರಿಗೆ 2 ಗ್ರಾಂ ಮೆಟಾಲಾಕ್ಸಿಲ್ ಸಿಂಪಡಿಸಿ. ಹಣ್ಣಿಗೆ ಗಾಯವಾಗದಂತೆ ನೋಡಿಕೊಳ್ಳಿ.,ಫೈಟೊಫ್ಥೋರಾ ಪ್ರಭೇದ
ಕಿತ್ತಳೆ,ಸಿಟ್ರಸ್ ಸ್ಕ್ಯಾಬ್ / ಕಜ್ಜಿ ರೋಗ  (ಶಿಲೀಂಧ್ರ ರೋಗ),ಹಣ್ಣಿನ ಸಿಪ್ಪೆ ಮೇಲೆ ಒರಟಾದ ಕಜ್ಜಿ ಬರುತ್ತದೆ. ರೋಗ ಬಂದ ಕೊಂಬೆ ಮತ್ತು ಹಣ್ಣು ಕತ್ತರಿಸಿ. ಹೊಸ ಚಿಗುರು ಬಂದಾಗ 1 ಲೀಟರ್ ನೀರಿಗೆ 2 ಗ್ರಾಂ ಕಾಪರ್ ಆಕ್ಸಿಕ್ಲೋರೈಡ್ ಅಥವಾ 1 ಗ್ರಾಂ ಕಾರ್ಬೆಂಡಾಜಿಮ್ ಸಿಂಪಡಿಸಿ. ಗಿಡಗಳ ನಡುವೆ ಅಂತರವಿದ್ದರೆ ರೋಗ ಕಡಿಮೆ.,ಎಲ್ಸಿನೋ ಫಾಸೆಟಿ
ಕಿತ್ತಳೆ,ಆಂಥ್ರಾಕ್ನೋಸ್ / ಹಣ್ಣು ಕೊಳೆತ  (ಶಿಲೀಂಧ್ರ ರೋಗ),ಮಳೆಗಾಲದಲ್ಲಿ ಹಣ್ಣಿನ ಮೇಲೆ ಕಪ್ಪು ತಗ್ಗು ಚುಕ್ಕೆ ಬಂದು ಕೊಳೆಯುತ್ತದೆ. ಬಿದ್ದ ಹಣ್ಣುಗಳನ್ನು ತೆಗೆಯಿರಿ. ಹೂವು ಮತ್ತು ಕಾಯಿ ಬಿಡುವಾಗ 1 ಲೀಟರ್ ನೀರಿಗೆ 2 ಗ್ರಾಂ ಕಾರ್ಬೆಂಡಾಜಿಮ್ ಅಥವಾ ಮ್ಯಾಂಕೋಜೆಬ್ ಸಿಂಪಡಿಸಿ. ಗಾಳಿ ಆಡಲು ಕೊಂಬೆ ಕತ್ತರಿಸಿ.,ಕೊಲೆಟೊಟ್ರೈಕಮ್ ಗ್ಲಿಯೋಸ್ಪೊರಿಯಾಯ್ಡ್ಸ್
ಕಿತ್ತಳೆ,ಹಸಿರು ಬೂಷ್ಟು  (ಶೇಖರಣಾ ರೋಗ),ಗಾಯವಾದ ಹಣ್ಣು ಮೆತ್ತಗಾಗಿ ಹಸಿರು ಬೂಷ್ಟು ಬರುತ್ತದೆ. ಎಚ್ಚರಿಕೆಯಿಂದ ಕೊಯ್ಲು ಮಾಡಿ. ಹಾಳಾದ ಹಣ್ಣು ತೆಗೆಯಿರಿ. ಶೇಖರಣಾ ಕೊಠಡಿ ಸ್ವಚ್ಛವಾಗಿಡಿ. ಹಣ್ಣನ್ನು ಬಿಸಿ ನೀರಿನಲ್ಲಿ ತೊಳೆಯಿರಿ ಅಥವಾ 1 ಲೀಟರ್ ನೀರಿಗೆ 1 ಗ್ರಾಂ ಕಾರ್ಬೆಂಡಾಜಿಮ್ ದ್ರಾವಣ ಸಿಂಪಡಿಸಿ.,ಪೆನಿಸಿಲಿಯಮ್ ಡಿಜಿಟಾಟಮ್
ಕಿತ್ತಳೆ,ನೀಲಿ ಬೂಷ್ಟು  (ಶೇಖರಣಾ ರೋಗ),ಇದು ಹಸಿರು ಬೂಷ್ಟಿನಂತೆಯೇ ಆದರೆ ನೀಲಿ ಬಣ್ಣವಿರುತ್ತದೆ. ಸಾಗಾಣಿಕೆ ವೇಳೆ ಹಣ್ಣು ಒಣಗಿರಲಿ. ತಂಪಾದ ಗಾಳಿ ಆಡುವ ಜಾಗದಲ್ಲಿ ಶೇಖರಿಸಿ. ಕೊಯ್ಲು ಮತ್ತು ಪ್ಯಾಕಿಂಗ್ ವೇಳೆ ಸ್ವಚ್ಛತೆ ಕಾಪಾಡಿ.,ಪೆನಿಸಿಲಿಯಮ್ ಇಟಾಲಿಕಮ್
ಕಿತ್ತಳೆ,ಹುಳಿ ಕೊಳೆತ  (ಶಿಲೀಂಧ್ರ ರೋಗ),ಹಣ್ಣು ಮೆತ್ತಗಾಗಿ ಹುಳಿ ವಾಸನೆ ಬರುತ್ತದೆ. ಹಣ್ಣಿಗೆ ಗಾಯವಾಗದಂತೆ ನೋಡಿಕೊಳ್ಳಿ. ತೋಟ ಸ್ವಚ್ಛವಾಗಿಡಿ. ಕೊಳೆತ ಹಣ್ಣು ತೆಗೆಯಿರಿ. ಶೇಖರಣಾ ಕೊಠಡಿ ಸ್ವಚ್ಛವಾಗಿಡಿ ಮತ್ತು ಹಣ್ಣನ್ನು ಬೇಗ ಮಾರುಕಟ್ಟೆಗೆ ಕಳುಹಿಸಿ.,ಜಿಯೋಟ್ರೈಕಮ್ ಸಿಟ್ರಿ-ಆರಾಂಟಿ
ಕಿತ್ತಳೆ,ತೊಟ್ಟು ಕೊಳೆತ  (ಶಿಲೀಂಧ್ರ ರೋಗ),"ತೊಟ್ಟಿನ ಭಾಗದಿಂದ ಕೊಳೆಯಲು ಶುರುವಾಗುತ್ತದೆ. ಕತ್ತರಿ ಬಳಸಿ ಕೊಯ್ಲು ಮಾಡಿ, ಎಳೆಯಬೇಡಿ. ಒದ್ದೆ ಹಣ್ಣುಗಳನ್ನು ರಾಶಿ ಹಾಕಬೇಡಿ. ಕೊಯ್ಲಿಗೆ ಮುನ್ನ 1 ಲೀಟರ್ ನೀರಿಗೆ 1 ಗ್ರಾಂ ಕಾರ್ಬೆಂಡಾಜಿಮ್ ಸಿಂಪಡಿಸಿ.",ಡಿಪ್ಲೋಡಿಯಾ ನಟಾಲೆನ್ಸಿಸ್
ಕಿತ್ತಳೆ,ಹಣ್ಣು ಉದುರುವಿಕೆ  (ಸಮಸ್ಯೆ),ನೀರಿನ ಕೊರತೆ ಅಥವಾ ಪೋಷಕಾಂಶದ ಕೊರತೆಯಿಂದ ಹಣ್ಣು ಹಳದಿಯಾಗಿ ಉದುರುತ್ತದೆ. ನಿಯಮಿತವಾಗಿ ನೀರು ಮತ್ತು ಪೊಟ್ಯಾಷ್ ಗೊಬ್ಬರ ಕೊಡಿ. ಕಾಯಿ ಕಟ್ಟುವಾಗ 4.5 ಲೀಟರ್ ನೀರಿಗೆ 1 ಮಿ.ಲೀ ಪ್ಲಾನೋಫಿಕ್ಸ್ (NAA) ಸಿಂಪಡಿಸಿ. ಕೀಟ ನಿಯಂತ್ರಿಸಿ.,ದೈಹಿಕ ಹಣ್ಣು ಉದುರುವಿಕೆ
ಕಿತ್ತಳೆ,ಬಿಸಿಲು ಆಘಾತ  (ಭೌತಿಕ ಸಮಸ್ಯೆ),ಬಿಸಿಲಿನಿಂದ ಹಣ್ಣಿನ ಮೇಲೆ ಬಿಳಿ ಕಲೆ ಬರುತ್ತದೆ. ಗಿಡದಲ್ಲಿ ಎಲೆಗಳು ನೆರಳು ನೀಡುವಂತೆ ನೋಡಿಕೊಳ್ಳಿ. ಮಲ್ಚಿಂಗ್ ಮಾಡಿ ಮತ್ತು ನೀರು ಕೊಡಿ. ಅತಿಯಾದ ಬಿಸಿಲಿದ್ದರೆ ನೆರಳು ಪರದೆ ಬಳಸಿ.,ಬಿಸಿಲು ಆಘಾತ
ಕಿತ್ತಳೆ,ಮಸಿ ರೋಗ  (ಕೀಟ ಬಾಧೆ),ಕೀಟಗಳ ಬಾಧೆಯಿಂದ ಹಣ್ಣಿನ ಮೇಲೆ ಕಪ್ಪು ಮಸಿ ಬರುತ್ತದೆ. 1 ಲೀಟರ್ ನೀರಿಗೆ 3 ಮಿ.ಲೀ ಬೇವಿನ ಎಣ್ಣೆ ಸಿಂಪಡಿಸಿ ಕೀಟ ನಿಯಂತ್ರಿಸಿ. ಹಣ್ಣನ್ನು ತೊಳೆದರೆ ಮಸಿ ಹೋಗುತ್ತದೆ.,ಕ್ಯಾಪ್ನೋಡಿಯಮ್ ಪ್ರಭೇದ
ಕಿತ್ತಳೆ,ಆಲ್ಟರ್ನೇರಿಯಾ ಕಪ್ಪು ಕೊಳೆತ  (ಶಿಲೀಂಧ್ರ ರೋಗ),ಮಾಗಿದ ಹಣ್ಣಿನ ಮೇಲೆ ಕಡು ಕಂದು ಅಥವಾ ಕಪ್ಪು ಚುಕ್ಕೆ ಬರುತ್ತದೆ. ಸೋಂಕಿತ ಹಣ್ಣು ತೆಗೆಯಿರಿ. ರೋಗ ಲಕ್ಷಣ ಕಂಡಾಗ 1 ಲೀಟರ್ ನೀರಿಗೆ 2 ಗ್ರಾಂ ಮ್ಯಾಂಕೋಜೆಬ್ ಅಥವಾ ಕ್ಲೋರೋಥಲೋನಿಲ್ ಸಿಂಪಡಿಸಿ.,ಆಲ್ಟರ್ನೇರಿಯಾ ಸಿಟ್ರಿ
ಕಿತ್ತಳೆ,ಫೈಟೋಫthora ಕೊಳೆತ  (ಶಿಲೀಂಧ್ರ ರೋಗ),ಒದ್ದೆ ಮಣ್ಣಿಗೆ ತಾಗುವ ಹಣ್ಣು ಕೊಳೆಯುತ್ತದೆ. ತೋಟದಲ್ಲಿ ನೀರು ನಿಲ್ಲದಂತೆ ಮಾಡಿ. ಮಲ್ಚಿಂಗ್ ಮಾಡಿ ಹಣ್ಣು ನೆಲಕ್ಕೆ ತಾಗದಂತೆ ನೋಡಿಕೊಳ್ಳಿ. ಮಳೆಗಾಲದಲ್ಲಿ 1 ಲೀಟರ್ ನೀರಿಗೆ 2 ಗ್ರಾಂ ಮೆಟಾಲಾಕ್ಸಿಲ್ ಸಿಂಪಡಿಸಿ.,ಫೈಟೊಫ್ಥೋರಾ ಪ್ರಭೇದ
ಭತ್ತ,ಬೆಂಕಿ ರೋಗ / ಕುತ್ತಿಗೆ ರೋಗ  (ಶಿಲೀಂಧ್ರ ರೋಗ),ತೆನೆಯ ಕುತ್ತಿಗೆಯಲ್ಲಿ ಕಂದು ಕಲೆ ಬಂದರೆ ಯೂರಿಯಾ ಕೊಡುವುದನ್ನು ನಿಲ್ಲಿಸಿ. ತೆನೆ ಹೊರಬರುವಾಗ 1 ಲೀಟರ್ ನೀರಿಗೆ 0.6 ಗ್ರಾಂ ಟ್ರೈಸೈಕ್ಲೋಜೋಲ್ ಸಿಂಪಡಿಸಿ. ಬಿತ್ತನೆಗೆ ಮುನ್ನ ಬೀಜವನ್ನು ಸ್ಯೂಡೋಮೋನಾಸ್ ದ್ರಾವಣದಲ್ಲಿ ನೆನೆಸಿ.,ಮ್ಯಾಗ್ನಾಪೋರ್ಥೆ ಒರೈಝೆ (ಬೆಂಕಿ ರೋಗ)
ಭತ್ತ,ಗಂಟು ರೋಗ / ಲಕ್ಷ್ಮಿ ರೋಗ  (ಶಿಲೀಂಧ್ರ ರೋಗ),"ಕಾಳುಗಳು ಹಳದಿ ಅಥವಾ ಹಸಿರು ಉಂಡೆಯಂತಾಗುತ್ತವೆ. ತೆನೆ ಬರುವ ಮುನ್ನ ಪ್ರೊಪಿಕೊನಜೋಲ್ ಅಥವಾ ಕಾಪರ್ ಆಕ್ಸಿಕ್ಲೋರೈಡ್ ಸಿಂಪಡಿಸಿ. ಗಂಟುಗಳನ್ನು ಆರಿಸಿ ಸುಟ್ಟುಹಾಕಿ, ಬದುವಿನ ಮೇಲೆ ಎಸೆಯಬೇಡಿ.",ಉಸ್ಟಿಲಾಜಿನಾಯ್ಡಿಯಾ ವಿರೆನ್ಸ್ (ಗಂಟು ರೋಗ)
ಭತ್ತ,ಉದ್ಬತ್ತಿ ರೋಗ  (ಶಿಲೀಂಧ್ರ ರೋಗ),ತೆನೆಗಳು ಅಗರಬತ್ತಿಯಂತೆ ಕಡ್ಡಿಯಾಗುತ್ತವೆ. ರೋಗ ಬಂದ ಗಿಡವನ್ನು ಕಿತ್ತು ಸುಟ್ಟುಹಾಕಿ. ಬಿತ್ತನೆಗೆ ಮುನ್ನ ಬೀಜವನ್ನು 52 ಡಿಗ್ರಿ ಬಿಸಿ ನೀರಿನಲ್ಲಿ 10 ನಿಮಿಷ ನೆನೆಸಿ ಸಂಸ್ಕರಿಸಿ.,ಎಫೆಲಿಸ್ ಒರೈಝೆ (ಉದ್ಬತ್ತಿ ರೋಗ)
ಭತ್ತ,ಕಾಳು ಕಪ್ಪಾಗುವುದು / ಗೋಲು ರೋಗ  (ಶಿಲೀಂಧ್ರ/ಕೀಟ),ತಿಗಣೆ ಕೀಟಗಳನ್ನು ಬೇವಿನ ಎಣ್ಣೆ ಬಳಸಿ ನಿಯಂತ್ರಿಸಿ. ಕೊಯ್ಲಿನ ನಂತರ ಕಾಳನ್ನು ಚೆನ್ನಾಗಿ ಒಣಗಿಸಿ (ತೇವಾಂಶ 14% ಕ್ಕಿಂತ ಕಡಿಮೆ ಇರಲಿ). ಮಳೆಗಾಲದಲ್ಲಿ ಕೊಯ್ಲು ಮಾಡಬೇಡಿ.,ಕಾಳು ಕಪ್ಪಾಗುವುದು (ಹೆಲ್ಮಿಂಥೋಸ್ಪೋರಿಯಮ್/ಕರ್ವುಲೇರಿಯಾ)
ಭತ್ತ,ಕಾಡಿಗೆ ರೋಗ / ಕರಿ ಗಂಟು  (ಶಿಲೀಂಧ್ರ ರೋಗ),ಹೂವು ಬಿಡುವಾಗ ಅತಿಯಾದ ಯೂರಿಯಾ ಗೊಬ್ಬರ ಕೊಡಬೇಡಿ. ತೆನೆ ಬರುವ ಹಂತದಲ್ಲಿ ಪ್ರೊಪಿಕೊನಜೋಲ್ (ಟಿಲ್ಟ್) ಸಿಂಪಡಿಸಿ. ರೋಗ ಮುಕ್ತ ಬೀಜಗಳನ್ನೇ ಬಳಸಿ.,ಟಿಲೆಟಿಯಾ ಬಾರ್ಕ್ಲಾಯಾನಾ (ಕಾಡಿಗೆ ರೋಗ)
ಭತ್ತ,ಸಾದ ರೋಗ / ಬ್ಯಾಕ್ಟೀರಿಯಾ ರೋಗ  (ಬ್ಯಾಕ್ಟೀರಿಯಾ ರೋಗ),ತೆನೆಗಳು ಹಾಲು ತುಂಬದೆ ಜೊಳ್ಳಾಗುತ್ತವೆ. ಹೂವು ಬಿಡುವಾಗ ಹೊಲದಲ್ಲಿ ನೀರು ನಿಲ್ಲಿಸಬೇಡಿ. 60 ಲೀಟರ್ ನೀರಿಗೆ 6 ಗ್ರಾಂ ಸ್ಟ್ರೆಪ್ಟೋಸೈಕ್ಲಿನ್ ಬೆರೆಸಿ ಸಿಂಪಡಿಸಿ. ಸಂಜೆ ವೇಳೆ ನೀರು ಹಾಯಿಸಬೇಡಿ.,ಝಾಂಥೋಮೋನಾಸ್ ಒರೈಝೆ pv. ಒರೈಝೆ (ದುಂಡಾಣು ಅಂಗಮಾರಿ)
ಭತ್ತ,ಸೋಲೈ ರೋಗ / ಎಲೆ ಕವಚ ಕೊಳೆತ  (ಶಿಲೀಂಧ್ರ ರೋಗ),ತೆನೆ ಎಲೆಯ ಒಳಗೆ ಇರುವಾಗ 1 ಲೀಟರ್ ನೀರಿಗೆ 2 ಗ್ರಾಂ ಕಾರ್ಬೆಂಡಾಜಿಮ್ ಮತ್ತು ಮ್ಯಾಂಕೋಜೆಬ್ ಸಿಂಪಡಿಸಿ. ಕಾಂಡ ಕೊರಕ ಹುಳು ನಿಯಂತ್ರಿಸಿ. ಪೊಟ್ಯಾಷ್ ಗೊಬ್ಬರ ಕೊಡಿ.,ರೈಜೋಕ್ಟೋನಿಯಾ ಸೊಲಾನಿ (ಎಲೆ ಕವಚ ಕೊಳೆತ)
ಭತ್ತ,ಬ್ಯಾಕ್ಟೀರಿಯಾ ಕಾಳು ಕೊಳೆತ  (ಬ್ಯಾಕ್ಟೀರಿಯಾ ರೋಗ),ಸೋಂಕಿತ ಹೊಲದ ನೀರು ಆರೋಗ್ಯವಂತ ಹೊಲಕ್ಕೆ ಬರದಂತೆ ನೋಡಿಕೊಳ್ಳಿ. 1 ಲೀಟರ್ ನೀರಿಗೆ 0.1 ಗ್ರಾಂ ಸ್ಟ್ರೆಪ್ಟೋಸೈಕ್ಲಿನ್ ಮತ್ತು 2 ಗ್ರಾಂ ಕಾಪರ್ ಆಕ್ಸಿಕ್ಲೋರೈಡ್ ಸಿಂಪಡಿಸಿ. ಬೇವಿನ ಎಣ್ಣೆ ಅಥವಾ ಹಸುವಿನ ಸಗಣಿ ರಸ ಸಿಂಪಡಿಸಬಹುದು.,ಬರ್ಕ್ಹೋಲ್ಡೇರಿಯಾ ಗ್ಲುಮೆ
ಭತ್ತ,ಕಂದು ಚುಕ್ಕೆ ರೋಗ  (ಶಿಲೀಂಧ್ರ ರೋಗ),ಮಣ್ಣಿಗೆ ಸತು (Zinc) ಮತ್ತು ಸಿಲಿಕಾನ್ ಕೊಡಿ. ಹಾಲು ತುಂಬುವ ಹಂತದಲ್ಲಿ 1 ಲೀಟರ್ ನೀರಿಗೆ 2 ಗ್ರಾಂ ಮ್ಯಾಂಕೋಜೆಬ್ ಅಥವಾ ಪ್ರೊಪಿಕೊನಜೋಲ್ ಸಿಂಪಡಿಸಿ. ಬಿತ್ತನೆಗೆ ಮುನ್ನ ಬೀಜ ಸಂಸ್ಕರಣೆ ಮಾಡಿ.,ಹೆಲ್ಮಿಂಥೋಸ್ಪೋರಿಯಮ್ ಒರೈಝೆ
ಭತ್ತ,ಕೆಂಪು ಪಟ್ಟಿ ರೋಗ  (ಬ್ಯಾಕ್ಟೀರಿಯಾ ರೋಗ),ಗಿಡಗಳ ನಡುವೆ ಅಂತರವಿರಲಿ. ಹೊಲದ ನೀರನ್ನು ಆಗಾಗ ಬಸಿದು ಒಣಗಲು ಬಿಡಿ. ಅತಿಯಾದ ಯೂರಿಯಾ ಗೊಬ್ಬರ ಬಳಸಬೇಡಿ. ಕಾಳು ಕಟ್ಟುವಾಗ ಮಣ್ಣು ತೇವಾಂಶದಿಂದಿರಲಿ ಆದರೆ ನೀರು ನಿಲ್ಲಬಾರದು.,ಝಾಂಥೋಮೋನಾಸ್ ಒರೈಝೆ pv. ಒರೈಜಿಕೋಲಾ
ಭತ್ತ,ಬಕಾನೆ ರೋಗ / ಮಂಜ ರೋಗ  (ಶಿಲೀಂಧ್ರ ರೋಗ),ಗಿಡ ಅಸಹಜವಾಗಿ ಎತ್ತರ ಬೆಳೆದು ಕಾಳು ಜೊಳ್ಳಾಗುತ್ತದೆ. ಬಿತ್ತನೆಗೆ ಮುನ್ನ ಬೀಜಕ್ಕೆ ಟ್ರೈಸೈಕ್ಲೋಜೋಲ್ ಲೇಪಿಸಿ. ರೋಗ ಬಂದ ಗಿಡ ಕಂಡ ತಕ್ಷಣ ಕಿತ್ತು ನಾಶಪಡಿಸಿ.,ಫ್ಯುಸಾರಿಯಂ ಫ್ಯುಜಿಕುರಾಯ್ (ಬಕಾನೆ ರೋಗ)
ಭತ್ತ,ಭತ್ತದ ಕಾಡಿಗೆ / ಟಿಲೆಟಿಯಾ  (ಶಿಲೀಂಧ್ರ ರೋಗ),ತೆನೆ ಬರುವ ಮುನ್ನ ಪ್ರೊಪಿಕೊನಜೋಲ್ ಸಿಂಪಡಿಸಿ. ಕೊಯ್ಲಿನ ನಂತರ ಕಪ್ಪಾದ ಕಾಳುಗಳನ್ನು ಬೇರ್ಪಡಿಸಿ. ರೋಗ ಬಂದ ಬೀಜವನ್ನು ಮುಂದಿನ ಬಿತ್ತನೆಗೆ ಬಳಸಬೇಡಿ.,ಟಿಲೆಟಿಯಾ ಬಾರ್ಕ್ಲಾಯಾನಾ
ಭತ್ತ,ಬ್ಯಾಕ್ಟೀರಿಯಾ ತೆನೆ ರೋಗ  (ಬ್ಯಾಕ್ಟೀರಿಯಾ ರೋಗ),ಪ್ರಮಾಣೀಕೃತ ಬೀಜ ಬಳಸಿ. ಹೂವು ಬಿಡುವಾಗ ನೀರು ಬಸಿದು ಬಿಡಿ. ಜೊಳ್ಳು ಅಥವಾ ಕಂದು ಕಾಳು ಕಂಡರೆ 60 ಲೀಟರ್ ನೀರಿಗೆ 6 ಗ್ರಾಂ ಸ್ಟ್ರೆಪ್ಟೋಸೈಕ್ಲಿನ್ ಸಿಂಪಡಿಸಿ.,ಬರ್ಕ್ಹೋಲ್ಡೇರಿಯಾ ಗ್ಲುಮೆ (ತೆನೆ ರೋಗ)
ಭತ್ತ,ಹೊಟ್ಟು ರೋಗ / ಗ್ಲೂಮ್ ಬ್ಲೈಟ್  (ಶಿಲೀಂಧ್ರ ರೋಗ),ಕಾಳು ಕಟ್ಟುವಾಗ 1 ಲೀಟರ್ ನೀರಿಗೆ 1 ಗ್ರಾಂ ಕಾರ್ಬೆಂಡಾಜಿಮ್ ಅಥವಾ 2 ಗ್ರಾಂ ಮ್ಯಾಂಕೋಜೆಬ್ ಸಿಂಪಡಿಸಿ. ಪೊಟ್ಯಾಷ್ ಗೊಬ್ಬರ ಕೊಡಿ. ಹೊಲದಲ್ಲಿ ಅತಿಯಾದ ತೇವಾಂಶ ಇರಬಾರದು.,ಫೋಮಾ / ಕರ್ವುಲೇರಿಯಾ ಪ್ರಭೇದ
ಭತ್ತ,ಕಾಂಡ ಕೊಳೆತ  (ಶಿಲೀಂಧ್ರ ರೋಗ),ನಾಟಿಗೆ ಮುನ್ನ ಮಣ್ಣಿಗೆ ಬೇವಿನ ಹಿಂಡಿ ಹಾಕಿ. ಕಾಂಡ ಕೊಳೆತರೆ ಗಿಡದ ಬುಡಕ್ಕೆ 1 ಲೀಟರ್ ನೀರಿಗೆ 2 ಮಿ.ಲೀ ಹೆಕ್ಸಾಕೊನಜೋಲ್ ಸಿಂಪಡಿಸಿ. ಅತಿಯಾದ ಯೂರಿಯಾ ಬೇಡ.,ಸ್ಕ್ಲೆರೋಶಿಯಮ್ ಒರೈಝೆ
ಭತ್ತ,ಗಾರ್ಡನ್ ಟೋಡ್ / ಕುತ್ತಿಗೆ ಬ್ಲಾಸ್ಟ್  (ಶಿಲೀಂಧ್ರ ರೋಗ),ತೆನೆ ಬರುವಾಗ ಯೂರಿಯಾ ಕೊಡಬೇಡಿ. ರೋಗ ಲಕ್ಷಣ ಕಂಡರೆ 1 ಲೀಟರ್ ನೀರಿಗೆ 0.6 ಗ್ರಾಂ ಟ್ರೈಸೈಕ್ಲೋಜೋಲ್ ಸಿಂಪಡಿಸಿ. ಇದು ಕುತ್ತಿಗೆ ಮುರಿಯುವುದನ್ನು ತಡೆಯುತ್ತದೆ.,ಮ್ಯಾಗ್ನಾಪೋರ್ಥೆ ಒರೈಝೆ (ಕುತ್ತಿಗೆ ಬೆಂಕಿ ರೋಗ)
ಪೀಚ್ ಹಣ್ಣು,ಕಂದು ಕೊಳೆ ರೋಗ  (ಶಿಲೀಂಧ್ರ ರೋಗ),ಹಣ್ಣು ಮೆತ್ತಗಾಗಿ ಕಂದಾಗುತ್ತದೆ ಮತ್ತು ಬೂದು ಬೂಷ್ಟು ಆವರಿಸುತ್ತದೆ. ಹಣ್ಣು ಗಿಡದಲ್ಲೇ ಒಣಗಿ (ಮಮ್ಮಿ) ಉಳಿಯಬಹುದು. ಚಳಿಗಾಲದಲ್ಲಿ ಮರದಲ್ಲಿ ಉಳಿದ ಒಣಗಿದ ಹಣ್ಣುಗಳನ್ನು ಕಿತ್ತು ಸುಟ್ಟುಹಾಕಿ. ಹೂವಿನ ಮೊಗ್ಗು ಗುಲಾಬಿ ಬಣ್ಣಕ್ಕೆ ತಿರುಗಿದಾಗ ಮತ್ತು ಕೊಯ್ಲಿಗೆ 2-3 ವಾರ ಮುಂಚೆ 1 ಲೀಟರ್ ನೀರಿಗೆ 2 ಗ್ರಾಂ ಕ್ಯಾಪ್ಟಾನ್ ಅಥವಾ 1 ಮಿ.ಲೀ ಟೆಬುಕ್ಯಾನಜೋಲ್ ಸಿಂಪಡಿಸಿ.,ಮೊನಿಲಿನಿ ಫ್ರಕ್ಟಿಕೋಲಾ
ಪೀಚ್ ಹಣ್ಣು,ಪೀಚ್ ಸ್ಕ್ಯಾಬ್ / ಕಜ್ಜಿ ರೋಗ  (ಶಿಲೀಂಧ್ರ ರೋಗ),ಹಣ್ಣಿನ ಸಿಪ್ಪೆ ಮೇಲೆ ಸಣ್ಣ ಕಪ್ಪು ವೆಲ್ವೆಟ್ ಚುಕ್ಕೆಗಳು ಬರುತ್ತವೆ. ಬಿಸಿಲು ಬೀಳಲು ಮರವನ್ನು ಕತ್ತರಿಸಿ (ಪ್ರೂನಿಂಗ್). ಹೂವಿನ ದಳ ಉದುರಿದ 2 ವಾರಗಳ ನಂತರ 1 ಲೀಟರ್ ನೀರಿಗೆ 2 ಗ್ರಾಂ ಕರಗುವ ಗಂಧಕ ಅಥವಾ ಕ್ಯಾಪ್ಟಾನ್ ಸಿಂಪಡಿಸಿ. ಕಾಯಿ ಅರ್ಧ ಬೆಳೆಯುವವರೆಗೆ 10-14 ದಿನಕ್ಕೊಮ್ಮೆ ಸಿಂಪಡಿಸಿ.,ಕ್ಲಾಡೋಸ್ಪೊರಿಯಮ್ ಕಾರ್ಪೊಫಿಲಮ್
ಪೀಚ್ ಹಣ್ಣು,ಬ್ಯಾಕ್ಟೀರಿಯಾ ಮಚ್ಚೆ  (ಬ್ಯಾಕ್ಟೀರಿಯಾ ರೋಗ),ಹಣ್ಣಿನ ಮೇಲೆ ನೇರಳೆ-ಕಪ್ಪು ಚುಕ್ಕೆಗಳು ಬಂದು ಆಳವಾದ ಬಿರುಕು ಉಂಟಾಗುತ್ತದೆ ಮತ್ತು ಅಂಟು ಒಸರುತ್ತದೆ. ರೋಗ ನಿರೋಧಕ ತಳಿ ಬಳಸುವುದು ಉತ್ತಮ. ಆರಂಭಿಕ ಹಂತದಲ್ಲಿ 1 ಲೀಟರ್ ನೀರಿಗೆ 3 ಗ್ರಾಂ ಕಾಪರ್ ಆಕ್ಸಿಕ್ಲೋರೈಡ್ (ಎಲೆ ಸುಡದಂತೆ ಎಚ್ಚರವಹಿಸಿ) ಅಥವಾ ಆಕ್ಸಿಟೆಟ್ರಾಸೈಕ್ಲಿನ್ ಸಿಂಪಡಿಸಿ.,ಝಾಂಥೋಮೋನಾಸ್ ಅರ್ಬೊರಿಕೋಲಾ pv. ಪ್ರೂನಿ
ಪೀಚ್ ಹಣ್ಣು,ಮೃದು ಕೊಳೆತ / ರೈಜೋಪಸ್  (ಶಿಲೀಂಧ್ರ ರೋಗ),"ಮಾಗಿದ ಹಣ್ಣು ಮೆತ್ತಗಾಗಿ ನೀರು ಒಸರುತ್ತದೆ ಮತ್ತು ಬಿಳಿ ಬೂಷ್ಟು ಬರುತ್ತದೆ. ಕೊಯ್ಲು ಮಾಡುವಾಗ ಹಣ್ಣನ್ನು ಮೊಟ್ಟೆಯಂತೆ ಜೋಪಾನವಾಗಿ ಹಿಡಿಯಿರಿ, ಗಾಯ ಮಾಡಬೇಡಿ. ಕೊಯ್ಲಿನ ನಂತರ ತಕ್ಷಣ ತಂಪು ಮಾಡಿ. ಪ್ಯಾಕಿಂಗ್ ಬಾಕ್ಸ್ ಗಳನ್ನು ಬ್ಲೀಚ್ ನಿಂದ ಸ್ವಚ್ಛಗೊಳಿಸಿ.",ರೈಜೋಪಸ್ ಸ್ಟೋಲೋನಿಫರ್
ಪೀಚ್ ಹಣ್ಣು,ಆಂಥ್ರಾಕ್ನೋಸ್  (ಶಿಲೀಂಧ್ರ ರೋಗ),ಹಣ್ಣಿನ ಮೇಲೆ ಕಂದು ತಗ್ಗು ಚುಕ್ಕೆಗಳು ಬರುತ್ತವೆ. ಮಳೆಯಿದ್ದರೆ ಗುಲಾಬಿ ಬಣ್ಣದ ಅಂಟು ಕಾಣುತ್ತದೆ. ತೋಟದ ಹತ್ತಿರವಿರುವ ಕಾಡು ಹಣ್ಣಿನ ಗಿಡಗಳನ್ನು ತೆಗೆಯಿರಿ. ಕಾಯಿ ಬೆಳೆಯುವಾಗ 1 ಲೀಟರ್ ನೀರಿಗೆ 2 ಗ್ರಾಂ ಕ್ಯಾಪ್ಟಾನ್ ಅಥವಾ 1 ಮಿ.ಲೀ ಪ್ರೊಪಿಕೊನಜೋಲ್ ಸಿಂಪಡಿಸಿ.,ಕೊಲೆಟೊಟ್ರೈಕಮ್ ಗ್ಲಿಯೋಸ್ಪೊರಿಯಾಯ್ಡ್ಸ್
ಪೀಚ್ ಹಣ್ಣು,ಬೂದಿ ರೋಗ  (ಶಿಲೀಂಧ್ರ ರೋಗ),ಎಳೆ ಕಾಯಿಗಳ ಮೇಲೆ ಬಿಳಿ ಪುಡಿ ಆವರಿಸಿ ನಂತರ ಕಾಯಿ ಒರಟಾಗಿ ಕಂದಾಗುತ್ತದೆ. ತೇವಾಂಶ ಕಡಿಮೆ ಮಾಡಲು ಕೊಂಬೆ ಕತ್ತರಿಸಿ. ಕಾಯಿ ಕವಚ ಬಿಡುವಾಗ 1 ಲೀಟರ್ ನೀರಿಗೆ 2 ಗ್ರಾಂ ಕರಗುವ ಗಂಧಕ ಅಥವಾ 0.5 ಮಿ.ಲೀ ಮೈಕ್ಲೋಬ್ಯುಟಾನಿಲ್ ಸಿಂಪಡಿಸಿ.,ಸ್ಫೆರೋಥೆಕಾ ಪನ್ನೋಸಾ
ಪೀಚ್ ಹಣ್ಣು,ಜೀರುಂಡೆ ಬಾಧೆ  (ಕೀಟ ಬಾಧೆ),"ಜೀರುಂಡೆ ಹಣ್ಣಿನ ಮೇಲೆ ಅರ್ಧಚಂದ್ರಾಕಾರದ ಗುರುತು ಮಾಡಿ ಮೊಟ್ಟೆ ಇಡುತ್ತದೆ, ಹುಳು ಒಳಗೆ ತಿನ್ನುತ್ತದೆ. ಬಿದ್ದ ಹಣ್ಣುಗಳನ್ನು ನಾಶಪಡಿಸಿ. ಹೂವಿನ ದಳ ಉದುರಿದ ತಕ್ಷಣ 1 ಲೀಟರ್ ನೀರಿಗೆ 0.5 ಮಿ.ಲೀ ಇಮಿಡಾಕ್ಲೋಪ್ರಿಡ್ ಅಥವಾ 1.5 ಗ್ರಾಂ ಫಾಸ್ಮೆಟ್ ಸಿಂಪಡಿಸಿ.",ಜೀರುಂಡೆ ಬಾಧೆ (ಕೋಟಿನಿಸ್ ನಿಟಿಡಾ)
ಪೀಚ್ ಹಣ್ಣು,ಹಣ್ಣು ಕೊರಕ ಪತಂಗ  (ಕೀಟ ಬಾಧೆ),ಹುಳು ಹಣ್ಣಿನ ತೊಟ್ಟಿನ ಬಳಿ ರಂಧ್ರ ಮಾಡಿ ಬೀಜದ ಸುತ್ತ ತಿನ್ನುತ್ತದೆ. ತೋಟದಲ್ಲಿ ಮೋಹಕ ಬಲೆಗಳನ್ನು ಬಳಸಿ ಗಂಡು ಪತಂಗಗಳನ್ನು ಗೊಂದಲಕ್ಕೀಡು ಮಾಡಿ. ಚಿಗುರು ಬಾಡುವುದು ಅಥವಾ ಹಣ್ಣಿಗೆ ಹಾನಿ ಕಂಡರೆ 1 ಲೀಟರ್ ನೀರಿಗೆ 0.3 ಮಿ.ಲೀ ಸ್ಪಿನೋಸ್ಯಾಡ್ ಅಥವಾ 2 ಗ್ರಾಂ ಕಾರ್ಬರಿಲ್ ಸಿಂಪಡಿಸಿ.,ಗ್ರಾಫೋಲಿಟಾ ಮೊಲೆಸ್ಟಾ
ಪಿಯರ್ ಹಣ್ಣು,ಪಿಯರ್ ಸ್ಕ್ಯಾಬ್  (ಶಿಲೀಂಧ್ರ ರೋಗ),ಹಣ್ಣಿನ ಮೇಲೆ ಕಡು ಹಸಿರು ಚುಕ್ಕೆ ಬಂದು ನಂತರ ಕಪ್ಪಾಗಿ ಒರಟಾಗುತ್ತದೆ (ಕಜ್ಜಿ). ಚಳಿಗಾಲದಲ್ಲಿ ಬಿದ್ದ ಎಲೆ ಮತ್ತು ಹಣ್ಣುಗಳನ್ನು ಸಂಗ್ರಹಿಸಿ ಸುಟ್ಟುಹಾಕಿ. ಮೊಗ್ಗು ಒಡೆಯುವಾಗ ಮತ್ತು ಕಾಯಿ ಕಟ್ಟುವಾಗ 1 ಲೀಟರ್ ನೀರಿಗೆ 2 ಗ್ರಾಂ ಕ್ಯಾಪ್ಟಾನ್ ಅಥವಾ 2.5 ಗ್ರಾಂ ಮ್ಯಾಂಕೋಜೆಬ್ ಸಿಂಪಡಿಸಿ.,ವೆಂಚುರಿಯಾ ಪಿರೈನಾ
ಪಿಯರ್ ಹಣ್ಣು,ಸುಟ್ಟ ರೋಗ / ಫೈರ್ ಬ್ಲೈಟ್  (ಬ್ಯಾಕ್ಟೀರಿಯಾ ರೋಗ),ಎಳೆ ಕಾಯಿಗಳು ಬೆಂಕಿಯಲ್ಲಿ ಸುಟ್ಟಂತೆ ಕಪ್ಪಾಗಿ ಒಣಗುತ್ತವೆ ಮತ್ತು ದ್ರವ ಒಸರುತ್ತದೆ. ರೋಗ ಬಂದ ಕೊಂಬೆಯನ್ನು 12 ಇಂಚು ಕೆಳಗೆ ಕತ್ತರಿಸಿ. ಪ್ರತಿ ಬಾರಿ ಕತ್ತರಿಸುವಾಗ ಕತ್ತರಿಯನ್ನು ಶುದ್ಧೀಕರಿಸಿ. ಹೂವು ಬಿಡುವಾಗ 1 ಲೀಟರ್ ನೀರಿಗೆ 0.5 ಗ್ರಾಂ ಸ್ಟ್ರೆಪ್ಟೋಸೈಕ್ಲಿನ್ ಮತ್ತು 2 ಗ್ರಾಂ ಕಾಪರ್ ಆಕ್ಸಿಕ್ಲೋರೈಡ್ ಬೆರೆಸಿ ಸಿಂಪಡಿಸಿ.,ಎರ್ವಿನಿಯಾ ಅಮಿಲೋವೊರಾ
ಪಿಯರ್ ಹಣ್ಣು,ಕಹಿ ಕೊಳೆತ  (ಶಿಲೀಂಧ್ರ ರೋಗ),"ಹಣ್ಣಿನ ಮೇಲೆ ಕಂದು ಚುಕ್ಕೆ ಬಂದು ಒಳಗೆ ಹರಡುತ್ತದೆ, ಹಣ್ಣು ಕಹಿಯಾಗುತ್ತದೆ ಮತ್ತು ಕೊಳೆಯುತ್ತದೆ. ಮರದಲ್ಲಿ ಉಳಿದ ಒಣ ಹಣ್ಣು (ಮಮ್ಮಿ) ತೆಗೆಯಿರಿ. ಬೇಸಿಗೆಯಲ್ಲಿ ಕಾಯಿ ಬೆಳೆಯುವಾಗ 1 ಲೀಟರ್ ನೀರಿಗೆ 1 ಗ್ರಾಂ ಕಾರ್ಬೆಂಡಾಜಿಮ್ ಅಥವಾ ಥಿಯೋಫನೇಟ್ ಮೀಥೈಲ್ ಸಿಂಪಡಿಸಿ.",ಗ್ಲೋಮೆರೆಲ್ಲಾ ಸಿಂಗ್ಯುಲಾಟಾ
ಪಿಯರ್ ಹಣ್ಣು,ಕಪ್ಪು ಚುಕ್ಕೆ ರೋಗ  (ಶಿಲೀಂಧ್ರ ರೋಗ),ಹಣ್ಣಿನ ಮೇಲೆ ನೇರಳೆ-ಕಪ್ಪು ಚುಕ್ಕೆ ಬಂದು ಹಣ್ಣು ಸೀಳುತ್ತದೆ. ಬಿದ್ದ ಎಲೆಗಳನ್ನು ನಾಶಪಡಿಸಿ. ಹೂವಿನ ದಳ ಉದುರಿದ ಮೇಲೆ 1 ಲೀಟರ್ ನೀರಿಗೆ 2 ಗ್ರಾಂ ಕ್ಲೋರೋಥಲೋನಿಲ್ ಅಥವಾ ಮ್ಯಾಂಕೋಜೆಬ್ ಸಿಂಪಡಿಸಿ. ಮಳೆ ಮುಂದುವರಿದರೆ 15 ದಿನಕ್ಕೊಮ್ಮೆ ಸಿಂಪಡಿಸಿ.,ಫ್ಯಾಬ್ರಿಯಾ ಮ್ಯಾಕುಲಾಟಾ (ಕಪ್ಪು ಚುಕ್ಕೆ)
ಪಿಯರ್ ಹಣ್ಣು,ಕಲ್ಲು ರೋಗ  (ವೈರಸ್ ರೋಗ),"ಹಣ್ಣು ವಿರೂಪಗೊಂಡು ಒಳಗಿನ ತಿರುಳು ಕಲ್ಲಿನಂತೆ ಗಟ್ಟಿಯಾಗುತ್ತದೆ. ಇದು ವೈರಸ್, ಇದಕ್ಕೆ ಔಷಧವಿಲ್ಲ. ರೋಗ ಬಂದ ಮರವನ್ನು ತೆಗೆದುಹಾಕಿ. ನಾಟಿಗೆ ವೈರಸ್ ರಹಿತ ಕಸಿ ಗಿಡಗಳನ್ನೇ ಬಳಸಿ.",ಸ್ಟೋನಿ ಪಿಟ್ ವೈರಸ್ (ಕಲ್ಲು ರೋಗ)
ಪಿಯರ್ ಹಣ್ಣು,ಮಸಿ ಮಚ್ಚೆ  (ಶಿಲೀಂಧ್ರ ರೋಗ),ಹಣ್ಣಿನ ಸಿಪ್ಪೆಯ ಮೇಲೆ ಕಪ್ಪು ಮಸಿ ಅಥವಾ ನೊಣದ ಹಿಕ್ಕೆ ತರಹದ ಚುಕ್ಕೆಗಳು ಕಾಣುತ್ತವೆ. ಗಾಳಿ ಆಡಲು ಕೊಂಬೆ ಕತ್ತರಿಸಿ. ಮಳೆಗಾಲದ ಕೊನೆಯಲ್ಲಿ 1 ಲೀಟರ್ ನೀರಿಗೆ 2 ಗ್ರಾಂ ಜೈನೆಬ್ ಅಥವಾ ಮ್ಯಾಂಕೋಜೆಬ್ ಸಿಂಪಡಿಸಿ.,ಗ್ಲಿಯೋಡ್ಸ್ ಪೋಮಿಜೆನಾ (ಮಸಿ ಮಚ್ಚೆ)
ಪಿಯರ್ ಹಣ್ಣು,ನೀಲಿ ಬೂಷ್ಟು  (ಶಿಲೀಂಧ್ರ ರೋಗ),ಶೇಖರಣೆಯಲ್ಲಿ ಹಣ್ಣು ಮೆತ್ತಗಾಗಿ ನೀಲಿ ಬೂಷ್ಟು ಬರುತ್ತದೆ. ಕೊಯ್ಲು ಮಾಡುವಾಗ ಹಣ್ಣಿಗೆ ಪೆಟ್ಟಾಗದಂತೆ ನೋಡಿಕೊಳ್ಳಿ. ಶೇಖರಣೆಗೆ ಮುನ್ನ ಹಣ್ಣನ್ನು ಥಯಬೆಂಡಾಜೋಲ್ ದ್ರಾವಣದಲ್ಲಿ ಅದ್ದಿ. ಶೇಖರಣಾ ಕೊಠಡಿ ತಂಪಾಗಿರಲಿ.,ಪೆನಿಸಿಲಿಯಮ್ ಎಕ್ಸ್‌ಪಾನ್ಸಮ್
ಪಿಯರ್ ಹಣ್ಣು,ಹಣ್ಣು ಕೊರಕ  (ಕೀಟ ಬಾಧೆ),"ಹುಳು ಹಣ್ಣಿನ ಒಳಗೆ ಸೇರಿ ಬೀಜ ತಿನ್ನುತ್ತದೆ, ರಂಧ್ರದಿಂದ ಕಂದು ಪುಡಿ ಹೊರಬರುತ್ತದೆ. ಚಳಿಗಾಲದಲ್ಲಿ ಮರದ ಕಾಂಡದ ಸಡಿಲ ತೊಗಟೆ ಕೆರೆಯಿರಿ. ಮೋಹಕ ಬಲೆ ಬಳಸಿ. ಹೂವಿನ ದಳ ಉದುರಿದ ನಂತರ 1 ಲೀಟರ್ ನೀರಿಗೆ 0.3 ಮಿ.ಲೀ ಸ್ಪಿನೋಸ್ಯಾಡ್ ಅಥವಾ 2 ಗ್ರಾಂ ಕಾರ್ಬರಿಲ್ ಸಿಂಪಡಿಸಿ.",ಸಿಡಿಯಾ ಪೊಮೊನೆಲ್ಲಾ (ಹಣ್ಣು ಕೊರಕ)
ಪಿಯರ್ ಹಣ್ಣು,ಸಿಲ್ಲಾ ಕೀಟ  (ಕೀಟ ಬಾಧೆ),ಈ ಸಣ್ಣ ಕೀಟಗಳು ರಸ ಹೀರಿ ಅಂಟು ಸ್ರವಿಸುವುದರಿಂದ ಕಪ್ಪು ಮಸಿ ಬರುತ್ತದೆ. ನೀರಿನಿಂದ ಮರವನ್ನು ಜೋರಾಗಿ ತೊಳೆಯಿರಿ. 1 ಲೀಟರ್ ನೀರಿಗೆ 0.5 ಮಿ.ಲೀ ಇಮಿಡಾಕ್ಲೋಪ್ರಿಡ್ ಅಥವಾ 5 ಮಿ.ಲೀ ಬೇವಿನ ಎಣ್ಣೆ ಸಿಂಪಡಿಸಿ.,ಕಾಕೋಸಿಲ್ಲಾ ಪಿರಿಕೋಲಾ
ಅನಾನಸ್,ಸುಳಿ ಕೊಳೆತ / ಹಾರ್ಟ್ ರಾಟ್  (ಶಿಲೀಂಧ್ರ ರೋಗ),ಹಣ್ಣಿನ ಬುಡ ಅಥವಾ ಸುಳಿ ಮೆತ್ತಗಾಗಿ ಕೊಳೆತು ವಾಸನೆ ಬರುತ್ತದೆ. ನಾಟಿಗೆ ಮುನ್ನ ಸಸಿಗಳನ್ನು (ಕಂದು) 1 ಲೀಟರ್ ನೀರಿಗೆ 2 ಗ್ರಾಂ ಮ್ಯಾಂಕೋಜೆಬ್ ದ್ರಾವಣದಲ್ಲಿ ಅದ್ದಿ. ರೋಗ ಬಂದರೆ 1 ಲೀಟರ್ ನೀರಿಗೆ 2 ಗ್ರಾಂ ಫಾಸೆಟೈಲ್-ಅಲ್ ಸಿಂಪಡಿಸಿ.,ಫೈಟೊಫ್ಥೋರಾ ನಿಕೋಟಿಯಾನ
ಅನಾನಸ್,ಒಳ ಕೊಳೆತ / ಕಪ್ಪು ಕಣ್ಣು  (ಶಿಲೀಂಧ್ರ/ನುಸಿ),"ಹಣ್ಣು ಹೊರಗಿನಿಂದ ಚೆನ್ನಾಗಿ ಕಂಡರೂ, ಕತ್ತರಿಸಿದಾಗ ಒಳಗಿನ ಕಣ್ಣುಗಳು ಕಪ್ಪಾಗಿ ಗಟ್ಟಿಯಾಗಿರುತ್ತವೆ. ಹೂವು ಬಿಡುವಾಗ 1 ಲೀಟರ್ ನೀರಿಗೆ 3 ಗ್ರಾಂ ಕಾಪರ್ ಆಕ್ಸಿಕ್ಲೋರೈಡ್ ಅಥವಾ 2 ಗ್ರಾಂ ಮ್ಯಾಂಕೋಜೆಬ್ ಸಿಂಪಡಿಸಿ. ನುಸಿ ಕಂಡರೆ ಡೈಕೋಫಾಲ್ ಸಿಂಪಡಿಸಿ.",ಥೈಲಾವಿಯೊಪ್ಸಿಸ್ ಪ್ಯಾರಡಾಕ್ಸಾ
ಅನಾನಸ್,ಹುಳಿ ಕೊಳೆತ / ಯೀಸ್ಟ್  (ಯೀಸ್ಟ್),ಹಣ್ಣಿಗೆ ಗಾಯವಾದರೆ ಒಳಗೆ ಮೆತ್ತಗಾಗಿ ಆಲ್ಕೋಹಾಲ್ ಅಥವಾ ವಿನೆಗರ್ ವಾಸನೆ ಬರುತ್ತದೆ. ಕೊಯ್ಲು ಮತ್ತು ಸಾಗಾಣಿಕೆ ವೇಳೆ ಹಣ್ಣಿಗೆ ಪೆಟ್ಟಾಗದಂತೆ ನೋಡಿಕೊಳ್ಳಿ. ಕೊಯ್ಲಿನ ತಕ್ಷಣ ತೊಟ್ಟನ್ನು ಬೆನೋಮಿಲ್ ದ್ರಾವಣದಲ್ಲಿ ಅದ್ದಿ.,ಸ್ಯಾಕರೊಮೈಸಿಸ್ / ಕ್ಯಾಂಡಿಡಾ ಪ್ರಭೇದ
ಅನಾನಸ್,ಬಿಸಿಲು ಆಘಾತ  (ಭೌತಿಕ ಸಮಸ್ಯೆ),ಬಿಸಿಲು ಬೀಳುವ ಕಡೆ ಹಣ್ಣು ಬಿಳಿಯಾಗಿ ಮೆತ್ತಗಾಗುತ್ತದೆ ಅಥವಾ ಒಣಗುತ್ತದೆ. ಹಣ್ಣನ್ನು ಒಣ ಹುಲ್ಲು ಅಥವಾ ಗಿಡದ ಎಲೆಗಳಿಂದ ಮುಚ್ಚಿ ನೆರಳು ಮಾಡಿ.,ಬಿಸಿಲು ಆಘಾತ (ಸನ್‌ಬರ್ನ್)
ಅನಾನಸ್,ಪಿಂಕ್ ರೋಗ  (ಬ್ಯಾಕ್ಟೀರಿಯಾ ರೋಗ),ಹಣ್ಣನ್ನು ಬೇಯಿಸಿದಾಗ ಅಥವಾ ಕ್ಯಾನಿಂಗ್ ಮಾಡುವಾಗ ಒಳಗಿನ ತಿರುಳು ಕಂದು-ಗುಲಾಬಿ ಬಣ್ಣಕ್ಕೆ ತಿರುಗುತ್ತದೆ. ಹಣ್ಣು ಅತಿಯಾಗಿ ಮಾಗುವ ಮುನ್ನವೇ ಕೊಯ್ಲು ಮಾಡಿ. ಮಳೆಗಾಲದಲ್ಲಿ ಕೊಯ್ಲು ತಪ್ಪಿಸಿ.,ಪಾಂಟೋಯಾ ಸಿಟ್ರಿಯಾ (ಪಿಂಕ್ ರೋಗ)
ಅನಾನಸ್,ಮಾರ್ಬ್ಲಿಂಗ್ ರೋಗ  (ಬ್ಯಾಕ್ಟೀರಿಯಾ ರೋಗ),ಹಣ್ಣಿನ ತಿರುಳು ಗಟ್ಟಿಯಾಗಿ ಕಂದು ಚುಕ್ಕೆಗಳಿರುತ್ತವೆ ಮತ್ತು ಕರುಕರುವಾಗಿರುತ್ತದೆ. ಕೊಯ್ಲು ಮಾಡುವ ಕತ್ತಿಯನ್ನು ಬ್ಲೀಚ್ ನಿಂದ ಸ್ವಚ್ಛಗೊಳಿಸಿ. ಕಾಯಿ ಬೆಳೆಯುವಾಗ 1 ಲೀಟರ್ ನೀರಿಗೆ 3 ಗ್ರಾಂ ಕಾಪರ್ ಆಕ್ಸಿಕ್ಲೋರೈಡ್ ಸಿಂಪಡಿಸಿ.,ಪಾಂಟೋಯಾ ಅನಾನಾಟಿಸ್
ಅನಾನಸ್,ಹಸಿರು ಕಾಯಿ ಕೊಳೆತ  (ಶಿಲೀಂಧ್ರ ರೋಗ),ಒದ್ದೆ ಮಣ್ಣಿನಲ್ಲಿ ಬೆಳೆಯುವ ಹಸಿರು ಕಾಯಿಗಳು ಕೊಳೆಯುತ್ತವೆ. ತಗ್ಗು ಪ್ರದೇಶದಲ್ಲಿ ಬೆಳೆಯಬೇಡಿ. ಕಳೆ ತೆಗೆಯುವಾಗ ಮಣ್ಣು ಗಿಡಕ್ಕೆ ಬೀಳದಂತೆ ನೋಡಿ. ಮಳೆ ಹೆಚ್ಚಿದ್ದರೆ 1 ಲೀಟರ್ ನೀರಿಗೆ 2 ಗ್ರಾಂ ಮೆಟಾಲಾಕ್ಸಿಲ್ ಮತ್ತು ಮ್ಯಾಂಕೋಜೆಬ್ ಮಿಶ್ರಣ ಸಿಂಪಡಿಸಿ.,ಫೈಟೊಫ್ಥೋರಾ ಪ್ರಭೇದ
ಅನಾನಸ್,ಒರಟು ತಿರುಳು / ಲೆದರಿ ಪಾಕೆಟ್  (ಸಮಸ್ಯೆ),ಒಳಗಿನ ತಿರುಳು ಅಲ್ಲಲ್ಲಿ ಗಟ್ಟಿಯಾಗಿ ಒರಟಾಗುತ್ತದೆ (ಲೆದರ್ ತರಹ). ಇದು ಕೀಟ ಅಥವಾ ಒತ್ತಡದಿಂದ ಆಗುತ್ತದೆ. ಸರಿಯಾಗಿ ನೀರು ಕೊಡಿ. ಕಾಯಿ ಬೆಳೆಯುವ ಆರಂಭದಲ್ಲಿ 1 ಲೀಟರ್ ನೀರಿಗೆ 5 ಮಿ.ಲೀ ಬೇವಿನ ಎಣ್ಣೆ ಸಿಂಪಡಿಸಿ ಕೀಟ ನಿಯಂತ್ರಿಸಿ.,ಪೆನಿಸಿಲಿಯಮ್ ಫ್ಯೂನಿಕ್ಯುಲೋಸಮ್ (ಲೆದರಿ ಪಾಕೆಟ್)
ಪ್ಲಮ್ ಹಣ್ಣು,ಕಂದು ಕೊಳೆ ರೋಗ  (ಶಿಲೀಂಧ್ರ ರೋಗ),ಹಣ್ಣು ಮೆತ್ತಗಾಗಿ ಕಂದು ಬಣ್ಣಕ್ಕೆ ತಿರುಗಿ ಬೂದು ಬೂಷ್ಟು ಬರುತ್ತದೆ. ಚಳಿಗಾಲದಲ್ಲಿ ಮರದಲ್ಲಿ ಉಳಿದ ಒಣಗಿದ ಹಣ್ಣುಗಳನ್ನು (ಮಮ್ಮಿ) ಸುಟ್ಟುಹಾಕಿ. ಹೂವು ಅರಳುವಾಗ ಮತ್ತು ಕೊಯ್ಲಿಗೆ 2 ವಾರ ಮುಂಚೆ 1 ಲೀಟರ್ ನೀರಿಗೆ 2 ಗ್ರಾಂ ಕ್ಯಾಪ್ಟಾನ್ ಅಥವಾ 1 ಮಿ.ಲೀ ಟೆಬುಕ್ಯಾನಜೋಲ್ ಸಿಂಪಡಿಸಿ.,ಮೊನಿಲಿನಿ ಫ್ರಕ್ಟಿಕೋಲಾ
ಪ್ಲಮ್ ಹಣ್ಣು,ಪಾಕೆಟ್ ರೋಗ / ಬಲೂನ್ ರೋಗ  (ಶಿಲೀಂಧ್ರ ರೋಗ),ಹಣ್ಣು ಬಲೂನ್ ನಂತೆ ಊದಿಕೊಂಡು ಟೊಳ್ಳಾಗುತ್ತದೆ ಮತ್ತು ಬಣ್ಣ ಕಳೆದುಕೊಳ್ಳುತ್ತದೆ. ವಿರೂಪಗೊಂಡ ಹಣ್ಣುಗಳನ್ನು ನಾಶಪಡಿಸಿ. ವಸಂತಕಾಲದ ಆರಂಭದಲ್ಲಿ ಮೊಗ್ಗು ಒಡೆಯುವ ಮುನ್ನ 1 ಲೀಟರ್ ನೀರಿಗೆ 3 ಗ್ರಾಂ ಕಾಪರ್ ಆಕ್ಸಿಕ್ಲೋರೈಡ್ ಅಥವಾ ಲೈಮ್ ಸಲ್ಫರ್ ಸಿಂಪಡಿಸಿ.,ಟಾಫ್ರಿನಾ ಪ್ರೂನಿ
ಪ್ಲಮ್ ಹಣ್ಣು,ಬ್ಯಾಕ್ಟೀರಿಯಾ ಮಚ್ಚೆ  (ಬ್ಯಾಕ್ಟೀರಿಯಾ ರೋಗ),ಹಣ್ಣಿನ ಮೇಲೆ ಕಪ್ಪು ತಗ್ಗು ಚುಕ್ಕೆಗಳು ಬಂದು ಬಿರುಕು ಬಿಡುತ್ತದೆ. ತಗ್ಗು ಪ್ರದೇಶದಲ್ಲಿ ಗಿಡ ನೆಡಬೇಡಿ. ಹೂವಿನ ದಳ ಉದುರುವಾಗ 1 ಲೀಟರ್ ನೀರಿಗೆ 3 ಗ್ರಾಂ ಕಾಪರ್ ಆಕ್ಸಿಕ್ಲೋರೈಡ್ (ಎಚ್ಚರಿಕೆಯಿಂದ ಬಳಸಿ) ಅಥವಾ ಅಗ್ರಿಮೈಸಿನ್ ಸಿಂಪಡಿಸಿ.,ಝಾಂಥೋಮೋನಾಸ್ ಅರ್ಬೊರಿಕೋಲಾ pv. ಪ್ರೂನಿ
ಪ್ಲಮ್ ಹಣ್ಣು,ಪ್ಲಮ್ ಸ್ಕ್ಯಾಬ್  (ಶಿಲೀಂಧ್ರ ರೋಗ),ಹಣ್ಣಿನ ಮೇಲೆ ಆಲಿವ್ ಹಸಿರು ಚುಕ್ಕೆ ಬಂದು ನಂತರ ಕಪ್ಪಾಗುತ್ತದೆ. ಬಿಸಿಲು ಬೀಳಲು ಕೊಂಬೆ ಕತ್ತರಿಸಿ. ಎಳೆ ಕಾಯಿಯ ಕವಚ ಸೀಳುವಾಗ 1 ಲೀಟರ್ ನೀರಿಗೆ 2 ಗ್ರಾಂ ಕರಗುವ ಗಂಧಕ ಅಥವಾ ಕ್ಯಾಪ್ಟಾನ್ ಸಿಂಪಡಿಸಿ.,ವೆಂಚುರಿಯಾ ಕಾರ್ಪೊಫಿಲಾ
ಪ್ಲಮ್ ಹಣ್ಣು,ಪಾಕ್ಸ್ ವೈರಸ್ / ಶಾರ್ಕಾ  (ವೈರಸ್ ರೋಗ),ಹಣ್ಣಿನ ಮೇಲೆ ತಿಳಿ ಬಣ್ಣದ ಉಂಗುರಗಳು ಕಾಣುತ್ತವೆ ಮತ್ತು ಹಣ್ಣು ವಿರೂಪಗೊಳ್ಳುತ್ತದೆ. ಇದಕ್ಕೆ ಔಷಧವಿಲ್ಲ. ರೋಗ ಬಂದ ಮರವನ್ನು ಬುಡಸಹಿತ ಕಿತ್ತು ಸುಟ್ಟುಹಾಕಿ. ಈ ವೈರಸ್ ಹರಡುವ ಜಿಗಿಹೇನುಗಳನ್ನು (Aphids) ನಿಯಂತ್ರಿಸಲು ಡೈಮೆಥೋಯೇಟ್ ಸಿಂಪಡಿಸಿ.,ಪ್ಲಮ್ ಪಾಕ್ಸ್ ವೈರಸ್ (PPV)
ಪ್ಲಮ್ ಹಣ್ಣು,ಜೀರುಂಡೆ ಬಾಧೆ  (ಕೀಟ ಬಾಧೆ),"ಜೀರುಂಡೆ ಹಣ್ಣಿನ ಮೇಲೆ ಅರ್ಧಚಂದ್ರಾಕಾರದ ಗುರುತು ಮಾಡಿ ಮೊಟ್ಟೆ ಇಡುತ್ತದೆ, ಹುಳು ಒಳಗೆ ಕೊಳೆಯಿಸುತ್ತದೆ. ಬಿದ್ದ ಹಣ್ಣುಗಳನ್ನು ಪ್ರತಿದಿನ ಹೂತುಹಾಕಿ. ಹೂವಿನ ದಳ ಉದುರಿದ ತಕ್ಷಣ 1 ಲೀಟರ್ ನೀರಿಗೆ 0.5 ಮಿ.ಲೀ ಇಮಿಡಾಕ್ಲೋಪ್ರಿಡ್ ಅಥವಾ 1.5 ಗ್ರಾಂ ಫಾಸ್ಮೆಟ್ ಸಿಂಪಡಿಸಿ.",ಪ್ಲಮ್ ಕರ್ಕ್ಯುಲಿಯೊ (ಕೊನೊಟ್ರಾಚೆಲಸ್ ನೆನುಫಾರ್)
ಪ್ಲಮ್ ಹಣ್ಣು,ಮೃದು ಕೊಳೆತ / ರೈಜೋಪಸ್  (ಶಿಲೀಂಧ್ರ ರೋಗ),ಮಾಗಿದ ಹಣ್ಣು ಮೆತ್ತಗಾಗಿ ನೀರು ಒಸರುತ್ತದೆ ಮತ್ತು ಬಿಳಿ ಬೂಷ್ಟು ಬರುತ್ತದೆ. ಕೊಯ್ಲು ಮಾಡುವಾಗ ಹಣ್ಣಿಗೆ ಪೆಟ್ಟಾಗದಂತೆ ನೋಡಿಕೊಳ್ಳಿ. ಕೊಯ್ಲಿನ ನಂತರ ತಕ್ಷಣ ತಂಪು ಮಾಡಿ. ಹಣ್ಣನ್ನು ಪ್ರೊಪಿಕೊನಜೋಲ್ ದ್ರಾವಣದಲ್ಲಿ ಅದ್ದಿ ಪ್ಯಾಕ್ ಮಾಡಿ.,ರೈಜೋಪಸ್ ಸ್ಟೋಲೋನಿಫರ್
ಪ್ಲಮ್ ಹಣ್ಣು,ಒರಟು ಚರ್ಮ / ಬೂದಿ ರೋಗ  (ಶಿಲೀಂಧ್ರ ರೋಗ),ಎಳೆ ಕಾಯಿಗಳ ಮೇಲೆ ಬಿಳಿ ಪುಡಿ ಬಂದು ಹೋದ ನಂತರ ಸಿಪ್ಪೆ ಕಂದು ಬಣ್ಣಕ್ಕೆ ತಿರುಗಿ ಒರಟಾಗುತ್ತದೆ (ರಸ್ಸೆಟಿಂಗ್). ತೇವಾಂಶ ಕಡಿಮೆ ಮಾಡಲು ಕೊಂಬೆ ಕತ್ತರಿಸಿ. ಹೂವಿನ ದಳ ಉದುರಿದಂದಿನಿಂದ 1 ಲೀಟರ್ ನೀರಿಗೆ 2 ಗ್ರಾಂ ಕರಗುವ ಗಂಧಕ ಅಥವಾ 0.5 ಮಿ.ಲೀ ಮೈಕ್ಲೋಬ್ಯುಟಾನಿಲ್ ಸಿಂಪಡಿಸಿ.,ಸ್ಕ್ಯಾಬ್ / ಪೌಡರಿ ಮಿಲ್ಡ್ಯೂ (ಬೂದಿ ರೋಗ)
ದಾಳಿಂಬೆ,ದುಂಡಾಣು ರೋಗ / ಎಣ್ಣೆ ಮಚ್ಚೆ ರೋಗ  (ಬ್ಯಾಕ್ಟೀರಿಯಾ ರೋಗ),ಹಣ್ಣಿನ ಮೇಲೆ ಎಣ್ಣೆ ಮಚ್ಚೆಗಳು ಬಂದು ಕಾಯಿ ಸೀಳುತ್ತದೆ. ರೋಗ ಬಂದ ಕೊಂಬೆ ಮತ್ತು ಕಾಯಿಗಳನ್ನು ಕೂಡಲೇ ಕತ್ತರಿಸಿ ಸುಟ್ಟುಹಾಕಿ. ಕತ್ತರಿಸಿದ ಜಾಗಕ್ಕೆ ಬೋರ್ಡೋ ಪೇಸ್ಟ್ ಹಚ್ಚಿ. 1 ಲೀಟರ್ ನೀರಿಗೆ 0.5 ಗ್ರಾಂ ಸ್ಟ್ರೆಪ್ಟೋಸೈಕ್ಲಿನ್ ಮತ್ತು 2.5 ಗ್ರಾಂ ಕಾಪರ್ ಆಕ್ಸಿಕ್ಲೋರೈಡ್ ಬೆರೆಸಿ ಸಿಂಪಡಿಸಿ. ಮಳೆಗಾಲದಲ್ಲಿ 10-15 ದಿನಕ್ಕೊಮ್ಮೆ ಸಿಂಪಡಿಸಿ.,ಝಾಂಥೋಮೋನಾಸ್ ಆಕ್ಸಾನೋಪೋಡಿಸ್ pv. ಪ್ಯೂನಿಕೆ
ದಾಳಿಂಬೆ,ಆಂಥ್ರಾಕ್ನೋಸ್ / ಹಣ್ಣು ಕೊಳೆತ  (ಶಿಲೀಂಧ್ರ ರೋಗ),ಹಣ್ಣಿನ ಮೇಲೆ ಕಡು ಕಂದು ತಗ್ಗು ಚುಕ್ಕೆಗಳು ಬಂದು ಗಟ್ಟಿಯಾಗುತ್ತದೆ. ಒಣಗಿದ ಕಡ್ಡಿ ಮತ್ತು ಕೊಳೆತ ಕಾಯಿ ತೆಗೆಯಿರಿ. ಕಾಯಿ ಬೆಳೆಯುವಾಗ 1 ಲೀಟರ್ ನೀರಿಗೆ 1 ಗ್ರಾಂ ಕಾರ್ಬೆಂಡಾಜಿಮ್ ಅಥವಾ 1 ಮಿ.ಲೀ ಪ್ರೊಪಿಕೊನಜೋಲ್ ಸಿಂಪಡಿಸಿ. ಮೋಡ ಕವಿದ ವಾತಾವರಣವಿದ್ದರೆ 1 ಲೀಟರ್ ನೀರಿಗೆ 2 ಗ್ರಾಂ ಮ್ಯಾಂಕೋಜೆಬ್ ಸಿಂಪಡಿಸಿ.,ಕೊಲೆಟೊಟ್ರೈಕಮ್ ಗ್ಲಿಯೋಸ್ಪೊರಿಯಾಯ್ಡ್ಸ್
ದಾಳಿಂಬೆ,ಒಳ ಕೊಳೆತ / ಹಾರ್ಟ್ ರಾಟ್  (ಶಿಲೀಂಧ್ರ ರೋಗ),"ಹಣ್ಣು ಹೊರಗಿನಿಂದ ಚೆನ್ನಾಗಿ ಕಂಡರೂ, ಒಳಗೆ ಕಪ್ಪಾಗಿ ಕೊಳೆತು ವಾಸನೆ ಬರುತ್ತದೆ. ಹೂವು ಬಿಡುವಾಗ 1 ಲೀಟರ್ ನೀರಿಗೆ 2 ಗ್ರಾಂ ಮ್ಯಾಂಕೋಜೆಬ್ ಅಥವಾ 3 ಗ್ರಾಂ ಕಾಪರ್ ಆಕ್ಸಿಕ್ಲೋರೈಡ್ ಸಿಂಪಡಿಸಿ. ಹೂವಿನ ತುದಿ ಒಡೆಯದಂತೆ ಬೋರಾನ್ ಮತ್ತು ಕ್ಯಾಲ್ಸಿಯಂ ಪೋಷಕಾಂಶ ನೀಡಿ.",ಆಲ್ಟರ್ನೇರಿಯಾ / ಆಸ್ಪರ್ಜಿಲಸ್ ಪ್ರಭೇದ
ದಾಳಿಂಬೆ,ಹಣ್ಣು ಒಡೆಯುವುದು / ಬಿರುಕು  (ಭೌತಿಕ ಸಮಸ್ಯೆ),ನೀರಿನ ಏರುಪೇರು ಅಥವಾ ಬೋರಾನ್ ಕೊರತೆಯಿಂದ ಕಾಯಿ ಒಡೆಯುತ್ತದೆ. ಮಣ್ಣು ಪೂರ್ತಿ ಒಣಗಲು ಬಿಡದೆ ನಿಯಮಿತವಾಗಿ ನೀರು ಕೊಡಿ. ಕಾಯಿ ನಿಂಬೆ ಗಾತ್ರದಲ್ಲಿದ್ದಾಗ 1 ಲೀಟರ್ ನೀರಿಗೆ 2 ಗ್ರಾಂ ಬೊರಾಕ್ಸ್ ಸಿಂಪಡಿಸಿ. ಮಣ್ಣಿನಲ್ಲಿ ತೇವಾಂಶ ಕಾಪಾಡಲು ಮಲ್ಚಿಂಗ್ ಮಾಡಿ.,ದೈಹಿಕ ಒಡೆಯುವಿಕೆ (ಬಿರುಕು)
ದಾಳಿಂಬೆ,ಬಿಸಿಲು ಆಘಾತ / ಸುಡುಗಾಯ  (ಭೌತಿಕ ಸಮಸ್ಯೆ),ಬಿಸಿಲು ಬೀಳುವ ಕಡೆ ಕಾಯಿ ಕಪ್ಪಾಗಿ ಅಥವಾ ಬಿಳಿಯಾಗಿ ಗಟ್ಟಿಯಾಗುತ್ತದೆ. ಕಾಯಿಗೆ ಕಾಗದದ ಚೀಲ ಅಥವಾ ಒಣ ಹುಲ್ಲಿನ ಹೊದಿಕೆ ಹಾಕಿ. ಗಿಡದಲ್ಲಿ ಎಲೆಗಳು ಕಾಯಿಗೆ ನೆರಳು ನೀಡುವಂತೆ ನೋಡಿಕೊಳ್ಳಿ. ವಿಪರೀತ ಬಿಸಿಲಿದ್ದರೆ 1 ಲೀಟರ್ ನೀರಿಗೆ 50 ಗ್ರಾಂ ಕಯೋಲಿನ್ ಜೇಡಿಮಣ್ಣು ಬೆರೆಸಿ ಸಿಂಪಡಿಸಿ.,ಬಿಸಿಲು ಆಘಾತ
ದಾಳಿಂಬೆ,ಕಾಯಿಕೊರಕ / ಚಿಟ್ಟೆ ಬಾಧೆ  (ಕೀಟ ಬಾಧೆ),"ಚಿಟ್ಟೆ ಹೂವಿನ ಮೇಲೆ ಮೊಟ್ಟೆ ಇಟ್ಟು, ಹುಳು ಒಳಗೆ ಸೇರಿ ಕೊಳೆಯಿಸುತ್ತದೆ. ಕಾಯಿ ನಿಂಬೆ ಗಾತ್ರದಲ್ಲಿದ್ದಾಗ ಬಟರ್ ಪೇಪರ್ ಅಥವಾ ಪಾಲಿಮರ್ ಚೀಲ ಹಾಕಿ. ರಂಧ್ರವಿರುವ ಕಾಯಿಗಳನ್ನು ನಾಶಪಡಿಸಿ. ಕಾಯಿ ಚಿಕ್ಕದಿದ್ದಾಗ 1 ಲೀಟರ್ ನೀರಿಗೆ 3 ಮಿ.ಲೀ ಬೇವಿನ ಎಣ್ಣೆ ಅಥವಾ 0.3 ಮಿ.ಲೀ ಸ್ಪಿನೋಸ್ಯಾಡ್ ಸಿಂಪಡಿಸಿ.",ಡ್ಯೂಡೊರಿಕ್ಸ್ ಐಸೊಕ್ರೇಟ್ಸ್ (ಅನಾರ್ ಚಿಟ್ಟೆ)
ದಾಳಿಂಬೆ,ಸರ್ಕೋಸ್ಪೋರಾ ಕಪ್ಪು ಚುಕ್ಕೆ  (ಶಿಲೀಂಧ್ರ ರೋಗ),ಹಣ್ಣಿನ ಮೇಲೆ ಕಪ್ಪು ಚುಕ್ಕೆಗಳು ಬರುತ್ತವೆ. ತೋಟದಲ್ಲಿ ಕಳೆ ಮತ್ತು ಬಿದ್ದ ಎಲೆಗಳನ್ನು ತೆಗೆಯಿರಿ. 1 ಲೀಟರ್ ನೀರಿಗೆ 1 ಗ್ರಾಂ ಥಿಯೋಫನೇಟ್ ಮೀಥೈಲ್ ಅಥವಾ 2 ಗ್ರಾಂ ಕ್ಲೋರೋಥಲೋನಿಲ್ ಸಿಂಪಡಿಸಿ. ಚುಕ್ಕೆ ಮುಂದುವರಿದರೆ 15 ದಿನಗಳ ನಂತರ ಮತ್ತೆ ಸಿಂಪಡಿಸಿ.,ಸರ್ಕೋಸ್ಪೋರಾ ಪ್ಯೂನಿಕೆ
ದಾಳಿಂಬೆ,ಆಲ್ಟರ್ನೇರಿಯಾ ಹಣ್ಣು ಮಚ್ಚೆ  (ಶಿಲೀಂಧ್ರ ರೋಗ),ಹಣ್ಣಿನ ಕಿರೀಟದ (ತೊಟ್ಟು) ಬಳಿ ಕೆಂಪು-ಕಂದು ಚುಕ್ಕೆ ಬಂದು ಕೊಳೆಯುತ್ತದೆ. ಕಾಯಿ ಬೆಳೆಯುವಾಗ 1 ಲೀಟರ್ ನೀರಿಗೆ 2.5 ಗ್ರಾಂ ಮ್ಯಾಂಕೋಜೆಬ್ ಅಥವಾ 1 ಮಿ.ಲೀ ಟೆಬುಕ್ಯಾನಜೋಲ್ ಸಿಂಪಡಿಸಿ. ಗಾಳಿ ಆಡಲು ಹೆಚ್ಚುವರಿ ಕೊಂಬೆಗಳನ್ನು ಕತ್ತರಿಸಿ.,ಆಲ್ಟರ್ನೇರಿಯಾ ಆಲ್ಟರ್ನೇಟಾ
ಸಪೋಟ,ಆಂಥ್ರಾಕ್ನೋಸ್ / ಹಣ್ಣು ಕೊಳೆತ  (ಶಿಲೀಂಧ್ರ ರೋಗ),ಹಣ್ಣಿನ ಮೇಲೆ ಕಡು ಕಂದು ತಗ್ಗು ಚುಕ್ಕೆ ಬಂದು ಗಟ್ಟಿಯಾಗುತ್ತದೆ. ಒಣಗಿದ ಕೊಂಬೆಗಳನ್ನು ಕತ್ತರಿಸಿ. ಕಾಯಿ ಕಟ್ಟುವಾಗ 1 ಲೀಟರ್ ನೀರಿಗೆ 1 ಗ್ರಾಂ ಕಾರ್ಬೆಂಡಾಜಿಮ್ ಅಥವಾ 2 ಗ್ರಾಂ ಮ್ಯಾಂಕೋಜೆಬ್ ಸಿಂಪಡಿಸಿ. ಬಿದ್ದ ಮತ್ತು ಕೊಳೆತ ಹಣ್ಣುಗಳನ್ನು ನಾಶಪಡಿಸಿ.,ಕೊಲೆಟೊಟ್ರೈಕಮ್ ಗ್ಲಿಯೋಸ್ಪೊರಿಯಾಯ್ಡ್ಸ್
ಸಪೋಟ,ಮಸಿ ರೋಗ  (ಕೀಟ ಬಾಧೆ),ಹಣ್ಣಿನ ಮೇಲೆ ಕಪ್ಪು ಮಸಿ ಆವರಿಸುತ್ತದೆ. ಕೀಟಗಳ ಸಿಹಿ ಸ್ರಾವದಿಂದ ಇದು ಬರುತ್ತದೆ. ಮಸಿ ಹೋಗಲಾಡಿಸಲು ಶೇ. 5 ರ ಮೈದಾ ಗಂಜಿ ದ್ರಾವಣ ಸಿಂಪಡಿಸಿ. ಕೀಟ ನಿಯಂತ್ರಿಸಲು 1 ಲೀಟರ್ ನೀರಿಗೆ 5 ಮಿ.ಲೀ ಬೇವಿನ ಎಣ್ಣೆ ಅಥವಾ 2 ಮಿ.ಲೀ ಡೈಮೆಥೋಯೇಟ್ ಸಿಂಪಡಿಸಿ.,ಕ್ಯಾಪ್ನೋಡಿಯಮ್ ಪ್ರಭೇದ
ಸಪೋಟ,ಬಂಧ ರೋಗ / ಚಪ್ಪಟೆ ಕೊಂಬೆ  (ವೈರಸ್/ಆನುವಂಶಿಕ),ಕೊಂಬೆ ಚಪ್ಪಟೆಯಾಗಿ ವಿರೂಪಗೊಳ್ಳುತ್ತದೆ ಮತ್ತು ಸಣ್ಣ ಕಾಯಿ ಬಿಡುತ್ತದೆ. ಚಪ್ಪಟೆ ಕೊಂಬೆಗಳನ್ನು ಕತ್ತರಿಸಿ ಬೋರ್ಡೋ ಪೇಸ್ಟ್ ಹಚ್ಚಿ. ರೋಗ ಬಂದ ಮರದ ಕಸಿ ಕಡ್ಡಿ ಬಳಸಬೇಡಿ. ಮರಕ್ಕೆ ಸರಿಯಾದ ಪೋಷಕಾಂಶ ನೀಡಿ.,ಫ್ಯಾಸಿಯೇಷನ್ / ಚಪ್ಪಟೆ ಕೊಂಬೆ
ಸಪೋಟ,ಕಾಯಿ ಉದುರುವಿಕೆ  (ಸಮಸ್ಯೆ),ನೀರಿನ ಒತ್ತಡ ಅಥವಾ ಉಷ್ಣಾಂಶ ಬದಲಾವಣೆಯಿಂದ ಎಳೆ ಕಾಯಿ ಉದುರುತ್ತದೆ. ಹೂವು ಬಿಡುವಾಗ ಮತ್ತು ಕಾಯಿ ಬಟಾಣಿ ಗಾತ್ರದಲ್ಲಿದ್ದಾಗ 18 ಲೀಟರ್ ನೀರಿಗೆ 4 ಮಿ.ಲೀ ಪ್ಲಾನೋಫಿಕ್ಸ್ (NAA) ಸಿಂಪಡಿಸಿ. ಬೇಸಿಗೆಯಲ್ಲಿ ನಿಯಮಿತವಾಗಿ ನೀರು ಕೊಡಿ.,ದೈಹಿಕ ಹಣ್ಣು ಉದುರುವಿಕೆ
ಸಪೋಟ,ಮೊಗ್ಗು ಕೊರಕ / ಚಿಕ್ಕು ಚಿಟ್ಟೆ  (ಕೀಟ ಬಾಧೆ),ಹುಳು ಮೊಗ್ಗು ಮತ್ತು ಎಳೆ ಕಾಯಿಗೆ ರಂಧ್ರ ಮಾಡಿ ತಿನ್ನುತ್ತದೆ. ಬಿದ್ದ ಮೊಗ್ಗು ಮತ್ತು ಕಾಯಿಗಳನ್ನು ತೆಗೆಯಿರಿ. ಬೆಳಕಿನ ಬಲೆ ಬಳಸಿ. ಮೊಗ್ಗು ಬರುವಾಗ 1 ಲೀಟರ್ ನೀರಿಗೆ 2 ಮಿ.ಲೀ ಕ್ವಿನಾಲ್ಫಾಸ್ ಅಥವಾ 1 ಮಿ.ಲೀ ಪ್ರೊಫೆನೋಫಾಸ್ ಸಿಂಪಡಿಸಿ. ಕೊಯ್ಲಿಗೆ ಹತ್ತಿರವಿದ್ದಾಗ ಸಿಂಪಡಿಸಬೇಡಿ.,ಅನಾರ್ಸಿಯಾ ಅಕ್ರಾಸೆಲ್ಲಾ
ಸಪೋಟ,ಬೀಜ ಕೊರಕ ಹುಳು  (ಕೀಟ ಬಾಧೆ),ಸಣ್ಣ ಹುಳು ಕಾಯಿಯೊಳಗೆ ಸೇರಿ ಬೀಜ ತಿನ್ನುತ್ತದೆ. ಹೊರಗೆ ಕಾಯಿ ಚೆನ್ನಾಗಿ ಕಂಡರೂ ಒಳಗೆ ಕೆಟ್ಟಿರುತ್ತದೆ. ಬಿದ್ದ ಹಣ್ಣುಗಳನ್ನು ಸುಟ್ಟುಹಾಕಿ. ಕಾಯಿ ಗೋಲಿ ಗಾತ್ರದಲ್ಲಿದ್ದಾಗ 1 ಲೀಟರ್ ನೀರಿಗೆ 1 ಮಿ.ಲೀ ಡೆಲ್ಟಾಮೆಥ್ರಿನ್ ಅಥವಾ 5 ಮಿ.ಲೀ ಬೇವಿನ ಎಣ್ಣೆ ಸಿಂಪಡಿಸಿ.,ಟ್ರೈಮಾಲಿಟಿಸ್ ಮಾರ್ಗಾರಿಟಾಸ್
ಸಪೋಟ,ಹಣ್ಣು ಚುಕ್ಕೆ ರೋಗ  (ಶಿಲೀಂಧ್ರ ರೋಗ),ಹಣ್ಣಿನ ಸಿಪ್ಪೆಯ ಮೇಲೆ ಗುಲಾಬಿ ಅಥವಾ ಕೆಂಪು-ಕಂದು ಚುಕ್ಕೆಗಳು ಬರುತ್ತವೆ. ಬಿಸಿಲು ಬೀಳಲು ಮರ ಕತ್ತರಿಸಿ. ಕಾಯಿ ಬೆಳೆಯುವಾಗ 1 ಲೀಟರ್ ನೀರಿಗೆ 3 ಗ್ರಾಂ ಕಾಪರ್ ಆಕ್ಸಿಕ್ಲೋರೈಡ್ ಅಥವಾ 1 ಗ್ರಾಂ ಥಿಯೋಫನೇಟ್ ಮೀಥೈಲ್ ಸಿಂಪಡಿಸಿ. ತೇವಾಂಶವಿದ್ದರೆ 20 ದಿನ ಬಿಟ್ಟು ಮತ್ತೆ ಸಿಂಪಡಿಸಿ.,ಫಿಯೋಫಿಯೋಸ್ಪೋರಾ ಇಂಡಿಕಾ
ಸ್ಟ್ರಾಬೆರಿ,ಬೂದು ಬೂಷ್ಟು / ಬೊಟ್ರೈಟಿಸ್  (ಶಿಲೀಂಧ್ರ ರೋಗ),ತಂಪಾದ ಮತ್ತು ತೇವಾಂಶವಿರುವಾಗ ಬೂದು ಬೂಷ್ಟು ಬರುತ್ತದೆ. ಗಿಡಗಳು ಹೆಚ್ಚು ಒತ್ತಾಗದಂತೆ ನೋಡಿಕೊಳ್ಳಿ. ಸಂಜೆ ವೇಳೆ ನೀರು ಹಾಯಿಸಬೇಡಿ. ಅಗತ್ಯವಿದ್ದರೆ 1 ಲೀಟರ್ ನೀರಿಗೆ 1 ಗ್ರಾಂ ಕಾರ್ಬೆಂಡಾಜಿಮ್ ಅಥವಾ ಹೆಕ್ಸಾಕೊನಜೋಲ್ ಸಿಂಪಡಿಸಿ. ಕೊಯ್ಲಿನ ನಂತರ ಹಣ್ಣು ಒಣಗಿರಲಿ.,ಬೊಟ್ರೈಟಿಸ್ ಸಿನೆರಿಯಾ
ಸ್ಟ್ರಾಬೆರಿ,ಲೆದರ್ ರಾಟ್ / ಫೈಟೋಫthora  (ಶಿಲೀಂಧ್ರ ರೋಗ),ಹಣ್ಣು ಒದ್ದೆ ಮಣ್ಣಿಗೆ ತಾಗಿದರೆ ಕೊಳೆಯುತ್ತದೆ. ಮಲ್ಚಿಂಗ್ (ಹೊದಿಕೆ) ಬಳಸಿ. ತೋಟದಲ್ಲಿ ನೀರು ನಿಲ್ಲದಂತೆ ಮಾಡಿ. ಮಳೆಯ ನಂತರ 1 ಲೀಟರ್ ನೀರಿಗೆ 2 ಗ್ರಾಂ ಮೆಟಾಲಾಕ್ಸಿಲ್ ಮತ್ತು ಮ್ಯಾಂಕೋಜೆಬ್ ಮಿಶ್ರಣ ಸಿಂಪಡಿಸಿ. ಕಹಿ ರುಚಿ ಬರುವ ಈ ಹಣ್ಣುಗಳನ್ನು ನಾಶಪಡಿಸಿ.,ಫೈಟೋಫthora ಕ್ಯಾಕ್ಟೋರಮ್
ಸ್ಟ್ರಾಬೆರಿ,ಆಂಥ್ರಾಕ್ನೋಸ್ / ಹಣ್ಣು ಕೊಳೆತ  (ಶಿಲೀಂಧ್ರ ರೋಗ),ಕೊಳೆತ ಹಣ್ಣುಗಳನ್ನು ತೆಗೆಯಿರಿ. ಹೂವು ಮತ್ತು ಕಾಯಿ ಬಿಡುವಾಗ ಸ್ಪ್ರಿಂಕ್ಲರ್ ನೀರಾವರಿ ಬಳಸಬೇಡಿ. ಕಾಯಿ ಕಟ್ಟುವ ಆರಂಭದಲ್ಲಿ 1 ಲೀಟರ್ ನೀರಿಗೆ 2 ಗ್ರಾಂ ಕಾರ್ಬೆಂಡಾಜಿಮ್ ಅಥವಾ ಮ್ಯಾಂಕೋಜೆಬ್ ಸಿಂಪಡಿಸಿ. ಪ್ರತಿ ಹಂಗಾಮಿಗೆ ಬೆಳೆ ಬದಲಾವಣೆ (ಬೆಳೆ ಸರದಿ) ಮಾಡಿ.,ಕೊಲೆಟೊಟ್ರೈಕಮ್ ಅಕ್ಯುಟಾಟಮ್
ಸ್ಟ್ರಾಬೆರಿ,ಬೂದಿ ರೋಗ  (ಶಿಲೀಂಧ್ರ ರೋಗ),ಒಣ ಹವೆಯಲ್ಲಿ ಹಣ್ಣು ಮತ್ತು ಎಲೆಗಳ ಮೇಲೆ ಬಿಳಿ ಪುಡಿ ಬರುತ್ತದೆ. 1 ಲೀಟರ್ ನೀರಿಗೆ 2 ಗ್ರಾಂ ಕರಗುವ ಗಂಧಕ ಅಥವಾ 1 ಮಿ.ಲೀ ಹೆಕ್ಸಾಕೊನಜೋಲ್ ಸಿಂಪಡಿಸಿ. ಗಿಡಗಳ ನಡುವೆ ಅಂತರವಿರಲಿ. ಸರಿಯಾದ ಗೊಬ್ಬರ ನೀಡಿ.,ಸ್ಫೆರೋಥೆಕಾ ಮ್ಯಾಕುಲಾರಿಸ್
ಸ್ಟ್ರಾಬೆರಿ,ಮೃದು ಕೊಳೆತ / ರೈಜೋಪಸ್  (ಶಿಲೀಂಧ್ರ ರೋಗ),ಕೊಯ್ಲಿನ ನಂತರ ಗಾಯವಾದ ಹಣ್ಣುಗಳು ಕೊಳೆಯುತ್ತವೆ. ಹಣ್ಣಿಗೆ ಪೆಟ್ಟಾಗದಂತೆ ಎಚ್ಚರವಹಿಸಿ. ಶೇಖರಣಾ ಕೊಠಡಿ ಸ್ವಚ್ಛವಾಗಿಡಿ. ಕೊಯ್ಲಿನ ನಂತರ ಹಣ್ಣನ್ನು ಬಿಸಿ ನೀರಿನಲ್ಲಿ ತೊಳೆಯಿರಿ ಅಥವಾ 1 ಲೀಟರ್ ನೀರಿಗೆ 1 ಗ್ರಾಂ ಕಾರ್ಬೆಂಡಾಜಿಮ್ ದ್ರಾವಣ ಸಿಂಪಡಿಸಿ.,ರೈಜೋಪಸ್ ಸ್ಟೋಲೋನಿಫರ್
ಸ್ಟ್ರಾಬೆರಿ,ತೊಟ್ಟು ಕೊಳೆತ  (ಶಿಲೀಂಧ್ರ ರೋಗ),ತೊಟ್ಟಿನ ಭಾಗದಿಂದ ಕೊಳೆಯಲು ಶುರುವಾಗುತ್ತದೆ. ಹಸಿರು ತೊಟ್ಟು ಕೀಳದಂತೆ ಕೊಯ್ಲು ಮಾಡಿ. ಸೋಂಕಿತ ಹಣ್ಣು ತೆಗೆಯಿರಿ. ಕಾಯಿ ಕಟ್ಟುವ ಆರಂಭದಲ್ಲಿ 1 ಲೀಟರ್ ನೀರಿಗೆ 1 ಗ್ರಾಂ ಕಾರ್ಬೆಂಡಾಜಿಮ್ ಅಥವಾ ಥಿಯೋಫನೇಟ್ ಮೀಥೈಲ್ ಸಿಂಪಡಿಸಿ.,ಗ್ನೋಮೋನಿಯಾ ಕೋಮಾರಿ
ಸ್ಟ್ರಾಬೆರಿ,ಕಪ್ಪು ಚುಕ್ಕೆ / ಆಲ್ಟರ್ನೇರಿಯಾ  (ಶಿಲೀಂಧ್ರ ರೋಗ),ಬಿದ್ದ ತ್ಯಾಜ್ಯ ಮತ್ತು ಸೋಂಕಿತ ಹಣ್ಣು ತೆಗೆಯಿರಿ. ನೀರು ಹಣ್ಣಿಗೆ ಸಿಡಿಯದಂತೆ ನೋಡಿಕೊಳ್ಳಿ. ಕಾಯಿ ಬೆಳೆಯುವಾಗ 1 ಲೀಟರ್ ನೀರಿಗೆ 2 ಗ್ರಾಂ ಮ್ಯಾಂಕೋಜೆಬ್ ಅಥವಾ ಕ್ಲೋರೋಥಲೋನಿಲ್ ಸಿಂಪಡಿಸಿ. ಪೊಟ್ಯಾಷ್ ಗೊಬ್ಬರ ನೀಡಿ.,ಆಲ್ಟರ್ನೇರಿಯಾ ಆಲ್ಟರ್ನೇಟಾ
ಸ್ಟ್ರಾಬೆರಿ,ಹಣ್ಣು ಮಚ್ಚೆ ರೋಗ  (ಶಿಲೀಂಧ್ರ ರೋಗ),ತೇವಾಂಶವಿದ್ದರೆ ರೋಗ ಹರಡುತ್ತದೆ. ಗಿಡಗಳು ಒತ್ತಾಗದಂತೆ ನೋಡಿಕೊಳ್ಳಿ. ರೋಗ ಲಕ್ಷಣ ಕಂಡಾಗ 1 ಲೀಟರ್ ನೀರಿಗೆ 1 ಗ್ರಾಂ ಕಾರ್ಬೆಂಡಾಜಿಮ್ ಅಥವಾ ಪ್ರೊಪಿಕೊನಜೋಲ್ ಸಿಂಪಡಿಸಿ. ನೀರುಣಿಸುವಾಗ ಹಣ್ಣು ಒದ್ದೆಯಾಗದಂತೆ ಎಚ್ಚರವಹಿಸಿ.,ಮೈಕೋಸ್ಪೆರೆಲ್ಲಾ ಫ್ರಗೇರಿಯೇ
ಸ್ಟ್ರಾಬೆರಿ,ನೀರು ಕೊಳೆತ / ಮ್ಯೂಕೋರ್  (ಶಿಲೀಂಧ್ರ ರೋಗ),ಗಾಯವಾದ ಹಣ್ಣು ಬೇಗನೆ ನೀರಾಗಿ ಕೊಳೆಯುತ್ತದೆ. ಹಾನಿಯಾದ ಹಣ್ಣು ತೆಗೆಯಿರಿ. ತಂಪಾದ ಜಾಗದಲ್ಲಿ ಶೇಖರಿಸಿ. ಕೊಯ್ಲಿನ ನಂತರ ಬಿಸಿ ನೀರಿನ ಉಪಚಾರ ಅಥವಾ ಕಾರ್ಬೆಂಡಾಜಿಮ್ ಸಿಂಪಡಣೆ ನಷ್ಟ ಕಡಿಮೆ ಮಾಡುತ್ತದೆ.,ಮ್ಯೂಕೋರ್ ಪ್ರಭೇದ (ಲೀಕ್)
ಸ್ಟ್ರಾಬೆರಿ,ಮೆದು ಕಾಯಿ ಕೊಳೆತ  (ಶಿಲೀಂಧ್ರ ರೋಗ),ಬಿಸಿ ಮತ್ತು ತೇವಾಂಶವಿದ್ದರೆ ರೋಗ ಬೇಗ ಹರಡುತ್ತದೆ. ಸೋಂಕಿತ ಹಣ್ಣು ತೆಗೆಯಿರಿ. ಸಂಜೆ ವೇಳೆ ನೀರು ಕೊಡಬೇಡಿ. ಆರಂಭಿಕ ಹಂತದಲ್ಲಿ 1 ಲೀಟರ್ ನೀರಿಗೆ 2 ಗ್ರಾಂ ಕಾರ್ಬೆಂಡಾಜಿಮ್ ಅಥವಾ ಮ್ಯಾಂಕೋಜೆಬ್ ಸಿಂಪಡಿಸಿ.,ಮೃದು ಕೊಳೆ ರೋಗ
ಸ್ಟ್ರಾಬೆರಿ,ಬಿಸಿಲು ಆಘಾತ  (ಭೌತಿಕ ಸಮಸ್ಯೆ),"ಇದು ರೋಗವಲ್ಲ, ಬಿಸಿಲಿನಿಂದ ಆಗುತ್ತದೆ. ಎಲೆಗಳು ಹಣ್ಣಿಗೆ ನೆರಳು ನೀಡುವಂತೆ ನೋಡಿಕೊಳ್ಳಿ. ಒಣ ಹುಲ್ಲು ಅಥವಾ ನೆರಳು ಪರದೆ ಬಳಸಿ. ಗಿಡಕ್ಕೆ ನೀರಿನ ಕೊರತೆಯಾಗದಂತೆ ನೋಡಿಕೊಳ್ಳಿ.",ಬಿಸಿಲು ಆಘಾತ
ಸ್ಟ್ರಾಬೆರಿ,ಮಮ್ಮಿ ರೋಗ / ಮೊನಿಲಿಸಿಯ  (ಶಿಲೀಂಧ್ರ ರೋಗ),ಗಿಡದಲ್ಲಿ ಮತ್ತು ಮಣ್ಣಿನಲ್ಲಿ ಉಳಿದ ಒಣಗಿದ ಹಣ್ಣುಗಳನ್ನು (ಮಮ್ಮಿ) ತೆಗೆಯಿರಿ. ಗಾಳಿ ಆಡಲು ಗಿಡ ಕತ್ತರಿಸಿ. ಹೂವು ಬಿಡುವಾಗ 1 ಲೀಟರ್ ನೀರಿಗೆ 1 ಗ್ರಾಂ ಕಾರ್ಬೆಂಡಾಜಿಮ್ ಅಥವಾ ಪ್ರೊಪಿಕೊನಜೋಲ್ ಸಿಂಪಡಿಸಿ.,ಮೊನಿಲಿನಿ ಪ್ರಭೇದ (ಕಂದು ಕೊಳೆ/ಮಮ್ಮಿ ರೋಗ)
ಸ್ಟ್ರಾಬೆರಿ,ಇತರೆ ಕೊಳೆತಗಳು  (ಶಿಲೀಂಧ್ರ ರೋಗ),ಪಕ್ಷಿ ಅಥವಾ ಬಿರುಕಿನಿಂದಾದ ಗಾಯದ ಮೂಲಕ ಬೂಷ್ಟು ಬರುತ್ತದೆ. ಪಕ್ಷಿ ಬಲೆ ಬಳಸಿ. ಗಾಯವಾದ ಹಣ್ಣು ತೆಗೆಯಿರಿ. ಶೇಖರಣಾ ಕೊಠಡಿ ತಂಪಾಗಿರಲಿ.,ಇತರೆ ಕೊಳೆ ರೋಗಗಳು
ಟೊಮೆಟೊ,ಹೂವಿನ ತುದಿ ಕೊಳೆ ರೋಗ  (ಪೋಷಕಾಂಶ ಸಮಸ್ಯೆ),"ಇದು ರೋಗವಲ್ಲ, ಕ್ಯಾಲ್ಸಿಯಂ ಮತ್ತು ನೀರಿನ ಕೊರತೆಯಿಂದ ಆಗುತ್ತದೆ. ಮಣ್ಣು ಪೂರ್ತಿ ಒಣಗಲು ಬಿಡಬೇಡಿ. ತೇವಾಂಶ ಉಳಿಸಲು ಮಲ್ಚಿಂಗ್ ಮಾಡಿ. ಎಳೆ ಕಾಯಿಗೆ ಕ್ಯಾಲ್ಸಿಯಂ ಕ್ಲೋರೈಡ್ ಅಥವಾ ಕ್ಯಾಲ್ಸಿಯಂ ನೈಟ್ರೇಟ್ ಸಿಂಪಡಿಸಿ.",ಹೂವಿನ ತುದಿ ಕೊಳೆತ (ಕ್ಯಾಲ್ಸಿಯಂ ಕೊರತೆ)
ಟೊಮೆಟೊ,ಕಾಯಿಕೊರಕ ಹುಳು  (ಕೀಟ ಬಾಧೆ),ಹುಳು ಕಾಯಿಯೊಳಗೆ ಸೇರಿ ತಿನ್ನುತ್ತದೆ. ಹಾಳಾದ ಕಾಯಿ ನಾಶಪಡಿಸಿ. ಮೋಹಕ ಬಲೆ ಬಳಸಿ. ಚೆಂಡು ಹೂವಿನ ಗಿಡಗಳನ್ನು ಬಲೆ ಬೆಳೆಯಾಗಿ ಬೆಳೆಸಿ. ಆರಂಭಿಕ ಹಂತದಲ್ಲಿ ಬೇವಿನ ಎಣ್ಣೆ ಸಿಂಪಡಿಸಿ.,ಹೆಲಿಕೋವರ್ಪಾ ಆರ್ಮಿಜೆರಾ
ಟೊಮೆಟೊ,ಟೂಟಾ ಅಬ್ಸಲ್ಯೂಟಾ / ಪಿನ್ ವರ್ಮ್  (ಕೀಟ ಬಾಧೆ),"ಹುಳು ಹಣ್ಣಿಗೆ ಸಣ್ಣ ರಂಧ್ರ ಮಾಡುತ್ತದೆ. ಟೂಟಾ ಮೋಹಕ ಬಲೆ ಮತ್ತು ಬೆಳಕಿನ ಬಲೆ ಬಳಸಿ. ರಂಧ್ರವಿರುವ ಕಾಯಿಗಳನ್ನು ಸುಟ್ಟುಹಾಕಿ, ಹೊಲದಲ್ಲಿ ಬಿಡಬೇಡಿ. ಬೆಳೆ ಪರಿವರ್ತನೆ (ಸರದಿ) ಮಾಡಿ.",ಟೂಟಾ ಅಬ್ಸಲ್ಯೂಟಾ
ಟೊಮೆಟೊ,ಆಂಥ್ರಾಕ್ನೋಸ್  (ಶಿಲೀಂಧ್ರ ರೋಗ),ಮಾಗಿದ ಹಣ್ಣಿನ ಮೇಲೆ ಕಪ್ಪು ತಗ್ಗು ಚುಕ್ಕೆ ಬರುತ್ತದೆ. ಕಾಯಿ ಮಣ್ಣಿಗೆ ತಾಗದಂತೆ ಗಿಡಕ್ಕೆ ಕೋಲು ಕಟ್ಟಿ. ಹಣ್ಣಾದ ಕೂಡಲೇ ಕೊಯ್ಲು ಮಾಡಿ. ಮಳೆಯಿದ್ದರೆ ಕಾಪರ್ ಯುಕ್ತ ಶಿಲೀಂಧ್ರನಾಶಕ ಸಿಂಪಡಿಸಿ.,ಕೊಲೆಟೊಟ್ರೈಕಮ್ ಕಾಕ್ಕೋಡ್ಸ್
ಟೊಮೆಟೊ,ಎಲೆ ಚುಕ್ಕೆ ರೋಗ / ಅರ್ಲಿ ಬ್ಲೈಟ್  (ಶಿಲೀಂಧ್ರ ರೋಗ),ಹಳೆಯ ಎಲೆ ಮತ್ತು ನಂತರ ಹಣ್ಣಿನ ಮೇಲೆ ಕಡು ಬಣ್ಣದ ವರ್ತುಲ ಚುಕ್ಕೆ ಬರುತ್ತದೆ. ಹಳದಿ ಎಲೆ ತೆಗೆಯಿರಿ. ಗಾಳಿ ಆಡಲು ಜಾಗವಿರಲಿ. ರೋಗ ಕಂಡರೆ ಮ್ಯಾಂಕೋಜೆಬ್ ಸಿಂಪಡಿಸಿ.,ಆಲ್ಟರ್ನೇರಿಯಾ ಸೊಲಾನಿ
ಟೊಮೆಟೊ,ಬಕ್ ಐ ಕೊಳೆ ರೋಗ  (ಶಿಲೀಂಧ್ರ ರೋಗ),ಒದ್ದೆ ಮಣ್ಣಿಗೆ ತಾಗುವ ಕಾಯಿ ಕಂದು ಬಣ್ಣಕ್ಕೆ ತಿರುಗುತ್ತದೆ. ಕಾಯಿ ನೆಲಕ್ಕೆ ತಾಗದಂತೆ ಸ್ಟೇಕಿಂಗ್ ಮಾಡಿ. ಮಲ್ಚಿಂಗ್ ಬಳಸಿ. ತೋಟದಲ್ಲಿ ನೀರು ನಿಲ್ಲದಂತೆ ಎತ್ತರದ ಮಡಿ ಮಾಡಿ.,ಫೈಟೊಫ್ಥೋರಾ ಪ್ಯಾರಾಸಿಟಿಕಾ
ಟೊಮೆಟೊ,ಬ್ಯಾಕ್ಟೀರಿಯಾ ಮಚ್ಚೆ  (ಬ್ಯಾಕ್ಟೀರಿಯಾ ರೋಗ),ಹಣ್ಣಿನ ಮೇಲೆ ಒರಟು ಕಂದು ಚುಕ್ಕೆ ಬರುತ್ತದೆ. ಎಲೆಗಳ ಮೇಲೆ ನೀರು ಸಿಂಪಡಿಸಬೇಡಿ. ಹನಿ ನೀರಾವರಿ ಬಳಸಿ. ಸೋಂಕಿತ ಕಾಯಿ ತೆಗೆಯಿರಿ. ಮಳೆಗಾಲದಲ್ಲಿ ಕಾಪರ್ ಯುಕ್ತ ಬ್ಯಾಕ್ಟೀರಿಯಾನಾಶಕ ಸಿಂಪಡಿಸಿ.,ಝಾಂಥೋಮೋನಾಸ್ ಕ್ಯಾಂಪೆಸ್ಟ್ರಿಸ್ pv. ವೆಸಿಕೇಟೋರಿಯಾ
ಟೊಮೆಟೊ,ಬಡ್ ನೆಕ್ರೋಸಿಸ್ / ಮಚ್ಚೆ ರೋಗ  (ವೈರಸ್ ರೋಗ),ರೋಗ ಬಂದ ಗಿಡ ಕಿತ್ತು ಸುಟ್ಟುಹಾಕಿ. ಥ್ರಿಪ್ಸ್ ನಿಯಂತ್ರಿಸಲು ನೀಲಿ ಅಂಟು ಬಲೆ ಬಳಸಿ. ಆರಂಭದಲ್ಲಿ ಬೇವಿನ ಎಣ್ಣೆ ಅಥವಾ ಇಮಿಡಾಕ್ಲೋಪ್ರಿಡ್ ಸಿಂಪಡಿಸಿ. ಕಳೆ ಇಲ್ಲದಂತೆ ನೋಡಿಕೊಳ್ಳಿ.,ಟೋಸ್ಪೋ ವೈರಸ್ (PBNV)
ಟೊಮೆಟೊ,ಲೇಟ್ ಬ್ಲೈಟ್  (ಶಿಲೀಂಧ್ರ ರೋಗ),ತಂಪಾದ ಮತ್ತು ಮೋಡ ಕವಿದ ವಾತಾವರಣದಲ್ಲಿ ಬರುತ್ತದೆ. ರೋಗ ಕಂಡ ತಕ್ಷಣ ಮ್ಯಾಂಕೋಜೆಬ್ ಅಥವಾ ಮೆಟಾಲಾಕ್ಸಿಲ್ ಸಿಂಪಡಿಸಿ. ಸಂಜೆ ವೇಳೆ ನೀರು ಸಿಂಪಡಿಸಬೇಡಿ.,ಫೈಟೊಫ್ಥೋರಾ ಇನ್ಫೆಸ್ಟಾನ್ಸ್
ಟೊಮೆಟೊ,ಬ್ಯಾಕ್ಟೀರಿಯಾ ಕ್ಯಾಂಕರ್  (ಬ್ಯಾಕ್ಟೀರಿಯಾ ರೋಗ),ರೋಗ ಬಂದ ಗಿಡ ಕಿತ್ತು ಹಾಕಿ. ಹರಡುವುದನ್ನು ತಡೆಯಲು ಆರೋಗ್ಯವಂತ ಗಿಡಗಳಿಗೆ ಕಾಪರ್ ಯುಕ್ತ ಔಷಧ ಸಿಂಪಡಿಸಿ. ಕತ್ತರಿ ಸ್ವಚ್ಛವಾಗಿಡಿ. ರೋಗಮುಕ್ತ ಬೀಜ ಬಳಸಿ.,ಕ್ಲಾವಿಬ್ಯಾಕ್ಟರ್ ಮಿಚಿಗನೆನ್ಸಿಸ್
ಟೊಮೆಟೊ,ಬಿಸಿಲು ಆಘಾತ  (ಭೌತಿಕ ಸಮಸ್ಯೆ),ಬಿಸಿಲಿಗೆ ಹಣ್ಣು ಸುಟ್ಟಂತಾಗುತ್ತದೆ. ಗಿಡದ ಎಲೆಗಳನ್ನು ಅತಿಯಾಗಿ ಕತ್ತರಿಸಬೇಡಿ. ಎಲೆಗಳು ಹಣ್ಣಿಗೆ ನೆರಳು ನೀಡಲಿ. ಬಿಸಿಲು ಹೆಚ್ಚಿದ್ದರೆ ನೆರಳು ಪರದೆ ಬಳಸಿ.,ಬಿಸಿಲು ಆಘಾತ
ಟೊಮೆಟೊ,ಕಾಯಿ ಒಡೆಯುವುದು  (ಭೌತಿಕ ಸಮಸ್ಯೆ),ಒಣ ಹವೆ ನಂತರ ಒಮ್ಮೆಲೆ ಹೆಚ್ಚು ನೀರು ಕೊಟ್ಟರೆ ಕಾಯಿ ಒಡೆಯುತ್ತದೆ. ನಿಯಮಿತವಾಗಿ ನೀರು ಕೊಡಿ. ಮಲ್ಚಿಂಗ್ ಬಳಸಿ. ಒಡೆದ ಕಾಯಿ ಬೇಗನೆ ಕೊಯ್ಲು ಮಾಡಿ.,ಹಣ್ಣು ಒಡೆಯುವುದು
ಟೊಮೆಟೊ,ಕ್ಯಾಟ್ ಫೇಸಿಂಗ್ / ವಿರೂಪ  (ಭೌತಿಕ ಸಮಸ್ಯೆ),ಚಳಿಗಾಲದಲ್ಲಿ ಕಾಯಿ ಆಕಾರ ಕಳೆದುಕೊಳ್ಳುತ್ತದೆ. ಇದು ರೋಗವಲ್ಲ. ಚಳಿಗಾಲದಲ್ಲಿ ಸೂಕ್ಷ್ಮ ತಳಿ ಬೆಳೆಯಬೇಡಿ. ಅತಿಯಾದ ಸಾರಜನಕ ಗೊಬ್ಬರ ಬೇಡ.,ಕ್ಯಾಟ್ ಫೇಸಿಂಗ್ (ದೈಹಿಕ ವಿರೂಪ)
ಟೊಮೆಟೊ,ಟೊಳ್ಳು ಕಾಯಿ / ಪಫಿನೆಸ್  (ಪರಾಗಸ್ಪರ್ಶ ಸಮಸ್ಯೆ),ಕಾಯಿ ಹಗುರವಾಗಿ ಒಳಗೆ ಟೊಳ್ಳಾಗಿರುತ್ತದೆ. ಅತಿಯಾದ ಚಳಿ ಅಥವಾ ಬಿಸಿಲಿದ್ದರೆ ಪರಾಗಸ್ಪರ್ಶ ಸರಿಯಾಗುವುದಿಲ್ಲ. ಹಗಲಿನಲ್ಲಿ ಗಿಡ ಅಲ್ಲಾಡಿಸಿ. ಹೂವು ಬಿಡುವಾಗ ಕೀಟನಾಶಕ ಸಿಂಪಡಿಸಬೇಡಿ.,ಪಫಿನೆಸ್ (ಟೊಳ್ಳು ಕಾಯಿ)
ಟೊಮೆಟೊ,ಬೂದು ಬೂಷ್ಟು / ಘೋಸ್ಟ್ ಸ್ಪಾಟ್  (ಶಿಲೀಂಧ್ರ ರೋಗ),ಹಣ್ಣಿನ ಮೇಲೆ ಬಿಳಿ ಉಂಗುರಗಳು ಕಾಣುತ್ತವೆ. ತೇವಾಂಶ ಕಡಿಮೆ ಮಾಡಲು ಎಲೆ ಕತ್ತರಿಸಿ. ಪಾಲಿಹೌಸ್ ನಲ್ಲಿ ಗಾಳಿ ಆಡುವಂತೆ ಮಾಡಿ. ಮಳೆಯಿದ್ದರೆ ಕ್ಲೋರೋಥಲೋನಿಲ್ ಸಿಂಪಡಿಸಿ.,ಬೊಟ್ರೈಟಿಸ್ ಸಿನೆರಿಯಾ
ಟೊಮೆಟೊ,ಕಪ್ಪು ಬೂಷ್ಟು  (ಶಿಲೀಂಧ್ರ ರೋಗ),ಮಳೆಗಾಲದಲ್ಲಿ ಮಾಗಿದ ಹಣ್ಣಿನ ಮೇಲೆ ಕಪ್ಪು ಬೂಷ್ಟು ಬರುತ್ತದೆ. ಹಣ್ಣಾದ ಕೂಡಲೇ ಕೊಯ್ಲು ಮಾಡಿ. ಹಣ್ಣು ಒಡೆಯದಂತೆ ಮತ್ತು ಬಿಸಿಲು ಬೀಳದಂತೆ ನೋಡಿಕೊಳ್ಳಿ.,ಆಲ್ಟರ್ನೇರಿಯಾ ಆಲ್ಟರ್ನೇಟಾ
ಟೊಮೆಟೊ,ಕ್ಲೌಡಿ ಸ್ಪಾಟ್  (ಕೀಟ ಬಾಧೆ),ಹಣ್ಣಿನ ಮೇಲೆ ಬಿಳಿ ಅಥವಾ ಹಳದಿ ಮಚ್ಚೆ ಬಂದು ರುಚಿ ಕೆಡುತ್ತದೆ. ಇದು ತಿಗಣೆ (Stink bug) ಕಾಟ. ಕಳೆ ತೆಗೆಯಿರಿ. ಕೈಗವಸು ಹಾಕಿ ಕೀಟ ಹಿಡಿಯಿರಿ. ಬೇವಿನ ಎಣ್ಣೆ ಸಿಂಪಡಿಸಿ.,ತಿಗಣೆ ಹಾನಿ (ನೆಜಾರಾ ವಿರಿಡುಲಾ)
ಆಕ್ರೋಡು (ವಾಲ್ನಟ್),ದುಂಡಾಣು ರೋಗ / ಬ್ಲೈಟ್  (ಬ್ಯಾಕ್ಟೀರಿಯಾ ರೋಗ),ಇದು ಅತ್ಯಂತ ಅಪಾಯಕಾರಿ ರೋಗ. ಹಸಿರು ಸಿಪ್ಪೆಯ ಮೇಲೆ ಎಣ್ಣೆಯುಕ್ತ ಚುಕ್ಕೆ ಬಂದು ಕಪ್ಪಾಗುತ್ತದೆ. ಒಳಗಿನ ಬೀಜ ಮುದುರಿ ಕೊಳೆಯುತ್ತದೆ. ಹೆಣ್ಣು ಹೂವು ಬಂದಾಗ 1 ಲೀಟರ್ ನೀರಿಗೆ 3 ಗ್ರಾಂ ಕಾಪರ್ ಆಕ್ಸಿಕ್ಲೋರೈಡ್ ಅಥವಾ ಶೇ. 1 ರ ಬೋರ್ಡೋ ದ್ರಾವಣ ಸಿಂಪಡಿಸಿ. ವಸಂತಕಾಲದಲ್ಲಿ ಮಳೆ ಹೆಚ್ಚಿದ್ದರೆ 7-10 ದಿನಕ್ಕೊಮ್ಮೆ ಸಿಂಪಡಿಸಿ. ಸ್ಪ್ರಿಂಕ್ಲರ್ ಬಳಸಬೇಡಿ.,ಬ್ಯಾಕ್ಟೀರಿಯಾ ಅಂಗಮಾರಿ
ಆಕ್ರೋಡು (ವಾಲ್ನಟ್),ಆಂಥ್ರಾಕ್ನೋಸ್  (ಶಿಲೀಂಧ್ರ ರೋಗ),ಹಸಿರು ಸಿಪ್ಪೆಯ ಮೇಲೆ ಕಂದು ಬಣ್ಣದ ತಗ್ಗು ಚುಕ್ಕೆ ಬರುತ್ತದೆ. ಕಾಯಿ ಉದುರುತ್ತದೆ ಅಥವಾ ಬೀಜ ಮುದುರುತ್ತದೆ. ಚಳಿಗಾಲದಲ್ಲಿ ಬಿದ್ದ ಎಲೆಗಳನ್ನು ಸುಟ್ಟುಹಾಕಿ. ಎಲೆ ಬಿಚ್ಚುವಾಗ ಮತ್ತು ಕಾಯಿ ಚಿಕ್ಕದಿದ್ದಾಗ 1 ಲೀಟರ್ ನೀರಿಗೆ 2.5 ಗ್ರಾಂ ಮ್ಯಾಂಕೋಜೆಬ್ ಅಥವಾ 3 ಗ್ರಾಂ ಕಾಪರ್ ಆಕ್ಸಿಕ್ಲೋರೈಡ್ ಸಿಂಪಡಿಸಿ.,ಕೊಲೆಟೊಟ್ರೈಕಮ್ ಪ್ರಭೇದ
ಆಕ್ರೋಡು (ವಾಲ್ನಟ್),ಕಾಯಿಕೊರಕ ಪತಂಗ  (ಕೀಟ ಬಾಧೆ),ಹುಳು ಕಾಯಿಯೊಳಗೆ ಸೇರಿ ಬೀಜ ತಿನ್ನುತ್ತದೆ. ರಂಧ್ರದ ಬಳಿ ಕಪ್ಪು ತ್ಯಾಜ್ಯ ಕಾಣುತ್ತದೆ. ಬಿದ್ದ ಕಾಯಿಗಳನ್ನು ನಾಶಪಡಿಸಿ. ಮೋಹಕ ಬಲೆ ಬಳಸಿ. ವಸಂತಕಾಲದ ಕೊನೆಯಲ್ಲಿ 1 ಲೀಟರ್ ನೀರಿಗೆ 0.3 ಮಿ.ಲೀ ಸ್ಪಿನೋಸ್ಯಾಡ್ ಅಥವಾ 2 ಗ್ರಾಂ ಕಾರ್ಬರಿಲ್ ಸಿಂಪಡಿಸಿ.,ಸಿಡಿಯಾ ಪೊಮೊನೆಲ್ಲಾ (ಹಣ್ಣು ಕೊರಕ)
ಆಕ್ರೋಡು (ವಾಲ್ನಟ್),ಸಿಪ್ಪೆ ನೊಣ  (ಕೀಟ ಬಾಧೆ),ಹುಳು ಹಸಿರು ಸಿಪ್ಪೆಯನ್ನು ತಿಂದು ಕಪ್ಪು ದ್ರವವಾಗಿಸುತ್ತದೆ. ಇದರಿಂದ ಚಿಪ್ಪು ಕಪ್ಪಾಗುತ್ತದೆ. ಹಳದಿ ಅಂಟು ಬಲೆ ಬಳಸಿ. ನೊಣಗಳನ್ನು ಕೊಲ್ಲಲು ಬೆಲ್ಲ ಮತ್ತು ಮಲಾಥಿಯಾನ್ ಮಿಶ್ರಣವನ್ನು ಎಲೆಗಳ ಮೇಲೆ ಸಿಂಪಡಿಸಿ.,ರಾಗೋಲೆಟಿಸ್ ಕಾಂಪ್ಲೀಟಾ (ವಾಲ್ನಟ್ ಸಿಪ್ಪೆ ನೊಣ)
ಆಕ್ರೋಡು (ವಾಲ್ನಟ್),ಬೀಜದ ಬೂಷ್ಟು  (ಶಿಲೀಂಧ್ರ ರೋಗ),"ಕಾಯಿ ಒಡೆದಾಗ ಒಳಗೆ ಬೂಷ್ಟು ಇರುತ್ತದೆ. ಕಾಯಿ ಕವಚ ಶೇ. 80 ರಷ್ಟು ಒಡೆದ ಕೂಡಲೇ ಕೊಯ್ಲು ಮಾಡಿ, ತಡಮಾಡಬೇಡಿ. ಕೊಯ್ಲಿನ ನಂತರ ಬೀಜವನ್ನು ತಕ್ಷಣ ಒಣಗಿಸಿ. ಕೀಟ ಬಾಧೆ ತಡೆಯಿರಿ.",ಬೂಷ್ಟು
ಆಕ್ರೋಡು (ವಾಲ್ನಟ್),ಬಿಸಿಲು ಆಘಾತ  (ಭೌತಿಕ ಸಮಸ್ಯೆ),ಬಿಸಿಲು ಬೀಳುವ ಸಿಪ್ಪೆ ಹಳದಿಯಾಗಿ ಗಟ್ಟಿಯಾಗುತ್ತದೆ. ಬೀಜ ಕಪ್ಪಾಗುತ್ತದೆ. ಗಿಡದಲ್ಲಿ ಎಲೆಗಳು ಕಾಯಿಗೆ ನೆರಳು ನೀಡುವಂತೆ ನೋಡಿಕೊಳ್ಳಿ. ಕಾಂಡಕ್ಕೆ ಸುಣ್ಣ ಬಳಿಯಿರಿ.,ಬಿಸಿಲು ಆಘಾತ
ಆಕ್ರೋಡು (ವಾಲ್ನಟ್),ಕೊಂಬೆ ಬಾಡುವುದು  (ಶಿಲೀಂಧ್ರ ರೋಗ),ಕಾಯಿ ಒಣಗಿ ಕೊಂಬೆಗೆ ಅಂಟಿಕೊಳ್ಳುತ್ತದೆ. ಒಣಗಿದ ಭಾಗಕ್ಕಿಂತ ಕೆಳಗೆ ಕೊಂಬೆ ಕತ್ತರಿಸಿ ಸುಟ್ಟುಹಾಕಿ. ರೋಗ ಬಂದ ಮರವನ್ನು ಕೊಯ್ಲು ಮಾಡುವಾಗ ಅಲುಗಾಡಿಸಬೇಡಿ.,ಹೆಂಡರ್ಸೋನುಲಾ ಟೊರುಲಾಯ್ಡಿಯಾ (ಕೊಂಬೆ ಬಾಡುವುದು)
ಕಲ್ಲಂಗಡಿ,ಆಂಥ್ರಾಕ್ನೋಸ್ / ದುಂಡು ಚುಕ್ಕೆ  (ಶಿಲೀಂಧ್ರ ರೋಗ),ಹಣ್ಣಿನ ಸಿಪ್ಪೆ ಮೇಲೆ ತಗ್ಗು ಚುಕ್ಕೆ ಬಂದು ಮಳೆಯಲ್ಲಿ ಕಪ್ಪಾಗುತ್ತದೆ. ಸೋಂಕಿತ ಬಳ್ಳಿ ನಾಶಪಡಿಸಿ. ಕಾಯಿ ಬೆಳೆಯುವಾಗ 1 ಲೀಟರ್ ನೀರಿಗೆ 1 ಗ್ರಾಂ ಕಾರ್ಬೆಂಡಾಜಿಮ್ ಅಥವಾ 2.5 ಗ್ರಾಂ ಮ್ಯಾಂಕೋಜೆಬ್ ಸಿಂಪಡಿಸಿ.,ಗ್ನೋಮೋನಿಯಾ ಲೆಪ್ಟೋಸ್ಟೈಲಾ
ಕಲ್ಲಂಗಡಿ,ಬ್ಯಾಕ್ಟೀರಿಯಾ ಮಚ್ಚೆ  (ಬ್ಯಾಕ್ಟೀರಿಯಾ ರೋಗ),ಹಣ್ಣಿನ ಮೇಲೆ ಎಣ್ಣೆ ಮಚ್ಚೆ ಬಂದು ಸಿಪ್ಪೆ ಒಡೆಯುತ್ತದೆ. ರೋಗಮುಕ್ತ ಬೀಜ ಬಳಸಿ. ರೋಗ ಕಂಡರೆ ತಕ್ಷಣ 1 ಲೀಟರ್ ನೀರಿಗೆ 3 ಗ್ರಾಂ ಕಾಪರ್ ಆಕ್ಸಿಕ್ಲೋರೈಡ್ ಮತ್ತು ಸ್ಟ್ರೆಪ್ಟೋಸೈಕ್ಲಿನ್ ಬೆರೆಸಿ ಸಿಂಪಡಿಸಿ. ಸ್ಪ್ರಿಂಕ್ಲರ್ ಬಳಸಬೇಡಿ.,ಝಾಂಥೋಮೋನಾಸ್ ಅರ್ಬೊರಿಕೋಲಾ pv. ಜುಗ್ಲಾಂಡಿಸ್
ಕಲ್ಲಂಗಡಿ,ಹೂವಿನ ತುದಿ ಕೊಳೆತ  (ಪೋಷಕಾಂಶ ಸಮಸ್ಯೆ),"ಇದು ರೋಗವಲ್ಲ, ಕ್ಯಾಲ್ಸಿಯಂ ಕೊರತೆಯಿಂದ ಹಣ್ಣಿನ ತಳ ಕಪ್ಪಾಗುತ್ತದೆ. ಮಣ್ಣಿನ ತೇವಾಂಶ ಕಾಪಾಡಿ. ಕಾಯಿ ಗೋಲಿ ಗಾತ್ರದಲ್ಲಿದ್ದಾಗ 1 ಲೀಟರ್ ನೀರಿಗೆ 2 ಗ್ರಾಂ ಕ್ಯಾಲ್ಸಿಯಂ ಕ್ಲೋರೈಡ್ ಅಥವಾ ಕ್ಯಾಲ್ಸಿಯಂ ನೈಟ್ರೇಟ್ ಸಿಂಪಡಿಸಿ.",ಹೂವಿನ ತುದಿ ಕೊಳೆತ (ಕ್ಯಾಲ್ಸಿಯಂ ಕೊರತೆ)
ಕಲ್ಲಂಗಡಿ,ತಳ ಕೊಳೆತ  (ಶಿಲೀಂಧ್ರ ರೋಗ),"ಒದ್ದೆ ಮಣ್ಣಿಗೆ ತಾಗುವ ಹಣ್ಣಿನ ಭಾಗ ಕೊಳೆಯುತ್ತದೆ. ಹಣ್ಣಿನ ಅಡಿಯಲ್ಲಿ ಹುಲ್ಲು, ಕಲ್ಲು ಅಥವಾ ಪ್ಲಾಸ್ಟಿಕ್ ಹಾಕಿ. ಬಳ್ಳಿಯ ಬುಡದ ಮಣ್ಣಿಗೆ 1 ಲೀಟರ್ ನೀರಿಗೆ 3 ಗ್ರಾಂ ಕಾಪರ್ ಆಕ್ಸಿಕ್ಲೋರೈಡ್ ಸಿಂಪಡಿಸಿ.",ತೊಟ್ಟು ಕೊಳೆತ / ತಳ ಕೊಳೆತ
ಕಲ್ಲಂಗಡಿ,ಬಿಸಿಲು ಆಘಾತ  (ಭೌತಿಕ ಸಮಸ್ಯೆ),ಬಿಸಿಲು ಬೀಳುವ ಹಣ್ಣಿನ ಭಾಗ ಬಿಳಿಯಾಗಿ ಸಿಪ್ಪೆ ಹಾಳಾಗುತ್ತದೆ. ಎಲೆಗಳು ಹಣ್ಣಿಗೆ ನೆರಳು ನೀಡುವಂತೆ ಗೊಬ್ಬರ ಕೊಡಿ. ಬೇಸಿಗೆಯಲ್ಲಿ ಹಣ್ಣನ್ನು ಒಣ ಹುಲ್ಲು ಅಥವಾ ಕಾಗದದಿಂದ ಮುಚ್ಚಿ.,ಬಿಸಿಲು ಆಘಾತ
ಕಲ್ಲಂಗಡಿ,ಕಪ್ಪು ಕೊಳೆತ / ಅಂಟು ರೋಗ  (ಶಿಲೀಂಧ್ರ ರೋಗ),ಹಣ್ಣಿನ ಮೇಲೆ ಕಪ್ಪು ಸುಕ್ಕಾದ ಕೊಳೆತ ಬಂದು ಅಂಟು ಒಸರುತ್ತದೆ. ತ್ಯಾಜ್ಯ ತೆಗೆಯಿರಿ. 1 ಲೀಟರ್ ನೀರಿಗೆ 2 ಗ್ರಾಂ ಕ್ಲೋರೋಥಲೋನಿಲ್ ಅಥವಾ 2.5 ಗ್ರಾಂ ಮ್ಯಾಂಕೋಜೆಬ್ ಸಿಂಪಡಿಸಿ. ಗಾಳಿ ಆಡುವಂತೆ ನೋಡಿಕೊಳ್ಳಿ.,ಡಿಡಿಮೆಲ್ಲಾ ಬ್ರಯೋನಿಯೆ (ಅಂಟು ಕಾಂಡ ರೋಗ)
ಕಲ್ಲಂಗಡಿ,ಮೊಸೈಕ್ ವೈರಸ್  (ವೈರಸ್ ರೋಗ),ಹಣ್ಣು ವಿರೂಪಗೊಂಡು ಮಚ್ಚೆಗಳು ಬರುತ್ತವೆ. ಜಿಗಿಹೇನು (Aphids) ಇದನ್ನು ಹರಡುತ್ತದೆ. ಕಳೆ ತೆಗೆಯಿರಿ. ರೋಗ ಬಂದ ಗಿಡ ಕಿತ್ತು ಹಾಕಿ. 1 ಲೀಟರ್ ನೀರಿಗೆ 0.5 ಮಿ.ಲೀ ಇಮಿಡಾಕ್ಲೋಪ್ರಿಡ್ ಅಥವಾ 2 ಮಿ.ಲೀ ಡೈಮೆಥೋಯೇಟ್ ಸಿಂಪಡಿಸಿ.,ವಾಟರ್‌ಮೆಲನ್ ಮೊಸೈಕ್ ವೈರಸ್ (WMV)
ಕಲ್ಲಂಗಡಿ,ಫ್ಯುಸಾರಿಯಂ ಹಣ್ಣು ಕೊಳೆತ  (ಶಿಲೀಂಧ್ರ ರೋಗ),ಹಣ್ಣಿನ ಮೇಲೆ ಬಿಳಿ ಅಥವಾ ಗುಲಾಬಿ ಬೂಷ್ಟು ಬರುತ್ತದೆ. ರೋಗ ನಿರೋಧಕ ತಳಿ ಬಳಸಿ. ಕೊಯ್ಲು ಮಾಡುವಾಗ ಕತ್ತರಿ ಬಳಸಿ. ಕೊಯ್ಲಿನ ನಂತರ ಹಣ್ಣನ್ನು 55 ಡಿಗ್ರಿ ಬಿಸಿ ನೀರಿನಲ್ಲಿ 2 ನಿಮಿಷ ಅದ್ದಿ.,ಫ್ಯುಸಾರಿಯಂ ಪ್ರಭೇದ