Date,Day,Work Description
1 December 2025,Mon,"Project initialization: Setup of Git repository, virtual environment, and initial directory structure for Kisaan CV Service."
2 December 2025,Tue,"Database Schema Design: Defined SQLAlchemy models for Users, Crop Scans, and initial Disease Detection tables."
3 December 2025,Wed,"API Development: Implemented basic FastAPI application structure, health checks, and logging configuration."
4 December 2025,Thu,"Gemini AI Integration: Research and implementation of the initial interface for interacting with Gemini Vision Pro models."
5 December 2025,Fri,"Core Logic Implementation: Developed services for image preprocessing and handling responses from the AI model."
8 December 2025,Mon,"Crop Scan Endpoint: Implemented the primary /process_image endpoint for analyzing crop health."
9 December 2025,Tue,"S3 Integration: Set up AWS S3 bucket and implemented helper functions for uploading and retrieving images."
10 December 2025,Wed,"Exception Handling: Enhanced error handling for AI service timeouts and invalid image formats."
11 December 2025,Thu,"Authentication Middleware: Integrated basic API key validation and user context management."
12 December 2025,Fri,"Unit Testing: Wrote initial unit tests for the scan service and database models."
15 December 2025,Mon,"Report Generation: Started implementation of PDF report generation logic based on scan results."
16 December 2025,Tue,"S3 & UX: Finalized S3 report upload flow and refined the user experience for the health scan API."
17 December 2025,Wed,"Bug Fixing: Resolved issues with presigned URLs for report access and verified data persistence."
18 December 2025,Thu,"Pre-deployment: Prepared initial Dockerfile and requirements.txt for containerization."
19 December 2025,Fri,"GitHub Deployment: Containerized application with Docker, resolved auth issues, and renamed API endpoints."
22 December 2025,Mon,"Deployment Config: Focused on health check endpoints and configuring Git for secure pushing."
23 December 2025,Tue,"API Refinement: Refined API structure and troubleshot deployment configurations for staging."
24 December 2025,Wed,"CI/CD & Docker: Tested Docker containerization logic and validated pipeline readiness."
25 December 2025,Thu,"Code Review: General maintenance, code cleanup, and optimization for production."
26 December 2025,Fri,"Production Prep: Resolved docker-compose build issues and finalized containerization checks."
29 December 2025,Mon,"Scan Optimization: Resolved 504 Timeouts, implemented async processing with Redis, and fixed bounding box issues."
30 December 2025,Tue,"Payments Start: Refined PaymentTransaction model and ran migrations for Cashfree integration."
31 December 2025,Wed,"Payment APIs: Implemented create-order, verify, and webhook endpoints for payment lifecycle."
1 January 2026,Thu,"Frontend Test: Developed payment_test.html for interactive testing of the payment flow."
2 January 2026,Fri,"Payment Verification: Ensured robust payment lifecycle handling and verified database updates."
5 January 2026,Mon,"UPI Links: Refactored order creation to return comprehensive UPI deep links (Bhim, GPay, etc.) in response."
6 January 2026,Tue,"Integration Testing: Verified payment link generation and refactored integration logic."
7 January 2026,Wed,"Scan Refinement: Removed unused parameters (is_mixed_cropping) and verified two-stage analysis workflow."
8 January 2026,Thu,"Cleanup & Push: Removed temporary scripts, verified Docker build locally, and pushed final code to dev branch."
