Crop Common Name ,Disease Name (Type),Scientific name,Treatment Methods
ಟೊಮೆಟೊ,ಸಸಿಕೊಳೆ ರೋಗ (Damping Off),ಪೈಥಿಯಂ ಅಫಾನಿಡರ್ಮೇಟಮ್ / ರೈಜೋಕ್ಟೋನಿಯಾ ಸೊಲಾನಿ,ನರ್ಸರಿಯಲ್ಲಿ ಎಳೆಯ ಸಸಿಗಳು ಸಾಯುತ್ತವೆ. ಬಿತ್ತನೆಗೆ ಮುನ್ನ 1 ಕೆಜಿ ಬೀಜಕ್ಕೆ 4 ಗ್ರಾಂ ಟ್ರೈಕೋಡರ್ಮ ವಿರಿಡೆ ಬೆರೆಸಿ. ನೀರು ನಿಲ್ಲದಂತೆ ನೋಡಿಕೊಳ್ಳಿ. ಕೊಳೆತಂತೆ ಕಂಡರೆ 1 ಲೀಟರ್ ನೀರಿಗೆ 3 ಗ್ರಾಂ ಕಾಪರ್ ಆಕ್ಸಿಕ್ಲೋರೈಡ್ ಬೆರೆಸಿ ಮಣ್ಣು ನೆನೆಯುವಂತೆ ಸುರಿಯಿರಿ.
ಟೊಮೆಟೊ,ಶೀಘ್ರ ಎಲೆ ಮಚ್ಚೆ ರೋಗ (Early Blight),ಆಲ್ಟರ್ನೇರಿಯಾ ಸೊಲಾನಿ,ಹಳೆಯ ಎಲೆಗಳ ಮೇಲೆ ಕಂದು ಬಣ್ಣದ ಉಂಗುರದ ಮಚ್ಚೆಗಳಿರುತ್ತವೆ. ಮುಂಜಾನೆ 1 ಲೀಟರ್ ನೀರಿಗೆ 2 ಗ್ರಾಂ ಮ್ಯಾಂಕೋಜೆಬ್ ಸಿಂಪಡಿಸಿ. ಪೀಡಿತ ಎಲೆಗಳನ್ನು ಕಿತ್ತು ಸುಟ್ಟು ಹಾಕಿ. ಬೆಳೆ ಪರಿವರ್ತನೆ ಮಾಡಿ.
ಟೊಮೆಟೊ,ತಡವಾಗಿ ಬರುವ ಎಲೆ ಮಚ್ಚೆ ರೋಗ (Late Blight),ಫೈಟೊಪ್ಥೋರಾ ಇನ್ಫೆಸ್ಟಾನ್ಸ್,ಮೋಡ ಕವಿದ ವಾತಾವರಣದಲ್ಲಿ ವೇಗವಾಗಿ ಹರಡುತ್ತದೆ. ಮೆಟಾಲಾಕ್ಸಿಲ್ + ಮ್ಯಾಂಕೋಜೆಬ್ (2 ಗ್ರಾಂ/ಲೀ) ಸಿಂಪಡಿಸಿ. ಹನಿ ನೀರಾವರಿ ಬಳಸಿ. ಮಳೆಯಾದ ನಂತರ ಮತ್ತೆ ಸಿಂಪಡಿಸಿ.
ಟೊಮೆಟೊ,ಸೊರಗು ರೋಗ (Fusarium Wilt),ಫ್ಯುಸೇರಿಯಂ ಆಕ್ಸಿಸ್ಪೋರಮ್,ಗಿಡ ಒಂದು ಬದಿಯಿಂದ ಹಳದಿಯಾಗಿ ಒಣಗುತ್ತದೆ. ನಾಟಿ ಮುನ್ನ ಮಣ್ಣಿಗೆ ಟ್ರೈಕೋಡರ್ಮ ಮತ್ತು ಕೊಟ್ಟಿಗೆ ಗೊಬ್ಬರ ಬೆರೆಸಿ. ಬುಡಕ್ಕೆ ಕಾಪರ್ ಆಕ್ಸಿಕ್ಲೋರೈಡ್ (3 ಗ್ರಾಂ/ಲೀ) ಸುರಿಯಿರಿ.
ಟೊಮೆಟೊ,ಸೆಪ್ಟೋರಿಯಾ ಎಲೆ ಚುಕ್ಕೆ,ಸೆಪ್ಟೋರಿಯಾ ಲೈಕೊಪರ್ಸಿಸಿ,ಎಲೆಗಳ ಮೇಲೆ ಬೂದು ಬಣ್ಣದ ಸಣ್ಣ ಚುಕ್ಕೆಗಳಿರುತ್ತವೆ. ಪೀಡಿತ ಎಲೆಗಳನ್ನು ಕಿತ್ತುಹಾಕಿ. 1 ಲೀಟರ್ ನೀರಿಗೆ 3 ಗ್ರಾಂ ಕಾಪರ್ ಆಕ್ಸಿಕ್ಲೋರೈಡ್ ಅಥವಾ 2.5 ಗ್ರಾಂ ಮ್ಯಾಂಕೋಜೆಬ್ ಬೆರೆಸಿ ಸಿಂಪಡಿಸಿ.
ಟೊಮೆಟೊ,ಹಣ್ಣು ಕೊಳೆ ರೋಗ (Anthracnose),ಕೊಲೆಟೊಟ್ರೈಕಮ್ ಪ್ರಭೇದ,ಹಣ್ಣು ನೆಲಕ್ಕೆ ತಾಗಿದಾಗ ಹಣ್ಣಿನ ಮೇಲೆ ತಗ್ಗು ಮಚ್ಚೆ ಕಾಣುತ್ತದೆ. ಹಣ್ಣಾದ ತಕ್ಷಣ ಕೊಯ್ಲು ಮಾಡಿ. ನೆಲಕ್ಕೆ ಪ್ಲಾಸ್ಟಿಕ್ ಅಥವಾ ಕಸದ ಹೊದಿಕೆ (Mulching) ಬಳಸಿ.
ಟೊಮೆಟೊ,ಬೂದಿ ರೋಗ (Powdery Mildew),ಲೆವೆಲ್ಲುಲಾ ಟೌರಿಕಾ / ಓಡಿಯಂ ನಿಯೋಲೈಕೊಪರ್ಸಿಸಿ,ಎಲೆಗಳ ಮೇಲೆ ಬಿಳಿ ಪುಡಿ ಕಾಣುತ್ತದೆ. 1 ಲೀಟರ್ ನೀರಿಗೆ 3 ಗ್ರಾಂ ಗಂಧಕ (Sulfur) ಸಿಂಪಡಿಸಿ. ಮನೆ ಮದ್ದಾಗಿ ಹಾಲು ಮತ್ತು ನೀರಿನ ಮಿಶ್ರಣ (1:9) ಬಳಸಬಹುದು.
ಟೊಮೆಟೊ,ಬಕ್ ಐ ರೋಗ (Buckeye Rot),ಫೈಟೊಪ್ಥೋರಾ ನಿಕೋಟಿಯಾನೇ,ಹಣ್ಣಿನ ಮೇಲೆ ಕಂದು ಉಂಗುರಗಳು ಕಾಣುತ್ತವೆ. ಗಿಡಕ್ಕೆ ಆಸರೆ (Staking) ನೀಡಿ ಹಣ್ಣು ನೆಲಕ್ಕೆ ತಗದಂತೆ ನೋಡಿ. ಅತಿಯಾದ ನೀರು ಹಾಯಿಸಬೇಡಿ.
ಟೊಮೆಟೊ,ಬ್ಯಾಕ್ಟೀರಿಯಾ ಸೊರಗು ರೋಗ,ರಾಲ್ಸ್ಟೋನಿಯಾ ಸೊಲಾನೇಸಿಯಾರಮ್,ಗಿಡವು ಹಸಿರಾಗಿರುವಾಗಲೇ ಇದ್ದಕ್ಕಿದ್ದಂತೆ ಬಾಡಿ ಸಾಯುತ್ತದೆ. ಇದಕ್ಕೆ ಔಷಧಿ ಇಲ್ಲ. ಅರ್ಕಾ ಆಭಾ ತಳಿ ಬೆಳೆಯಿರಿ. ನಾಟಿ ಮುನ್ನ ಬೇರನ್ನು ಸ್ಯೂಡೋಮೊನಾಸ್‌ನಲ್ಲಿ ಅದ್ದಿ.
ಟೊಮೆಟೊ,ಬ್ಯಾಕ್ಟೀರಿಯಾ ಎಲೆ ಚುಕ್ಕೆ,ಜಾಂಥೋಮೋನಾಸ್ ಕ್ಯಾಂಪೆಸ್ಟ್ರಿಸ್,ಎಲೆ ಮೇಲೆ ಜಿಡ್ಡು ಮಚ್ಚೆಗಳು ಕಾಣುತ್ತವೆ. ಸ್ಟ್ರೆಪ್ಟೋಸೈಕ್ಲಿನ್ (1 ಗ್ರಾಂ 10 ಲೀ ನೀರಿಗೆ) ಮತ್ತು ಕಾಪರ್ ಆಕ್ಸಿಕ್ಲೋರೈಡ್ ಸಿಂಪಡಿಸಿ. ಗಿಡ ಒದ್ದೆಯಾಗಿದ್ದಾಗ ಕೆಲಸ ಮಾಡಬೇಡಿ.
ಟೊಮೆಟೊ,ಬ್ಯಾಕ್ಟೀರಿಯಾ ಕ್ಯಾಂಕರ್,ಕ್ಲಾವಿಬ್ಯಾಕ್ಟರ್ ಮಿಚಿಗನೆನ್ಸಿಸ್,ಎಲೆ ಅಂಚು ಕಂದು ಬಣ್ಣಕ್ಕೆ ತಿರುಗುತ್ತದೆ. ರೋಗಮುಕ್ತ ಬೀಜ ಬಳಸಿ. ಸವರುವ ಕತ್ತರಿಗಳನ್ನು ಬ್ಲೀಚಿಂಗ್ ಪುಡಿಯಿಂದ ಸ್ವಚ್ಛ ಮಾಡಿ. ಪೀಡಿತ ಗಿಡ ನಾಶಪಡಿಸಿ.
ಟೊಮೆಟೊ,ಎಲೆ ಮುದುರು ರೋಗ (Leaf Curl),ಟೊಮೆಟೊ ಲೀಫ್ ಕರ್ಲ್ ವೈರಸ್ (ToLCV),ಎಲೆ ಮೇಲೆ ಮುದುರುತ್ತದೆ. ಬಿಳಿ ನೊಣ ಹತೋಟಿಗೆ ಹಳದಿ ಅಂಟು ಬಲೆ ಬಳಸಿ. ಇಮಿಡಾಕ್ಲೋಪ್ರಿಡ್ (0.5 ಮಿಲಿ/ಲೀ) ಅಥವಾ ಬೇವಿನ ಎಣ್ಣೆ ಸಿಂಪಡಿಸಿ.
ಟೊಮೆಟೊ,ಕಪ್ಪು ಮಚ್ಚೆ ವೈರಸ್ (TSWV),ಟೊಮೆಟೊ ಸ್ಪಾಟೆಡ್ ವಿಲ್ಟ್ ವೈರಸ್ (TSWV),ಎಲೆ ಕಂಚಿನ ಬಣ್ಣಕ್ಕೆ ತಿರುಗುತ್ತದೆ. ನುಸಿ (Thrips) ಹತೋಟಿಗೆ ನೀಲಿ ಅಂಟು ಬಲೆ ಬಳಸಿ ಮತ್ತು ಫಿಪ್ರೊನಿಲ್ ಸಿಂಪಡಿಸಿ. ಹೊಲದ ಸುತ್ತ ಕಳೆ ಇಲ್ಲದಂತೆ ನೋಡಿ.
ಟೊಮೆಟೊ,ಮೊಸಾಯಿಕ್ ವೈರಸ್ (ToMV),ಟೊಮೆಟೊ ಮೊಸಾಯಿಕ್ ವೈರಸ್ (ToMV),ತಿಳಿ ಮತ್ತು ಕಡು ಹಸಿರು ಮಚ್ಚೆಗಳು ಕಾಣುತ್ತವೆ. ಮುಟ್ಟುವುದರಿಂದ ಹರಡುತ್ತದೆ. ಕೆಲಸ ಮಾಡುವ ಮುನ್ನ ಕೈಗಳನ್ನು ಸಾಬೂನಿನಿಂದ ತೊಳೆಯಿರಿ. ಧೂಮಪಾನ ಮಾಡುವವರಿಂದ ದೂರವಿಡಿ.
ಟೊಮೆಟೊ,ಹಣ್ಣಿನ ತುದಿ ಕೊಳೆತ,ಕ್ಯಾಲ್ಸಿಯಂ ಕೊರತೆ,ಹಣ್ಣಿನ ತಳಭಾಗ ಕಪ್ಪಾಗುತ್ತದೆ. ಇದು ಕ್ಯಾಲ್ಸಿಯಂ ಕೊರತೆಯಿಂದ ಆಗುತ್ತದೆ. ಸಮವಾಗಿ ನೀರು ಹಾಯಿಸಿ. ಕಾಯಿ ಸಣ್ಣಗಿರುವಾಗ ಕ್ಯಾಲ್ಸಿಯಂ ಕ್ಲೋರೈಡ್ (2 ಗ್ರಾಂ/ಲೀ) ಸಿಂಪಡಿಸಿ.
ಟೊಮೆಟೊ,ಹಣ್ಣು ಒಡೆಯುವುದು,ದೈಹಿಕ ವಿಕೋಪ,ಒಣ ಹವೆ ನಂತರ ಮಳೆಯಾದರೆ ಹಣ್ಣು ಒಡೆಯುತ್ತದೆ. ಮಣ್ಣಿನ ತೇವಾಂಶ ಸಮವಾಗಿಡಿ. ಮಳೆ ಬರುವ ಮುನ್ನ ಹಣ್ಣಾದ ಕಾಯಿ ಕೊಯ್ಲು ಮಾಡಿ.
ಟೊಮೆಟೊ,ಸೂರ್ಯನ ಶಾಖದ ಬರೆ,ಸನ್ ಸ್ಕ್ಯಾಲ್ಡ್ (ದೈಹಿಕ),ಬಿಸಿಲಿನಿಂದ ಹಣ್ಣಿನ ಮೇಲೆ ಬಿಳಿ ಮಚ್ಚೆ ಕಾಣುತ್ತದೆ. ಗಿಡದ ಎಲೆಗಳು ಹಣ್ಣನ್ನು ಮುಚ್ಚುವಂತೆ ಆರೋಗ್ಯವಾಗಿ ಬೆಳೆಸಿ. ಬಿಸಿಲು ಹೆಚ್ಚಿದ್ದರೆ ನೆರಳು ಪರದೆ ಬಳಸಿ.
ಟೊಮೆಟೊ,ಕ್ಯಾಟ್ ಫೇಸಿಂಗ್ (ವಿಕಾರ ಹಣ್ಣು),ದೈಹಿಕ ವಿಕೋಪ (ಕ್ಯಾಟ್ ಫೇಸಿಂಗ್),ಹಣ್ಣು ವಿಕಾರವಾಗಿ ಬೆಳೆಯುತ್ತದೆ. ಅತಿಯಾದ ಯೂರಿಯಾ ಬಳಕೆ ಬೇಡ. ಸಮತೋಲಿತ ಗೊಬ್ಬರ ನೀಡಿ. ಚಳಿಗಾಲದ ತುಂಬಾ ಮುಂಚೆ ನಾಟಿ ಮಾಡಬೇಡಿ.
ಟೊಮೆಟೊ,ಬೇರು ಗಂಟು ರೋಗ (Nematode),ಮೆಲೋಯಿಡೋಗೈನೆ ಪ್ರಭೇದ,ಬೇರುಗಳಲ್ಲಿ ಗಂಟುಗಳಾಗಿ ಗಿಡ ಸಣ್ಣದಾಗಿ ಉಳಿಯುತ್ತದೆ. ಸಾಲುಗಳ ನಡುವೆ ಚೆಂಡು ಹೂವು ಬೆಳೆಸಿ. ಮಣ್ಣಿಗೆ ಬೇವಿನ ಹಿಂಡಿ (ಎಕರೆಗೆ 250 ಕೆಜಿ) ಹಾಕಿ.
ಟೊಮೆಟೊ,ಬೂದು ಬೂಷ್ಟು ರೋಗ,ಬೊಟ್ರೈಟಿಸ್ ಸಿನೆರಿಯಾ,ಹೂವು/ಹಣ್ಣಿನ ಮೇಲೆ ಬೂದು ಬಣ್ಣದ ಬೂಷ್ಟು ಕಾಣುತ್ತದೆ. ಗಿಡಗಳ ನಡುವೆ ಸರಿಯಾದ ಗಾಳಿ ಓಡಾಡುವಂತೆ ಜಾಗ ಬಿಡಿ. ಹಳೆಯ ಹೂವುಗಳನ್ನು ಕಿತ್ತುಹಾಕಿ.
ಟೊಮೆಟೊ,ಸದರ್ನ್ ಬ್ಲೈಟ್,ಸ್ಕ್ಲೆರೋಶಿಯಂ ರಾಲ್ಫಿಸೈ,ಬುಡದಲ್ಲಿ ಸಾಸಿವೆಯಂತೆ ಬಿಳಿ ಬೂಷ್ಟು ಬೆಳೆಯುತ್ತದೆ. ಬೇಸಿಗೆಯಲ್ಲಿ ಆಳ ಉಳುಮೆ ಮಾಡಿ. ಸೌರ ತಾಪೀಕರಣ ಮಾಡಿ. ಬುಡಕ್ಕೆ ಟ್ರೈಕೋಡರ್ಮ ಪುಡಿ ಹಾಕಿ.
ಟೊಮೆಟೊ,ಎಲೆ ಬೂಷ್ಟು ರೋಗ,ಪ್ಯಾಸಲೋರಾ ಫಲ್ವಾ,"ಎಲೆ ಮೇಲೆ ಹಳದಿ ಚುಕ್ಕೆ, ಕೆಳಗೆ ಹಸಿರು ಬೂಷ್ಟು ಇರುತ್ತದೆ. ಗಾಳಿಯಾಡುವಿಕೆ ಹೆಚ್ಚಿಸಿ. ಹನಿ ನೀರಾವರಿ ಬಳಸಿ. ಕಾಪರ್ ಯುಕ್ತ ಔಷಧ ಸಿಂಪಡಿಸಿ."
ಗೋಡಂಬಿ,ಚಹಾ ಸೊಳ್ಳೆ (Tea Mosquito Bug),ಹೆಲೋಪೆಲ್ಟಿಸ್ ಆಂಟೋನಿ,ಬೆಳಿಗ್ಗೆ ಅಥವಾ ಸಂಜೆ ಲ್ಯಾಮ್ಡಾ-ಸೈಹಲೋಥ್ರಿನ್ ಸಿಂಪಡಿಸಿ. ಹೊಸ ಚಿಗುರು ಮತ್ತು ಕಾಯಿಗಳ ಮೇಲೆ ಔಷಧ ಸರಿಯಾಗಿ ಬೀಳಲಿ. ಬಿಸಿಲಿನಲ್ಲಿ ಸಿಂಪಡಿಸಬೇಡಿ.
ಗೋಡಂಬಿ,ಕಾಂಡ ಮತ್ತು ಬೇರು ಕೊರಕ,ಪ್ಲೋಸೀಡರಸ್ ಫೆರುಜಿನಿಯಸ್,ಕಾಂಡದ ಮೇಲೆ ಅಂಟು ಅಥವಾ ಮರದ ಪುಡಿ ಕಂಡರೆ ಹುಳು ತೆಗೆದು ಕೊಲ್ಲಿ. ಆ ರಂಧ್ರಕ್ಕೆ ಕ್ಲೋರ್ ಪೈರಿಫಾಸ್ ದ್ರಾವಣ ಹಾಕಿ ಮುಚ್ಚಿ. ಮರವನ್ನು ಉಳಿಸಲು ಇದು ಮುಖ್ಯ.
ಗೋಡಂಬಿ,ಹೂಗೊಂಚಲು ರೋಗ (Anthracnose),ಕೊಲೆಟೊಟ್ರೈಕಮ್ ಗ್ಲಿಯೋಸ್ಪೊರಿಯಾಯ್ಡ್ಸ್,ಚಿಗುರು ಬರುವಾಗ ಬೋರ್ಡೋ ಮಿಶ್ರಣ (1%) ಅಥವಾ ಕಾಪರ್ ಆಕ್ಸಿಕ್ಲೋರೈಡ್ ಸಿಂಪಡಿಸಿ. ಇದು ಹೂವು ಮತ್ತು ಕಾಯಿ ಒಣಗಿ ಉದುರುವುದು ತಪ್ಪಿಸುತ್ತದೆ.
ಗೋಡಂಬಿ,ಗುಲಾಬಿ ರೋಗ (Pink Disease),ಎರಿಥ್ರಿಸಿಯಮ್ ಸಾಲ್ಮೊನಿಕಲರ್,ಪೀಡಿತ ಕೊಂಬೆಯನ್ನು 30 ಸೆಂ.ಮೀ ಕೆಳಭಾಗಕ್ಕೆ ಕತ್ತರಿಸಿ ಸುಟ್ಟು ಹಾಕಿ. ಕತ್ತರಿಸಿದ ಜಾಗಕ್ಕೆ ಬೋರ್ಡೋ ಪೇಸ್ಟ್ ಹಚ್ಚಿ. ಮಳೆಗಾಲಕ್ಕೆ ಮುನ್ನ ಇದನ್ನು ಮಾಡಿ.
ಗೋಡಂಬಿ,ತುದಿ ಒಣಗುವ ರೋಗ (Die-back),ಬೊಟ್ರಿಯೋಡಿಪ್ಲೋಡಿಯಾ ಥಿಯೋಬ್ರೋಮೇ,ಒಣಗಿದ ಕೊಂಬೆ ಹಸಿರು ಭಾಗ ಕಾಣುವವರೆಗೆ ಕತ್ತರಿಸಿ ಬೋರ್ಡೋ ಪೇಸ್ಟ್ ಹಚ್ಚಿ. ಇದರಿಂದ ರೋಗ ಕೆಳಕ್ಕೆ ಹರಡುವುದು ನಿಲ್ಲುತ್ತದೆ.
ಗೋಡಂಬಿ,ಅಂಟು ಒಸರುವಿಕೆ (Gummosis),ಲಾಸಿಯೋಡಿಪ್ಲೋಡಿಯಾ ಥಿಯೋಬ್ರೋಮೇ,ಅಂಟು ಒಸರುತ್ತಿರುವ ತೊಗಟೆಯನ್ನು ಕೆರೆದು ಸ್ವಚ್ಛ ಮಾಡಿ ಬೋರ್ಡೋ ಪೇಸ್ಟ್ ಹಚ್ಚಿ. ಇದರಿಂದ ರೋಗ ಕಾಂಡದ ಒಳಗೆ ಹರಡುವುದು ತಪ್ಪುತ್ತದೆ.
ಗೋಡಂಬಿ,ಎಲೆ ಸುರಳಿ ಕೀಟ (Leaf Miner),ಅಕ್ರೋಸರ್ಕೋಪ್ಸ್ ಸಿಂಗ್ರಾಮ್ಮಾ,ಸಣ್ಣ ಸಸಿಗಳಿಗೆ ಬೇವಿನ ಎಣ್ಣೆ ಅಥವಾ ಕ್ವಿನಾಲ್ ಫಾಸ್ ಸಿಂಪಡಿಸಿ. ಹೊಸ ಎಲೆಗಳ ಮೇಲೆ ಔಷಧ ಬೀಳಲಿ. ಗಿಡ ಬೆಳೆದಂತೆ ಇದು ಕಡಿಮೆಯಾಗುತ್ತದೆ.
ಗೋಡಂಬಿ,ಕಪ್ಪು ಬೂಷ್ಟು ರೋಗ (Sooty Mould),ಕ್ಯಾಪ್ನೋಡಿಯಂ ಪ್ರಭೇದ,ಮೊದಲು ಕೀಟ ಹತೋಟಿಗೆ ಬೇವಿನ ಎಣ್ಣೆ ಸಿಂಪಡಿಸಿ. ನಂತರ ಮೈದಾ ಗಂಜಿ ದ್ರಾವಣ ಸಿಂಪಡಿಸಿ. ಕಪ್ಪು ಪದರ ಒಣಗಿ ತಾನಾಗಿಯೇ ಉದುರುತ್ತದೆ.
ಗೋಡಂಬಿ,ಕೆಂಪು ತುಕ್ಕು ರೋಗ (Red Rust),ಸೆಫಲ್ಯೂರೋಸ್ ವೈರೆಸೆನ್ಸ್,ಎಲೆ ಮೇಲೆ ಕೆಂಪು ಕಲೆಗಳಿದ್ದರೆ ಕಾಪರ್ ಆಕ್ಸಿಕ್ಲೋರೈಡ್ ಸಿಂಪಡಿಸಿ. ಇದು ಪಾಚಿಯನ್ನು ನಿಯಂತ್ರಿಸಿ ಎಲೆ ಮತ್ತೆ ಹಸಿರಾಗಲು ಸಹಾಯ ಮಾಡುತ್ತದೆ.
ಗೋಡಂಬಿ,ಬೂದಿ ರೋಗ (Powdery Mildew),ಓಡಿಯಂ ಪ್ರಭೇದ,ಮುಂಜಾನೆ ನೀರಿನಲ್ಲಿ ಕರಗುವ ಗಂಧಕ ಸಿಂಪಡಿಸಿ. ಇದು ಹೂವು ಉದುರುವುದು ತಪ್ಪಿಸಿ ಕಾಯಿ ಕಟ್ಟಲು ಸಹಾಯ ಮಾಡುತ್ತದೆ.
ಗೋಡಂಬಿ,ಹಣ್ಣು ಮತ್ತು ಕಾಯಿ ಕೊರಕ,ಥೈಲೋಕಾಪ್ಟಿಸ್ / ಹೈಲೋಸ್ಪಿಲ್ಲಾ,ಬಿದ್ದ ಹಣ್ಣುಗಳನ್ನು ನಾಶಪಡಿಸಿ. ಕಾಯಿ ಬಟಾಣಿ ಗಾತ್ರವಿರುವಾಗ ಸ್ಪಿನೋಸ್ಯಾಡ್ ಅಥವಾ ಪ್ರೊಫೆನೋಫಾಸ್ ಸಿಂಪಡಿಸಿ.
ಗೋಡಂಬಿ,ನುಸಿ ಕೀಟ (Thrips),ಸಿರ್ಟೋಥ್ರಿಪ್ಸ್ ಡಾರ್ಸಾಲಿಸ್,ಹೂ ಬಿಡುವ ಸಮಯದಲ್ಲಿ ನುಸಿ ಹೆಚ್ಚಿದ್ದರೆ ಥಿಯಾಮೆಥೋಕ್ಸಾಮ್ ಸಿಂಪಡಿಸಿ. ಇದರಿಂದ ಕಾಯಿ ಕಟ್ಟುವಿಕೆ ಹೆಚ್ಚುತ್ತದೆ.
ಗೋಡಂಬಿ,ಎಲೆ ಚುಕ್ಕೆ ರೋಗ,ಪೆಸ್ಟಾಲೋಟಿಯಾ ಪ್ರಭೇದ,ಸಣ್ಣ ಸಸಿಗಳಿಗೆ ಮ್ಯಾಂಕೋಜೆಬ್ (2 ಗ್ರಾಂ/ಲೀ) ಸಿಂಪಡಿಸಿ. ಇದು ಸಸಿಗಳ ಎಲೆಗಳು ಹಾಳಾಗುವುದನ್ನು ತಡೆಯುತ್ತದೆ.
ಗೋಡಂಬಿ,ಚಿಗುರು ಕೊಳೆ ರೋಗ,ಫೈಟೊಪ್ಥೋರಾ ಪ್ರಭೇದ,ಮಳೆ ಆರಂಭಕ್ಕೂ ಮುನ್ನ ಬೋರ್ಡೋ ಮಿಶ್ರಣ (1%) ಸಿಂಪಡಿಸಿ. ಇದು ಚಿಗುರು ಕೊಳೆತು ಎಲೆ ಉದುರುವುದು ತಪ್ಪಿಸುತ್ತದೆ.
ಹತ್ತಿ,ಗುಲಾಬಿ ಕಾಯಿಕೊರಕ (Pink Bollworm),ಪೆಕ್ಟಿನೋಫೋರಾ ಗಾಸಿಪಿಯೆಲ್ಲಾ,ಎಕರೆಗೆ 5 ಲಿಂಗಾಕರ್ಷಕ ಬಲೆಗಳನ್ನು ಇಡಿ. ಬಾಡಿದ ಹೂವುಗಳನ್ನು ನಾಶಪಡಿಸಿ. ಹುಳು ಹೆಚ್ಚಾದರೆ ಪ್ರೊಫೆನೋಫಾಸ್ ಅಥವಾ ಎಮಾಮೆಕ್ಟಿನ್ ಬೆಂಜೋಯೇಟ್ ಸಿಂಪಡಿಸಿ. ಕೊಯ್ಲಿನ ನಂತರ ಆಡು-ಕುರಿಗಳನ್ನು ಮೇಯಿಸಿ ಅಥವಾ ಆಳವಾಗಿ ಉಳುಮೆ ಮಾಡಿ.
ಹತ್ತಿ,ಅಮೆರಿಕನ್ ಕಾಯಿಕೊರಕ,ಹೆಲಿಕೋವರ್ಪ ಆರ್ಮಿಜೆರಾ,ಹೊಲದ ಸುತ್ತ ಚೆಂಡು ಹೂವು ಅಥವಾ ಅಳಸಂದಿ ಬೆಳೆಯಿರಿ. ಪಕ್ಷಿಗಳು ಕೂರಲು ಅಟ್ಟಿಗಳನ್ನು (Bird perches) ಮಾಡಿ. ಹುಳು ಹೆಚ್ಚಾದರೆ ಸ್ಪಿನೋಸ್ಯಾಡ್ ಅಥವಾ ಇಂಡೋಕ್ಸಾಕಾರ್ಬ್ ಸಿಂಪಡಿಸಿ. ಒಂದೇ ಔಷಧಿಯನ್ನು ಪದೇ ಪದೇ ಬಳಸಬೇಡಿ.
ಹತ್ತಿ,ಬ್ಯಾಕ್ಟೀರಿಯಾ ರೋಗ (Black Arm),ಜಾಂಥೋಮೋನಾಸ್ ಆಕ್ಸೋನೋಪೋಡಿಸ್,ಬಿತ್ತನೆ ಮುನ್ನ ಸ್ಟ್ರೆಪ್ಟೋಸೈಕ್ಲಿನ್‌ನಿಂದ ಬೀಜೋಪಚಾರ ಮಾಡಿ. ರೋಗ ಕಂಡಾಗ 1 ಲೀ ನೀರಿಗೆ 3 ಗ್ರಾಂ ಕಾಪರ್ ಆಕ್ಸಿಕ್ಲೋರೈಡ್ ಮತ್ತು 1 ಗ್ರಾಂ ಸ್ಟ್ರೆಪ್ಟೋಸೈಕ್ಲಿನ್ (10 ಲೀ ನೀರಿಗೆ) ಬೆರೆಸಿ ಸಿಂಪಡಿಸಿ. ಹಳೆಯ ಗಿಡಗಳನ್ನು ನಾಶಪಡಿಸಿ.
ಹತ್ತಿ,ಎಲೆ ಮುದುರು ವೈರಸ್,ಕಾಟನ್ ಲೀಫ್ ಕರ್ಲ್ ವೈರಸ್,ಬಿಳಿ ನೊಣಗಳನ್ನು ಹತೋಟಿ ಮಾಡಿ. ಹಳದಿ ಅಂಟು ಬಲೆ ಬಳಸಿ ಮತ್ತು ಬಿಳಿ ನೊಣ ಹೆಚ್ಚಾದಾಗ ಬೇವಿನ ಎಣ್ಣೆ ಅಥವಾ ಡಯಾಫೆನ್ ಥಿಯುರಾನ್ ಸಿಂಪಡಿಸಿ. ರೋಗ ನಿರೋಧಕ ತಳಿ ಬೆಳೆಯಿರಿ. ಪೀಡಿತ ಗಿಡಗಳನ್ನು ಕಿತ್ತುಹಾಕಿ.
ಹತ್ತಿ,"ರಸ ಹೀರುವ ಕೀಟಗಳು (ನುಸಿ, ಜಿಗಿ)",ಥ್ರಿಪ್ಸ್ ಟಬಾಕಿ / ಅಮ್ರಾಸ್ಕಾ ಬಿಗುಟುಲ್ಲಾ,ಬಿತ್ತನೆ ಮುನ್ನ ಇಮಿಡಾಕ್ಲೋಪ್ರಿಡ್‌ನಿಂದ ಬೀಜೋಪಚಾರ ಮಾಡಿ. ನಂತರ ಅಸಿಟಾಮಿಪ್ರಿಡ್ ಅಥವಾ ಫ್ಲೋನಿಕಾಮಿಡ್ ಸಿಂಪಡಿಸಿ. ಅಂಟು ಬಲೆಗಳನ್ನು ಬಳಸಿ. ಇದು ಎಲೆ ಮುದುಡುವುದನ್ನು ಮತ್ತು ಇಳುವರಿ ನಷ್ಟವನ್ನು ತಪ್ಪಿಸುತ್ತದೆ.
ಹತ್ತಿ,ಬಿಳಿ ನೊಣ (Whitefly),ಬೆಮಿಸಿಯಾ ಟಬಾಕಿ,ಬೇವಿನ ಎಣ್ಣೆ ಅಥವಾ ಸ್ಪಿರೋಮೆಸಿಫೆನ್ ಸಿಂಪಡಿಸಿ. ಎಲೆಯ ಕೆಳಭಾಗಕ್ಕೆ ಸರಿಯಾಗಿ ಸಿಂಪಡಿಸಿ. ಅತಿಯಾದ ಯೂರಿಯಾ ಗೊಬ್ಬರ ಬೇಡ. ಹೊಲದ ಸುತ್ತ ಕಳೆ ಇಲ್ಲದಂತೆ ನೋಡಿಕೊಳ್ಳಿ.
ಹತ್ತಿ,ಹಿಟ್ಟು ತಿಗಣೆ (Mealybug),ಫೆನಾಕೋಕಸ್ ಸೊಲೆನೋಪಿಸ್,ಮೊದಲು ಇರುವೆ ಗೂಡುಗಳನ್ನು ನಾಶಪಡಿಸಿ. ಪೀಡಿತ ಗಿಡಗಳಿಗೆ ನೇರವಾಗಿ ಪ್ರೊಫೆನೋಫಾಸ್ ಅಥವಾ ಬುಪ್ರೊಫೆಜಿನ್ ಸಿಂಪಡಿಸಿ. ಸಣ್ಣ ಪ್ರಮಾಣದಲ್ಲಿದ್ದರೆ ನೀರಿನ ಬಲವಾದ ಫೋರ್ಸ್‌ನಿಂದ ತೊಳೆದು ಹಾಕಿ.
ಹತ್ತಿ,ಆಲ್ಟರ್ನೇರಿಯಾ ಎಲೆ ಚುಕ್ಕೆ,ಆಲ್ಟರ್ನೇರಿಯಾ ಮ್ಯಾಕ್ರೋಸ್ಪೋರಾ,ಕಂದು ಮಚ್ಚೆ ಕಂಡಾಗ 1 ಲೀ ನೀರಿಗೆ 2.5 ಗ್ರಾಂ ಮ್ಯಾಂಕೋಜೆಬ್ ಅಥವಾ 1 ಮಿಲಿ ಪ್ರೊಪಿಕೋನಾಜೋಲ್ ಸಿಂಪಡಿಸಿ. ಗಿಡಕ್ಕೆ ಸಾಕಷ್ಟು ಪೊಟ್ಯಾಷ್ ಗೊಬ್ಬರ ನೀಡಿ. ಬಿದ್ದಿರುವ ರೋಗಗ್ರಸ್ತ ಎಲೆಗಳನ್ನು ನಾಶಪಡಿಸಿ.
ಹತ್ತಿ,ಬೂದಿ ರೋಗ (Grey Mildew),ರಾಮುಲೇರಿಯಾ ಅರಿಯೋಲಾ,ಎಲೆಯ ಮೇಲೆ ಬಿಳಿ ಪುಡಿ ಕಂಡರೆ 1 ಲೀ ನೀರಿಗೆ 3 ಗ್ರಾಂ ನೀರಿನಲ್ಲಿ ಕರಗುವ ಗಂಧಕ (Sulphur) ಅಥವಾ ಕಾರ್ಬೆಂಡಾಜಿಮ್ ಸಿಂಪಡಿಸಿ. ಇದು ಎಲೆ ಉದುರುವುದನ್ನು ತಪ್ಪಿಸಿ ಕಾಯಿ ಕಟ್ಟಲು ಸಹಾಯ ಮಾಡುತ್ತದೆ.
ಹತ್ತಿ,ಬೇರು ಕೊಳೆ ರೋಗ (Root Rot),ರೈಜೋಕ್ಟೋನಿಯಾ ಸೊಲಾನಿ,ಬಿತ್ತನೆ ಮುನ್ನ ಟ್ರೈಕೋಡರ್ಮದಿಂದ ಬೀಜೋಪಚಾರ ಮಾಡಿ. ರೋಗ ಕಂಡ ಜಾಗಕ್ಕೆ ಕಾಪರ್ ಆಕ್ಸಿಕ್ಲೋರೈಡ್ ಸುರಿಯಿರಿ. ಹೊಲದಲ್ಲಿ ನೀರು ನಿಲ್ಲದಂತೆ ನೋಡಿಕೊಳ್ಳಿ. ಇದು ಮುನ್ನೆಚ್ಚರಿಕೆಯಿಂದ ಮಾತ್ರ ತಡೆಯಲು ಸಾಧ್ಯ.
ಹತ್ತಿ,ಫ್ಯುಸೇರಿಯಂ ಸೊರಗು (Wilt),ಫ್ಯುಸೇರಿಯಂ ಆಕ್ಸಿಸ್ಪೋರಮ್,ರೋಗ ನಿರೋಧಕ ಹತ್ತಿ ತಳಿಗಳನ್ನು ಬೆಳೆಯಿರಿ. ಮಣ್ಣಿಗೆ ಟ್ರೈಕೋಡರ್ಮ ಮತ್ತು ಕೊಟ್ಟಿಗೆ ಗೊಬ್ಬರ ಬೆರೆಸಿ. ಮೆಕ್ಕೆಜೋಳ ಅಥವಾ ಜೋಳದ ಜೊತೆ ಬೆಳೆ ಪರಿವರ್ತನೆ (Crop Rotation) ಮಾಡಿ.
ಹತ್ತಿ,ಹಠಾತ್ ಸೊರಗು (Parawilt),ದೈಹಿಕ ವಿಕೋಪ,ಅತಿಯಾದ ಮಳೆಯಾದಾಗ ನೀರನ್ನು ಕೂಡಲೇ ಹೊರಹಾಕಿ. ಚೇತರಿಸಿಕೊಳ್ಳಲು 2% ಯೂರಿಯಾ ಅಥವಾ ಡಿಎಪಿ (DAP) ದ್ರಾವಣವನ್ನು ಎಲೆಗಳ ಮೇಲೆ ಸಿಂಪಡಿಸಿ. ಇದು ಗಿಡ ಮತ್ತೆ ಹಸಿರಾಗಲು ಸಹಾಯ ಮಾಡುತ್ತದೆ.
ಹತ್ತಿ,ಕಾಂಡದ ಮೂತಿ ಹುಳು,ಪೆಂಫೆರುಲಸ್ ಅಫಿನಿಸ್,ಗಿಡದ ಬುಡಕ್ಕೆ ಮಣ್ಣು ಏರಿಸಿ (Earthing up). ಬುಡಕ್ಕೆ ಕ್ಲೋರ್ ಪೈರಿಫಾಸ್ ದ್ರಾವಣ ಸುರಿಯಿರಿ. ಕೊಯ್ಲಿನ ನಂತರ ಹಳೆಯ ಹತ್ತಿ ಕಟ್ಟಿಗೆಗಳನ್ನು ಸುಟ್ಟು ಹಾಕಿ ಹುಳುಗಳನ್ನು ನಾಶಪಡಿಸಿ.
ಹತ್ತಿ,ತಂಬಾಕು ಎಲೆ ಕಡಿಯುವ ಹುಳು,ಸ್ಪೋಡೋಪ್ಟೆರಾ ಲಿಟುರಾ,ಎಲೆಗಳ ಮೇಲಿನ ಮೊಟ್ಟೆಗಳನ್ನು ಕೈಯಿಂದ ನಾಶಪಡಿಸಿ. ಲಿಂಗಾಕರ್ಷಕ ಬಲೆ ಬಳಸಿ. ಸಂಜೆ ಸಮಯದಲ್ಲಿ ವಿಷಪೂರಿತ ಆಹಾರ (ತೌಡು + ಬೆಲ್ಲ + ಕೀಟನಾಶಕ) ಉಂಡೆಗಳನ್ನು ಗಿಡದ ಬುಡಕ್ಕೆ ಇಡಿ.
ಸೌತೆಕಾಯಿ,ಬೂಜು ತುಪ್ಪಳ ರೋಗ (Downy Mildew),ಪ್ಲಾಸ್ಮೋಪಾರಾ ವಿಟಿಕೋಲಾ,ಇದು ಅತ್ಯಂತ ಅಪಾಯಕಾರಿ. ಎಲೆ ಮೇಲೆ ಹಳದಿ ಮಚ್ಚೆ ಇರುತ್ತದೆ. ಮೆಟಾಲಾಕ್ಸಿಲ್ + ಮ್ಯಾಂಕೋಜೆಬ್ (2.5 ಗ್ರಾಂ/ಲೀ) ಅಥವಾ ಸೈಮೋಕ್ಸಾನಿಲ್ ಸಿಂಪಡಿಸಿ. ಎಲೆಗಳ ಮೇಲೆ ನೀರು ಬೀಳದಂತೆ ನೋಡಿಕೊಳ್ಳಿ.
ಸೌತೆಕಾಯಿ,ಬೂದಿ ರೋಗ (Powdery Mildew),ಎರಿಸೈಫಿ ನೆಕೇಟರ್,ಎಲೆ ಮೇಲೆ ಬಿಳಿ ಪುಡಿ ಕಂಡರೆ ಗಂಧಕ (Sulphur) ಅಥವಾ ಕಾರಾಥೇನ್ ಸಿಂಪಡಿಸಿ. ಮನೆ ಮದ್ದಾಗಿ ಅಡುಗೆ ಸೋಡಾ ಮಿಶ್ರಿತ ನೀರು ಅಥವಾ ಹಾಲಿನ ಮಿಶ್ರಣ ಬಳಸಬಹುದು. ರೋಗಗ್ರಸ್ತ ಎಲೆಗಳನ್ನು ತೆಗೆಯಿರಿ.
ಸೌತೆಕಾಯಿ,ಮೊಸಾಯಿಕ್ ವೈರಸ್,ಗ್ರೇಪ್ ವೈನ್ ಮೊಸಾಯಿಕ್ ವೈರಸ್,ಎಲೆ ಮತ್ತು ಹಣ್ಣು ವಿಕಾರವಾಗಿ ಗಂಟುಗಳಾಗುತ್ತವೆ. ಇದಕ್ಕೆ ಮದ್ದಿಲ್ಲ. ಹಳದಿ ಅಂಟು ಬಲೆ ಬಳಸಿ ಜಿಗಿಗಳನ್ನು (Aphids) ಹತೋಟಿ ಮಾಡಿ. ಪೀಡಿತ ಗಿಡಗಳನ್ನು ತಕ್ಷಣ ಕಿತ್ತು ಹೂತುಹಾಕಿ.
ಸೌತೆಕಾಯಿ,ಹಣ್ಣಿನ ನೊಣ (Fruit Fly),ಬ್ಯಾಕ್ಟ್ರೋಸೆರಾ ಪ್ರಭೇದ,ಈ ನೊಣ ಹಣ್ಣಿನ ಒಳಗೆ ತತ್ತಿ ಇಡುತ್ತದೆ. ಎಕರೆಗೆ 4-6 ಲಿಂಗಾಕರ್ಷಕ ಬಲೆಗಳನ್ನು ಇಡಿ. ಬಿದ್ದ ಕೊಳೆತ ಹಣ್ಣುಗಳನ್ನು ಆಳವಾಗಿ ಹೂತುಹಾಕಿ. ಬೇವಿನ ಎಣ್ಣೆ ಸಿಂಪಡಿಸಿ ನೊಣಗಳನ್ನು ಓಡಿಸಿ.
ಸೌತೆಕಾಯಿ,ಹಣ್ಣು ಕೊಳೆ ರೋಗ (Anthracnose),ಎಲ್ಸಿನೋ ಆಂಪೆಲಿನಾ,ಹಣ್ಣಿನ ಮೇಲೆ ಕೆಂಪು-ಕಂದು ತಗ್ಗು ಮಚ್ಚೆಗಳು ಕಾಣುತ್ತವೆ. ಕಾರ್ಬೆಂಡಾಜಿಮ್‌ನಿಂದ ಬೀಜೋಪಚಾರ ಮಾಡಿ. ಮ್ಯಾಂಕೋಜೆಬ್ ಅಥವಾ ಕ್ಲೋರೋಥಲೋನಿಲ್ ಸಿಂಪಡಿಸಿ. ಬೆಳೆ ಪರಿವರ್ತನೆ ಮಾಡಿ.
ಸೌತೆಕಾಯಿ,ಕೋನ ಎಲೆ ಚುಕ್ಕೆ ರೋಗ,ಸ್ಯೂಡೋಮೋನಾಸ್ ಪ್ರಭೇದ,"ಎಲೆ ಮೇಲೆ ಚೌಕಾಕಾರದ ಮಚ್ಚೆಗಳಾಗುತ್ತವೆ. ಕಾಪರ್ ಆಕ್ಸಿಕ್ಲೋರೈಡ್ ಅಥವಾ ಸ್ಟ್ರೆಪ್ಟೋಸೈಕ್ಲಿನ್ ಸಿಂಪಡಿಸಿ. ಗಿಡಗಳು ಒದ್ದೆಯಾಗಿದ್ದಾಗ ಹೊಲದಲ್ಲಿ ಕೆಲಸ ಮಾಡಬೇಡಿ, ರೋಗ ಹರಡಬಹುದು."
ಸೌತೆಕಾಯಿ,ಫ್ಯುಸೇರಿಯಂ ಸೊರಗು,ಫ್ಯುಸೇರಿಯಂ ಆಕ್ಸಿಸ್ಪೋರಮ್,ಗಿಡ ತುದಿಯಿಂದ ಹಳದಿಯಾಗಿ ಬಾಡುತ್ತದೆ. ರೋಗ ನಿರೋಧಕ ಬೀಜ ಬಳಸಿ. ಮಣ್ಣಿಗೆ ಟ್ರೈಕೋಡರ್ಮ ಬೆರೆಸಿ. ಮೆಕ್ಕೆಜೋಳ ಅಥವಾ ಪಾಲಕ್ ಜೊತೆ ಬೆಳೆ ಪರಿವರ್ತನೆ ಮಾಡಿ.
ಸೌತೆಕಾಯಿ,ಅಂಟು ಕಾಂಡದ ರೋಗ,ಫೋಮಾಪ್ಸಿಸ್ ವಿಟಿಕೋಲಾ,ಕಾಂಡ ಕಂದು ಬಣ್ಣಕ್ಕೆ ತಿರುಗಿ ಅಂಟು ಒಸರುತ್ತದೆ. ಮ್ಯಾಂಕೋಜೆಬ್ ಸಿಂಪಡಿಸಿ. ಬಳ್ಳಿಗಳ ನಡುವೆ ಗಾಳಿಯಾಡುವಂತೆ ಮಾಡಿ. ಬುಡಕ್ಕೆ ನೀರು ತಾಕದಂತೆ ನೋಡಿಕೊಳ್ಳಿ.
ಸೌತೆಕಾಯಿ,ಬೇರು ಗಂಟು ರೋಗ (Nematode),ಮೆಲೋಯಿಡೋಗೈನೆ ಪ್ರಭೇದ,ಬೇರುಗಳಲ್ಲಿ ಗಂಟುಗಳಾಗಿ ಗಿಡ ಕುಂಠಿತವಾಗುತ್ತದೆ. ಮಣ್ಣಿಗೆ ಬೇವಿನ ಹಿಂಡಿ ಹಾಕಿ. ಸಾಲುಗಳ ನಡುವೆ ಚೆಂಡು ಹೂವು ಬೆಳೆಸಿ. ಬೇಸಿಗೆಯಲ್ಲಿ ಮಣ್ಣಿನ ಸೌರ ತಾಪೀಕರಣ (Solarization) ಮಾಡಿ.
ಸೌತೆಕಾಯಿ,ಕೆಂಪು ಕುಂಬಳ ದುಂಬಿ,ಆಲಾಕೋಫೋರಾ ಫೋವಿಕೋಲಿಸ್,ಬೆಳಿಗ್ಗೆ ದುಂಬಿಗಳನ್ನು ಕೈಯಿಂದ ಹಿಡಿದು ಕೊಲ್ಲಿ. ಎಲೆಗಳ ಮೇಲೆ ಕಟ್ಟಿಗೆ ಬೂದಿ ಸಿಂಪಡಿಸಿ. ಹೆಚ್ಚಾದರೆ ಕ್ಲೋರ್ ಪೈರಿಫಾಸ್ ಅಥವಾ ಮೆಲಾಥಿಯಾನ್ ಸಿಂಪಡಿಸಿ.
ಸೌತೆಕಾಯಿ,ನುಸಿ ಕೀಟ (Thrips),ರಿಪಿಫೋರೋಥ್ರಿಪ್ಸ್ ಕ್ರುಯೆಂಟಾಟಸ್,ಎಲೆಗಳು ಬೆಳ್ಳಗೆ ಅಥವಾ ಕಂಚಿನ ಬಣ್ಣಕ್ಕೆ ತಿರುಗುತ್ತವೆ. ನೀಲಿ ಅಂಟು ಬಲೆಗಳನ್ನು ಬಳಸಿ. ಜನಸಂಖ್ಯೆ ಹೆಚ್ಚಿದ್ದರೆ ಫಿಪ್ರೊನಿಲ್ ಅಥವಾ ಸ್ಪಿನೋಸ್ಯಾಡ್ ಸಿಂಪಡಿಸಿ.
ಸೌತೆಕಾಯಿ,ಜಿಗಿ ಮತ್ತು ಅಫಿಡ್ಸ್,ಅಮ್ರಾಸ್ಕಾ / ಅಫಿಸ್,"ಬೇವಿನ ಎಣ್ಣೆ ಅಥವಾ ಸಾಬೂನು ನೀರು ಸಿಂಪಡಿಸಿ. ಲೇಡಿಬಗ್ ದುಂಬಿಗಳು ಇವುಗಳನ್ನು ತಿನ್ನುತ್ತವೆ, ಆದ್ದರಿಂದ ಅವುಗಳನ್ನು ಕೊಲ್ಲಬೇಡಿ. ಅನಿವಾರ್ಯವಾದರೆ ಇಮಿಡಾಕ್ಲೋಪ್ರಿಡ್ ಬಳಸಿ."
ಸೌತೆಕಾಯಿ,ಎಲೆ ಸುರಳಿ ಕೀಟ (Leaf Miner),ಫೈಲೋಕ್ನಿಸ್ಟಿಸ್ ಪ್ರಭೇದ,ಎಲೆಯ ಮೇಲೆ ಹಾವಿನಂತಹ ಬಿಳಿ ಗೆರೆಗಳು ಕಾಣುತ್ತವೆ. ಪೀಡಿತ ಎಲೆಗಳನ್ನು ತೆಗೆದುಹಾಕಿ. ಬೇವಿನ ಕಷಾಯ (NSKE 5%) ಸಿಂಪಡಿಸಿ ನೊಣಗಳನ್ನು ತಡೆಯಿರಿ.
ದ್ರಾಕ್ಷಿ,ಡೌನಿ ಮಿಲ್ಡ್ಯೂ (Downy Mildew),ಪ್ಲಾಸ್ಮೋಪಾರಾ ವಿಟಿಕೋಲಾ,ಎಲೆ ಮೇಲೆ ಹಳದಿ ಎಣ್ಣೆ ಮಚ್ಚೆ ಕಾಣುತ್ತದೆ. ಬೋರ್ಡೋ ಮಿಶ್ರಣ (1%) ಅಥವಾ ಕಾಪರ್ ಆಕ್ಸಿಕ್ಲೋರೈಡ್ ಸಿಂಪಡಿಸಿ. ಗಾಳಿಯಾಡುವಂತೆ ಗಿಡಗಳನ್ನು ಸವಿಯಿರಿ (Pruning).
ದ್ರಾಕ್ಷಿ,ಬೂದಿ ರೋಗ (Powdery Mildew),ಅನ್ಸಿನುಲಾ ನೆಕೇಟರ್,ಹಣ್ಣು ಮತ್ತು ಎಲೆಯ ಮೇಲೆ ಬಿಳಿ ಬೂದಿ ಇರುತ್ತದೆ. ಗಂಧಕದ ಪುಡಿ ಧೂಳೀಕರಿಸಿ ಅಥವಾ ನೀರಿನಲ್ಲಿ ಕರಗುವ ಗಂಧಕ ಸಿಂಪಡಿಸಿ. ಗಿಡದ ಮಧ್ಯಭಾಗಕ್ಕೆ ಬಿಸಿಲು ಬೀಳುವಂತೆ ನೋಡಿ.
ದ್ರಾಕ್ಷಿ,ಪಕ್ಷಿ ಕಣ್ಣು ರೋಗ (Anthracnose),ಎಲ್ಸಿನೋ ಆಂಪೆಲಿನಾ,ಹಣ್ಣಿನ ಮೇಲೆ ಪಕ್ಷಿಯ ಕಣ್ಣಿನಂತಹ ಮಚ್ಚೆ ಇರುತ್ತದೆ. ಪೀಡಿತ ರೆಂಬೆಗಳನ್ನು ಸುಟ್ಟು ಹಾಕಿ. ಕಾಪರ್ ಆಕ್ಸಿಕ್ಲೋರೈಡ್ ಅಥವಾ ಥಿಯೋಫನೇಟ್ ಮಿಥೈಲ್ ಸಿಂಪಡಿಸಿ.
ದ್ರಾಕ್ಷಿ,ಹಿಟ್ಟು ತಿಗಣೆ (Mealybug),ಮ್ಯಾಕೊನೆಲ್ಲಿಕಾಕಸ್ ಹಿರ್ಸುಟಸ್,ಹಣ್ಣುಗಳು ಜಿಗುಟಾಗುತ್ತವೆ. ಇರುವೆಗಳನ್ನು ಮೊದಲು ಹತೋಟಿ ಮಾಡಿ. ಕಾಂಡಕ್ಕೆ ಅಂಟು ಪಟ್ಟಿ ಹಚ್ಚಿ. ಬುಪ್ರೊಫೆಜಿನ್ ಅಥವಾ ಮೆಥೋಮಿಲ್ ಸಿಂಪಡಿಸಿ.
ದ್ರಾಕ್ಷಿ,ನುಸಿ ಕೀಟ (Thrips),ಸಿರ್ಟೋಥ್ರಿಪ್ಸ್ ಡಾರ್ಸಾಲಿಸ್,ಹಣ್ಣಿನ ಮೇಲೆ ಗಾಯದ ಗುರುತುಗಳಾಗಿ ಮಾರುಕಟ್ಟೆ ಬೆಲೆ ಕಡಿಮೆಯಾಗುತ್ತದೆ. ಫಿಪ್ರೊನಿಲ್ ಅಥವಾ ಸ್ಪಿನೋಸ್ಯಾಡ್ ಸಿಂಪಡಿಸಿ. ಹೊಲದಲ್ಲಿ ಕಳೆ ಬೆಳೆಯಲು ಬಿಡಬೇಡಿ.
ದ್ರಾಕ್ಷಿ,ಚಿಗಟ ದುಂಬಿ (Flea Beetle),ಸೆಲೋಡಾಂಟಾ ಸ್ಟ್ರಿಗಿಕೋಲಿಸ್,"ಇದು ಚಿಗುರು ಕಡಿಯುತ್ತದೆ. ಸವರುವಿಕೆ (Pruning) ನಂತರ ಕೂಡಲೇ ಕ್ವಿನಾಲ್ ಫಾಸ್ ಸಿಂಪಡಿಸಿ. ಮರದ ತೊಗಟೆಯೊಳಗೆ ಇವು ಅಡಗಿರುತ್ತವೆ, ಅದನ್ನು ಸ್ವಚ್ಛ ಮಾಡಿ."
ದ್ರಾಕ್ಷಿ,ಬ್ಯಾಕ್ಟೀರಿಯಾ ಎಲೆ ಚುಕ್ಕೆ,ಜಾಂಥೋಮೋನಾಸ್ ಕ್ಯಾಂಪೆಸ್ಟ್ರಿಸ್,ಮಳೆಯ ನಂತರ ಮಚ್ಚೆಗಳು ಜಾಸ್ತಿಯಾಗುತ್ತವೆ. ಸ್ಟ್ರೆಪ್ಟೋಸೈಕ್ಲಿನ್ (0.5 ಗ್ರಾಂ/ಲೀ) ಮತ್ತು ಕಾಪರ್ ಆಕ್ಸಿಕ್ಲೋರೈಡ್ ಮಿಶ್ರಣ ಮಾಡಿ ಸಿಂಪಡಿಸಿ. ಒದ್ದೆಯಿದ್ದಾಗ ಕೆಲಸ ಬೇಡ.
ದ್ರಾಕ್ಷಿ,ಕಾಂಡ ಕೊರಕ (Stem Borer),ಸೆಲೋಸ್ಟರ್ನಾ ಸ್ಕ್ಯಾಬ್ರೇಟರ್,"ಕಾಂಡದ ಮೇಲೆ ರಂಧ್ರ ಮತ್ತು ಪುಡಿ ಕಂಡರೆ, ತಂತಿಯಿಂದ ರಂಧ್ರ ಸ್ವಚ್ಛಗೊಳಿಸಿ ಪೆಟ್ರೋಲ್ ಹಾಕಿದ ಹತ್ತಿ ಇಟ್ಟು ಜೇಡಿಮಣ್ಣಿನಿಂದ ರಂಧ್ರವನ್ನು ಮುಚ್ಚಿ."
ದ್ರಾಕ್ಷಿ,ಜೇಡ ನುಸಿ (Mites),ಟೆಟ್ರಾನಿಕಸ್ ಪ್ರಭೇದ,ಎಲೆ ಕೆಂಪು-ಕಂದಾಗುತ್ತದೆ. ಬಿಸಿ ವಾತಾವರಣದಲ್ಲಿ ಡೈಕೋಫಾಲ್ ಅಥವಾ ನೀರಿನಲ್ಲಿ ಕರಗುವ ಗಂಧಕ ಸಿಂಪಡಿಸಿ. ಸರಿಯಾದ ಸಮಯದಲ್ಲಿ ನೀರು ಹಾಯಿಸಿ.
ದ್ರಾಕ್ಷಿ,ಹಣ್ಣು ಒಡೆಯುವುದು (Berry Cracking),ದೈಹಿಕ ವಿಕೋಪ,ತೇವಾಂಶದ ಏರುಪೇರಿನಿಂದ ಆಗುತ್ತದೆ. ಕ್ಯಾಲ್ಸಿಯಂ ಮತ್ತು ಬೋರಾನ್ ಸಿಂಪಡಿಸಿ. ಮಣ್ಣಿನ ತೇವಾಂಶ ಒಂದೇ ಸಮನಾಗಿರುವಂತೆ ನೋಡಿಕೊಳ್ಳಿ.
ದ್ರಾಕ್ಷಿ,ಡೆಡ್ ಆರ್ಮ್ (Dead Arm),ಫೋಮಾಪ್ಸಿಸ್ ವಿಟಿಕೋಲಾ,ರೆಂಬೆಗಳು ಸುಲಭವಾಗಿ ಮುರಿಯುತ್ತವೆ. ಒಣಗಿದ ಭಾಗಗಳನ್ನು ಸವರುವ ಸಮಯದಲ್ಲಿ ತೆಗೆದು ಸುಡಿ. ಚಿಗುರು ಬರುವಾಗ ಮ್ಯಾಂಕೋಜೆಬ್ ಸಿಂಪಡಿಸಿ.
ಮೆಕ್ಕೆಜೋಳ,ಸೈನ್ಯದ ಹುಳು (Fall Armyworm),ಸ್ಪೋಡೋಪ್ಟೆರಾ ಫ್ರುಗಿಪೆರ್ಡಾ,ಸುಳಿಯೊಳಗೆ ಹುಳು ಇರುತ್ತದೆ. ಎಮಾಮೆಕ್ಟಿನ್ ಬೆಂಜೋಯೇಟ್ ಅಥವಾ ಸ್ಪಿನೆಟೋರಮ್ ಸಿಂಪಡಿಸಿ. ಸುಳಿಯೊಳಗೆ ಮರಳು ಅಥವಾ ಬೂದಿ ಹಾಕುವುದರಿಂದ ಹುಳು ಉಸಿರುಗಟ್ಟಿ ಸಾಯುತ್ತದೆ.
ಮೆಕ್ಕೆಜೋಳ,ಕಾಂಡ ಕೊರಕ (Stem Borer),ಕೈಲೋ ಪಾರ್ಟೆಲಸ್,ಎಲೆ ಮೇಲೆ ರಂಧ್ರದ ಸಾಲುಗಳಿರುತ್ತವೆ. ಸುಳಿಯೊಳಗೆ ಕಾರ್ಬೋಫ್ಯೂರಾನ್ ಹರಳುಗಳನ್ನು ಹಾಕಿ. ಕೊಯ್ಲಿನ ನಂತರ ಹಳೆಯ ಕಾಂಡಗಳನ್ನು ಹೊಲದಿಂದ ತೆಗೆದು ನಾಶಪಡಿಸಿ.
ಮೆಕ್ಕೆಜೋಳ,ಎಲೆ ಕಮರು ರೋಗ (Blight),ಎಕ್ಸೆರೋಹಿಲಮ್ ಟರ್ಸಿಕಮ್,ಎಲೆ ಮೇಲೆ ದೋಣಿ ಆಕಾರದ ಕಂದು ಮಚ್ಚೆಗಳಿರುತ್ತವೆ. ಮ್ಯಾಂಕೋಜೆಬ್ (2.5 ಗ್ರಾಂ/ಲೀ) ಅಥವಾ ಪ್ರೊಪಿಕೋನಾಜೋಲ್ ಸಿಂಪಡಿಸಿ. ರೋಗ ನಿರೋಧಕ ತಳಿ ಬೆಳೆಯಿರಿ.
ಮೆಕ್ಕೆಜೋಳ,ತುಕ್ಕು ರೋಗ (Rust),ಪಕ್ಸಿನಿಯಾ ಸೋರ್ಗಿ,ಎಲೆ ಮೇಲೆ ಕಬ್ಬಿಣದ ತುಕ್ಕಿನಂತಹ ಕಂದು ಪುಡಿ ಕಾಣುತ್ತದೆ. ಮ್ಯಾಂಕೋಜೆಬ್ ಅಥವಾ ನೀರಿನಲ್ಲಿ ಕರಗುವ ಗಂಧಕ ಸಿಂಪಡಿಸಿ. ಇದು ಹರಡುವುದನ್ನು ತಡೆಯುತ್ತದೆ.
ಮೆಕ್ಕೆಜೋಳ,ಡೌನಿ ಮಿಲ್ಡ್ಯೂ (Downy Mildew),ಪೆರೋನೋಸ್ಕ್ಲೆರೋಸ್ಪೋರಾ ಸೋರ್ಗಿ,ಎಲೆ ಮೇಲೆ ಬಿಳಿ ಗೆರೆಗಳಿರುತ್ತವೆ. ಮೆಟಾಲಾಕ್ಸಿಲ್‌ನಿಂದ ಬೀಜೋಪಚಾರ ಮಾಡಿ. ರೋಗ ಪೀಡಿತ ಗಿಡಗಳನ್ನು ತಕ್ಷಣ ಕಿತ್ತು ಹೂತುಹಾಕಿ. ಬೆಳೆ ಪರಿವರ್ತನೆ ಮಾಡಿ.
ಮೆಕ್ಕೆಜೋಳ,ಇದ್ದಿಲು ಕೊಳೆ ರೋಗ (Charcoal Rot),ಮ್ಯಾಕ್ರೋಫೋಮಿನಾ ಫ್ಯಾಸಿಯೋಲಿನಾ,ಕಾಂಡ ಒಳಗಿನಿಂದ ಕಪ್ಪಾಗಿ ಒಣಗುತ್ತದೆ. ಬಿಸಿಲಿನಲ್ಲಿ ಮಣ್ಣು ಒಣಗಿ ಬಿರುಕು ಬಿಡದಂತೆ ನೀರು ಹಾಯಿಸಿ. ಮಣ್ಣಿಗೆ ಟ್ರೈಕೋಡರ್ಮ ಬೆರೆಸಿ.
ಮೆಕ್ಕೆಜೋಳ,ಚಿಗುರು ನೊಣ (Shoot Fly),ಅಥೆರಿಗೋನಾ ಸೊಕ್ಕಾಟಾ,ಎಳೆ ಸಸಿಗಳ ಸುಳಿ ಒಣಗುತ್ತದೆ. ಇಮಿಡಾಕ್ಲೋಪ್ರಿಡ್‌ನಿಂದ ಬೀಜೋಪಚಾರ ಮಾಡಿ. ಹೆಚ್ಚುವರಿ ಬೀಜ ಬಿತ್ತಿ ನಂತರ ಪೀಡಿತ ಸಸಿಗಳನ್ನು ಕಿತ್ತುಹಾಕಿ. ತಡವಾಗಿ ಬಿತ್ತನೆ ಬೇಡ.
ಮೆಕ್ಕೆಜೋಳ,ಗೆದ್ದಲು (Termites),ಒಡಾಂಟೋಟರ್ಮಿಸ್ ಪ್ರಭೇದ,ಬೇರುಗಳನ್ನು ತಿನ್ನುತ್ತವೆ. ಮಣ್ಣಿಗೆ ಕ್ಲೋರ್ ಪೈರಿಫಾಸ್ ಅಥವಾ ಫಿಪ್ರೊನಿಲ್ ಪುಡಿ ಸೇರಿಸಿ. ಹಸಿ ಸಗಣಿ ಗೊಬ್ಬರವನ್ನು ನೇರವಾಗಿ ಬಳಸಬೇಡಿ.
ಮೆಕ್ಕೆಜೋಳ,ಬ್ಯಾಂಡೆಡ್ ಲೀಫ್ ಬ್ಲೈಟ್,ರೈಜೋಕ್ಟೋನಿಯಾ ಸೊಲಾನಿ,ಎಲೆಗಳ ಮೇಲೆ ದೊಡ್ಡ ಮಸಿ ಬಣ್ಣದ ಮಚ್ಚೆಗಳಿರುತ್ತವೆ. ನೆಲಕ್ಕೆ ತಗಲುವ ಕೆಳಗಿನ ಎಲೆಗಳನ್ನು ತೆಗೆದುಹಾಕಿ. ಪ್ರೊಪಿಕೋನಾಜೋಲ್ ಅಥವಾ ಹೆಕ್ಸಾಕೋನಾಜೋಲ್ ಸಿಂಪಡಿಸಿ.
ಮೆಕ್ಕೆಜೋಳ,ಎಲೆ ಕಮರು ರೋಗ (Maydis Leaf Blight),ಬೈಪೋಲಾರಿಸ್ ಮೇಡಿಸ್,ಎಲೆಗಳ ಮೇಲೆ ಸಣ್ಣ ವಜ್ರದ ಆಕಾರದ ಅಥವಾ ಆಯತಾಕಾರದ ಹಳದಿ-ಕಂದು ಚುಕ್ಕೆಗಳು ಕಾಣುತ್ತವೆ. ಇವು ಹೆಚ್ಚಾಗಿ ಇಡೀ ಎಲೆಯನ್ನು ಒಣಗಿಸಬಹುದು. ಹತೋಟಿಗೆ ಮ್ಯಾಂಕೋಜೆಬ್ (2.5g/ಲೀಟರ್) ಅಥವಾ ಡೈಥೇನ್ M-45 ಸಿಂಪಡಿಸಿ. ಹೊಲದಲ್ಲಿನ ಹಳೆಯ ಕಸದಲ್ಲಿ ಈ ರೋಗಾಣು ಇರುವುದರಿಂದ ಬೆಳೆ ಪರ್ಯಾಯ ಕ್ರಮ ಅನುಸರಿಸಿ.
ಕಿತ್ತಳೆ,ಕಿತ್ತಳೆ ಕ್ಯಾಂಕರ್ (Citrus Canker),ಜಾಂಥೋಮೋನಾಸ್ ಆಕ್ಸೋನೋಪೋಡಿಸ್ ಸಿಟ್ರಿ,"ಎಲೆ ಮತ್ತು ಹಣ್ಣುಗಳ ಮೇಲೆ ಒರಟಾದ, ಕಂದು ಬಣ್ಣದ ಬಿರುಕು ಬಿಟ್ಟ ಚುಕ್ಕೆಗಳು ಕಾಣುತ್ತವೆ. ಸೋಂಕಿತ ಕೊಂಬೆಗಳನ್ನು ಕತ್ತರಿಸಿ ಸುಟ್ಟು ಹಾಕಿ. ತಾಮ್ರದ ಆಕ್ಸಿಕ್ಲೋರೈಡ್ (3g/ಲೀಟರ್) ಮತ್ತು ಸ್ಟ್ರೆಪ್ಟೋಸೈಕ್ಲಿನ್ (1g ಅನ್ನು 10 ಲೀಟರ್‌ಗೆ) ಬೆರೆಸಿ ಸಿಂಪಡಿಸಿ. ಗಾಳಿ ತಡೆಯಲು ತೋಟದ ಸುತ್ತ ಎತ್ತರದ ಮರಗಳನ್ನು ನೆಡಿ."
ಕಿತ್ತಳೆ,ಅಂಟು ರೋಗ / ಬುಡ ಕೊಳೆತ (Gummosis),ಫೈಟೊಪ್ಥೋರಾ ಪ್ರಭೇದ,ಕಾಂಡದ ಬುಡದಿಂದ ಗಾಢ ಬಣ್ಣದ ಅಂಟು ಒಸರುತ್ತದೆ ಮತ್ತು ತೊಗಟೆ ಕೊಳೆಯುತ್ತದೆ. ತೊಗಟೆಯನ್ನು ಕೆರೆದು ತೆಗೆದು 'ಬೋರ್ಡೋ ಪೇಸ್ಟ್' ಹಚ್ಚಿ. ಬೇರಿನ ಸುತ್ತ ತಾಮ್ರದ ಆಕ್ಸಿಕ್ಲೋರೈಡ್ ದ್ರಾವಣ ಸುರಿಯಿರಿ. ನೀರು ನೇರವಾಗಿ ಕಾಂಡಕ್ಕೆ ತಾಗದಂತೆ ಹರಿವಾಣ ಪದ್ಧತಿ ಬಳಸಿ.
ಕಿತ್ತಳೆ,ಗ್ರೀನಿಂಗ್ ರೋಗ (Citrus Greening),ಕ್ಯಾಂಡಿಡೇಟಸ್ ಲಿಬರಿಬ್ಯಾಕ್ಟರ್,"ಎಲೆಗಳ ಮೇಲೆ ಹಳದಿ ಮತ್ತು ಹಸಿರು ಕಲೆಗಳು ಕಾಣುತ್ತವೆ, ಹಣ್ಣುಗಳು ಚಿಕ್ಕದಾಗಿ ಮತ್ತು ಕಹಿಯಾಗಿ ಉಳಿಯುತ್ತವೆ. ಇದಕ್ಕೆ ಚಿಕಿತ್ಸೆ ಇಲ್ಲ, ಸೋಂಕಿತ ಮರಗಳನ್ನು ಕತ್ತರಿಸಿ ತೆಗೆಯಿರಿ. ಇದನ್ನು ಹರಡುವ 'ಸಿಲ್ಲಾ' ಕೀಟವನ್ನು ನಿಯಂತ್ರಿಸಲು ಇಮಿಡಾಕ್ಲೋಪ್ರಿಡ್ ಸಿಂಪಡಿಸಿ."
ಕಿತ್ತಳೆ,ತುದಿ ಒಣಗುವ ರೋಗ (Die-Back),ಕೊಲೆಟೊಟ್ರೈಕಮ್ ಗ್ಲಿಯೋಸ್ಪೊರಿಯಾಯ್ಡ್ಸ್,ರೆಂಬೆಗಳು ತುದಿಯಿಂದ ಕೆಳಕ್ಕೆ ಒಣಗುತ್ತವೆ. ಒಣಗಿದ ಭಾಗಕ್ಕಿಂತ 2 ಇಂಚು ಕೆಳಗೆ ಹಸಿರು ಭಾಗಕ್ಕೆ ಕತ್ತರಿಸಿ ತಾಮ್ರದ ಆಕ್ಸಿಕ್ಲೋರೈಡ್ ಪೇಸ್ಟ್ ಹಚ್ಚಿ. ಮರಕ್ಕೆ ಜಿಂಕ್ ಮತ್ತು ಬೋರಾನ್ ಲಘು ಪೋಷಕಾಂಶಗಳನ್ನು ನೀಡಿ ಶಕ್ತಿ ತುಂಬಿ.
ಕಿತ್ತಳೆ,ಎಲೆ ಸುರಳಿ ಕೀಟ (Leaf Miner),ಫೈಲೋಕ್ನಿಸ್ಟಿಸ್ ಸಿಟ್ರೆಲ್ಲಾ,ಎಳೆ ಎಲೆಗಳ ಮೇಲೆ ಬೆಳ್ಳನೆಯ ಹಾವಿನಂತಹ ಅಂಕುಡೊಂಕಾದ ಗೆರೆಗಳು ಕಾಣುತ್ತವೆ. ಹೊಸ ಚಿಗುರು ಬಂದಾಗ ಬೇವಿನ ಎಣ್ಣೆ (10ml/ಲೀಟರ್) ಅಥವಾ ಇಮಿಡಾಕ್ಲೋಪ್ರಿಡ್ ಸಿಂಪಡಿಸಿ. ಇದು ಎಲೆ ಮುದುಡುವುದನ್ನು ತಡೆಯುತ್ತದೆ.
ಕಿತ್ತಳೆ,ಹಣ್ಣು ಹೀರುವ ಪತಂಗ (Fruit Sucking Moth),ಯುಡೋಸಿಮಾ ಪ್ರಭೇದ,"ಈ ಪತಂಗಗಳು ರಾತ್ರಿ ಹಣ್ಣಿನ ರಸ ಹೀರತ್ತವೆ, ಇದರಿಂದ ಹಣ್ಣು ಕೊಳೆತು ಬೀಳುತ್ತದೆ. ಬಿದ್ದ ಹಣ್ಣುಗಳನ್ನು ತೋಟದಿಂದ ತೆಗೆಯಿರಿ. ವಿಷಪೂರಿತ ಬೆಲ್ಲದ ದ್ರಾವಣದ ಆಮಿಷಗಳನ್ನು (Poison baits) ಬಳಸಿ ಪತಂಗಗಳನ್ನು ನಾಶಪಡಿಸಿ."
ಕಿತ್ತಳೆ,ಸಿಲ್ಲಾ ಕೀಟ (Citrus Psylla),ಡಯಾಫೋರಿನಾ ಸಿಟ್ರಿ,ಇವು ಹೊಸ ಚಿಗುರಿನ ಮೇಲೆ ಕೂತು ಗ್ರೀನಿಂಗ್ ರೋಗ ಹರಡುತ್ತವೆ. ಇವು ಕಂಡ ತಕ್ಷಣ ಮೊನೊಕ್ರೋಟೋಫಾಸ್ ಅಥವಾ ಥಿಯಾಮೆಥೋಕ್ಸಾಮ್ ಸಿಂಪಡಿಸಿ. ಹೊಸ ಚಿಗುರು ರಕ್ಷಿಸುವುದು ಬಹಳ ಮುಖ್ಯ.
ಕಿತ್ತಳೆ,ಗಿಡಹೇನುಗಳು (Aphids),ಟಾಕ್ಸೋಪ್ಟೆರಾ ಪ್ರಭೇದ,ಎಲೆಯ ಕೆಳಭಾಗದಲ್ಲಿ ಕಪ್ಪು ಅಥವಾ ಹಸಿರು ಕೀಟಗಳು ರಸ ಹೀರಿ ಜಿಗುಟು ಪದಾರ್ಥ ಸುರಿಸುತ್ತವೆ. ಇವು ವೈರಸ್ ಹರಡುತ್ತವೆ. ಇವುಗಳ ಹತೋಟಿಗೆ ಬೇವಿನ ಎಣ್ಣೆ ಅಥವಾ ಸಾಬೂನು ನೀರು ಸಿಂಪಡಿಸಿ.
ಕಿತ್ತಳೆ,ಬೂದಿ ರೋಗ (Powdery Mildew),ಅಕ್ರೋಸ್ಪೋರಿಯಮ್ ಟಿಂಗಿಟಾನಿನಮ್,ಎಲೆ ಮತ್ತು ಸಣ್ಣ ಕಾಯಿಗಳ ಮೇಲೆ ಬಿಳಿ ಪುಡಿ ಕಾಣಿಸುತ್ತದೆ. ನೀರಿನಲ್ಲಿ ಕರಗುವ ಗಂಧಕ (3g/ಲೀಟರ್) ಅಥವಾ ಕಾರಾಥೇನ್ ಸಿಂಪಡಿಸಿ. ಗಾಳಿಯಾಡುವಂತೆ ಗಿಡದ ರೆಂಬೆಗಳನ್ನು ಸವಿಯಿರಿ.
ಕಿತ್ತಳೆ,ಕಿತ್ತಳೆ ಚಿಟ್ಟೆ (Lemon Butterfly),ಪ್ಯಾಪಿಲಿಯೋ ಡೆಮೋಲಿಯಸ್,ಸಣ್ಣ ತೋಟಗಳಲ್ಲಿ ಕಂಬಳಿಹುಳುಗಳನ್ನು ಕೈಯಿಂದ ಆರಿಸಿ ಕೊಲ್ಲಿ. ಹೆಚ್ಚು ಹರಡಿದ್ದರೆ ಬೇವಿನ ಎಣ್ಣೆ ಅಥವಾ ಕ್ವಿನಾಲ್ ಫಾಸ್ ಸಿಂಪಡಿಸಿ. ಮಳೆಗಾಲದಲ್ಲಿ ಈ ಹುಳುಗಳು ಎಲೆಗಳನ್ನು ಬೇಗ ತಿಂದು ಹಾಕುತ್ತವೆ.
ಭತ್ತ,ಬೆಂಕಿ ರೋಗ (Rice Blast),ಮ್ಯಾಗ್ನಾಪೋರ್ಥೆ ಒರೈಝೆ,ಎಲೆ ಮೇಲೆ ಕಣ್ಣಿನ ಆಕಾರದ ಸುಟ್ಟ ಮಚ್ಚೆಗಳು ಅಥವಾ ಕುತ್ತಿಗೆ ಮುರಿತ ಕಾಣುತ್ತದೆ. ಹತೋಟಿಗೆ ಟ್ರೈಸೈಕ್ಲಾಜೋಲ್ (0.6g/ಲೀಟರ್) ಸಿಂಪಡಿಸಿ. ಅತಿಯಾದ ಯೂರಿಯಾ ಬಳಕೆ ಬೇಡ. ಬಿತ್ತನೆ ಮುನ್ನ ಸ್ಯೂಡೋಮೊನಾಸ್‌ನಿಂದ ಬೀಜೋಪಚಾರ ಮಾಡಿ.
ಭತ್ತ,ಕಂದು ಮಚ್ಚೆ ರೋಗ (Brown Spot),ಬೈಪೋಲಾರಿಸ್ ಒರೈಝೆ,ಎಲೆ ಮೇಲೆ ಓವಲ್ ಆಕಾರದ ಸಣ್ಣ ಕಂದು ಚುಕ್ಕೆಗಳು ಕಾಣುತ್ತವೆ. ಮಣ್ಣಿನ ಫಲವತ್ತತೆ ಕಡಿಮೆ ಇದ್ದಾಗ ಇದು ಬರುತ್ತದೆ. ಮ್ಯಾಂಕೋಜೆಬ್ ಸಿಂಪಡಿಸಿ. ಮಣ್ಣಿಗೆ ಸತು (Zinc) ಮತ್ತು ಪೊಟ್ಯಾಷ್ ಗೊಬ್ಬರ ನೀಡಿ. ಬಿತ್ತನೆ ಮುನ್ನ ಬೀಜವನ್ನು ಬಿಸಿ ನೀರಿನಲ್ಲಿ ನೆನೆಸಿ.
ಭತ್ತ,ಬ್ಯಾಕ್ಟೀರಿಯಾ ಕಮರು ರೋಗ (Bacterial Blight),ಜಾಂಥೋಮೋನಾಸ್ ಒರೈಝೆ,ಎಲೆ ತುದಿಯಿಂದ ಉದ್ದವಾದ ಹಳದಿ-ಬಿಳಿ ಗೆರೆಗಳು ಕಾಣುತ್ತವೆ. ಸ್ಟ್ರೆಪ್ಟೋಸೈಕ್ಲಿನ್ (1g 10 ಲೀಟರ್‌ಗೆ) ಮತ್ತು ತಾಮ್ರದ ಆಕ್ಸಿಕ್ಲೋರೈಡ್ ಮಿಶ್ರಣ ಸಿಂಪಡಿಸಿ. ನೈಟ್ರೋಜನ್ ಕಡಿಮೆ ಮಾಡಿ ಹೊಲದಿಂದ ನೀರು ಬಸಿದು ಹೊರಹಾಕಿ.
ಭತ್ತ,ಎಲೆಕೋಶ ಕಮರು ರೋಗ (Sheath Blight),ರೈಜೋಕ್ಟೋನಿಯಾ ಸೊಲಾನಿ,ನೀರಿನ ಮಟ್ಟದ ಬಳಿ ಎಲೆಕೋಶದ ಮೇಲೆ ಹಾವಿನ ಚರ್ಮದಂತಹ ಮಚ್ಚೆಗಳು ಕಾಣುತ್ತವೆ. ಹೆಕ್ಸಾಕೋನಾಜೋಲ್ ಅಥವಾ ವ್ಯಾಲಿಡಾಮೈಸಿನ್ ಸಿಂಪಡಿಸಿ. ಗಿಡಗಳನ್ನು ಅತಿ ಒತ್ತಾಗಿ ನಾಟಿ ಮಾಡಬೇಡಿ.
ಭತ್ತ,ಕಾಡಿಗೆ ರೋಗ (False Smut),ಅಸ್ಟಿಲಾಜಿನಾಯ್ಡಿಯಾ ವೈರೆನ್ಸ್,ತೆನೆಗಳು ಹಳದಿ ಅಥವಾ ಕಪ್ಪು ಬಣ್ಣದ ವೆಲ್ವೆಟ್ ಉಂಡೆಗಳಾಗುತ್ತವೆ. ಹೂವಾಡುವ ಹಂತದಲ್ಲಿ ತಾಮ್ರದ ಆಕ್ಸಿಕ್ಲೋರೈಡ್ (2.5g/ಲೀಟರ್) ಸಿಂಪಡಿಸಿ. ಉಂಡೆಗಳನ್ನು ಕಿತ್ತು ಸುಟ್ಟು ಹಾಕಿ.
ಭತ್ತ,ಎಲೆಕೋಶ ಕೊಳೆ ರೋಗ (Sheath Rot),ಸರೋಕ್ಲಾಡಿಯಮ್ ಒರೈಝೆ,ಎಳೆ ತೆನೆ ಹೊರಬರದಂತೆ ಎಲೆಕೋಶ ಕೊಳೆಯುತ್ತದೆ. ಹೂವಾಡುವ ಹಂತದಲ್ಲಿ ಕಾರ್ಬೆಂಡಾಜಿಮ್ ಅಥವಾ ಮ್ಯಾಂಕೋಜೆಬ್ ಸಿಂಪಡಿಸಿ. ಕಾಂಡ ಕೊರಕ ಹುಳುಗಳನ್ನು ಹತೋಟಿಯಲ್ಲಿಡಿ.
ಭತ್ತ,ತುಂಗ್ರೊ ವೈರಸ್ (Rice Tungro),ರೈಸ್ ತುಂಗ್ರೊ ವೈರಸ್,ಗಿಡಗಳು ಕಿತ್ತಳೆ-ಹಳದಿ ಬಣ್ಣಕ್ಕೆ ತಿರುಗಿ ಕುಂಠಿತವಾಗುತ್ತವೆ. ಹಸಿರು ಜಿಗಿ ಕೀಟಗಳನ್ನು ನಿಯಂತ್ರಿಸಲು ಇಮಿಡಾಕ್ಲೋಪ್ರಿಡ್ ಸಿಂಪಡಿಸಿ. ಪೀಡಿತ ಗಿಡಗಳನ್ನು ಕಿತ್ತು ಹೂತುಹಾಕಿ.
ಭತ್ತ,ಬಕಾನೆ ರೋಗ (Bakanae / Foot Rot),ಜಿಬ್ಬರೆಲ್ಲಾ ಫುಜಿಕುರಾಯ್,ಕೆಲವು ಗಿಡಗಳು ಇತರ ಗಿಡಗಳಿಗಿಂತ ಎತ್ತರ ಮತ್ತು ತೆಳ್ಳಗೆ ಬೆಳೆದು ಸಾಯುತ್ತವೆ. ಬಿತ್ತನೆ ಮುನ್ನ ಕಾರ್ಬೆಂಡಾಜಿಮ್‌ನಿಂದ ಬೀಜೋಪಚಾರ ಮಾಡಿ. ಇಂತಹ ಸಸಿಗಳನ್ನು ಕಿತ್ತು ನಾಶಪಡಿಸಿ.
ಭತ್ತ,ಕಾಂಡ ಕೊಳೆ ರೋಗ (Stem Rot),ಸ್ಕ್ಲೆರೋಶಿಯಂ ಒರೈಝೆ,ನೀರಿನ ಮಟ್ಟದಲ್ಲಿ ಕಾಂಡ ಕಪ್ಪಾಗಿ ಕೊಳೆತು ಗಿಡ ಕೆಳಕ್ಕೆ ಬೀಳುತ್ತದೆ. ನೀರನ್ನು ಬಸಿದು ಮಣ್ಣು ಬಿರುಕು ಬಿಡುವಂತೆ ಮಾಡಿ. ಪೊಟ್ಯಾಷ್ ಗೊಬ್ಬರ ಹೆಚ್ಚಾಗಿ ಬಳಸಿ.
ಭತ್ತ,ಕಾಳು ಬಣ್ಣಗೆಡುವುದು (Grain Discoloration),ಶಿಲೀಂಧ್ರ ಸಮೂಹ (ಹೆಲ್ಮಿಂಥೋಸ್ಪೋರಿಯಮ್ / ಫೈಲೋಸ್ಟಿಕ್ಟಾ),ಕಾಳುಗಳು ಕಪ್ಪು ಅಥವಾ ಕಂದು ಬಣ್ಣಕ್ಕೆ ತಿರುಗಿ ಬೆಲೆ ಕಡಿಮೆಯಾಗುತ್ತದೆ. ಹಾಲು ತುಂಬುವ ಹಂತದಲ್ಲಿ ಮ್ಯಾಂಕೋಜೆಬ್ ಮತ್ತು ಕಾರ್ಬೆಂಡಾಜಿಮ್ ಸಿಂಪಡಿಸಿ.
ಭತ್ತ,ಖೈರಾ ರೋಗ (ಸತುವಿನ ಕೊರತೆ),ಸತುವಿನ ಕೊರತೆ,ಎಲೆಗಳ ಮೇಲೆ ತುಕ್ಕು ಬಣ್ಣದ ಕಂದು ಚುಕ್ಕೆಗಳು ಕಾಣುತ್ತವೆ. 1 ಲೀ ನೀರಿಗೆ 5g ಜಿಂಕ್ ಸಲ್ಫೇಟ್ ಮತ್ತು 2.5g ಸುಣ್ಣ ಬೆರೆಸಿ ಸಿಂಪಡಿಸಿ. ಮಣ್ಣಿಗೆ ಎಕರೆಗೆ 10-15 ಕೆಜಿ ಜಿಂಕ್ ಸಲ್ಫೇಟ್ ಹಾಕಿ.
ಭತ್ತ,ಬ್ಯಾಕ್ಟೀರಿಯಾ ಗೆರೆ ರೋಗ (Leaf Streak),ಜಾಂಥೋಮೋನಾಸ್ ಒರೈಝಿಕೋಲಾ,ಎಲೆಗಳ ಮೇಲೆ ತೆಳುವಾದ ಪಾರದರ್ಶಕ ಗೆರೆಗಳು ಕಾಣುತ್ತವೆ. ಸ್ಟ್ರೆಪ್ಟೋಸೈಕ್ಲಿನ್ ಮತ್ತು ತಾಮ್ರದ ಆಕ್ಸಿಕ್ಲೋರೈಡ್ ಸಿಂಪಡಿಸಿ. ಅತಿಯಾದ ಯೂರಿಯಾ ಬೇಡ.
ಭತ್ತ,ಕಿರಿದಾದ ಕಂದು ಎಲೆ ಮಚ್ಚೆ,ಸರ್ಕೋಸ್ಪೊರಾ ಜಾನ್ಸಿಯಾನಾ,ಎಲೆಗಳ ಮೇಲೆ ಸಣ್ಣ ಕಂದು ಗೆರೆಗಳು ಕಾಣುತ್ತವೆ. ಇದು ಪೊಟ್ಯಾಷ್ ಕೊರತೆಯ ಸಂಕೇತ. ಪ್ರೊಪಿಕೋನಾಜೋಲ್ ಸಿಂಪಡಿಸಿ ಮತ್ತು ಮಣ್ಣಿಗೆ ಪೊಟ್ಯಾಷ್ ಗೊಬ್ಬರ ನೀಡಿ.
ಭತ್ತ,ಉಫ್ರಾ ರೋಗ (Ufra - ನುಸಿ),ಡಿಟಿಲೆಂಚಸ್ ಅಂಗಸ್ಟಸ್,ಮಣ್ಣಿನಲ್ಲಿರುವ ಸಣ್ಣ ಹುಳುಗಳಿಂದ ಬರುತ್ತದೆ. ಎಕರೆಗೆ 10 ಕೆಜಿ ಕಾರ್ಬೋಫ್ಯೂರಾನ್ ಹರಳುಗಳನ್ನು ಬಳಸಿ. ಕೊಯ್ಲಿನ ನಂತರ ಹಳೆಯ ಬುಡಗಳನ್ನು ಸುಟ್ಟು ಹಾಕಿ.
ಭತ್ತ,ಉದ್ಬತ್ತ ರೋಗ (Udbatta),ಎಫೆಲಿಸ್ ಒರೈಝೆ,ಭತ್ತದ ತೆನೆಗೆ ಬದಲಾಗಿ ಬೆಳ್ಳನೆಯ ಊದಬತ್ತಿಯಂತಹ ದಂಡೆ ಹೊರಬರುತ್ತದೆ. ಬಿತ್ತನೆ ಮುನ್ನ ಬೀಜೋಪಚಾರ ಮಾಡಿ. ಇಂತಹ ತೆನೆ ಕಂಡ ತಕ್ಷಣ ಕಿತ್ತು ಹೂತುಹಾಕಿ.
ಭತ್ತ,ಎಲೆ ಸುಟ್ಟ ರೋಗ (Leaf Scald),ಮೈಕ್ರೋಡೋಕಿಯಮ್ ಒರೈಝೆ,ಎಲೆಯ ತುದಿಗಳು ಬಿಳಿಯಾಗಿ ಸುಟ್ಟಂತೆ ಕಾಣುತ್ತವೆ. ಕಾರ್ಬೆಂಡಾಜಿಮ್ ಸಿಂಪಡಿಸಿ. ಮಳೆಗಾಲದಲ್ಲಿ ಯೂರಿಯಾ ಜಾಸ್ತಿ ಬಳಸಬೇಡಿ.
ಭತ್ತ,ಕಾಳು ಕಾಡಿಗೆ ರೋಗ (Kernel Smut),ಟಿಲ್ಲೆಟಿಯಾ ಬಾರ್ಕ್ಲಯಾನಾ,ಕೆಲವು ಕಾಳುಗಳು ಕಪ್ಪು ಪುಡಿಯಾಗಿ ಬದಲಾಗುತ್ತವೆ. ಬಿತ್ತನೆ ಮುನ್ನ ಬೀಜೋಪಚಾರ ಮಾಡಿ. ಬೂಟಿಂಗ್ ಹಂತದಲ್ಲಿ ಪ್ರೊಪಿಕೋನಾಜೋಲ್ ಸಿಂಪಡಿಸಿ.
ಅಕ್ಕಿ,ಬೆಂಕಿ ರೋಗ (Rice Blast),ಮ್ಯಾಗ್ನಾಪೋರ್ಥೆ ಒರೈಝೆ,"ಎಲೆಗಳ ಮೇಲೆ ಕಣ್ಣಿನ ಆಕಾರದ ಅಥವಾ ದೋಣಿ ಆಕಾರದ ಬೂದು ಮಚ್ಚೆಗಳು ಕಾಣುತ್ತವೆ. ಚಿಕಿತ್ಸೆಗೆ 1 ಲೀಟರ್ ನೀರಿಗೆ 0.6 ಗ್ರಾಂ ಟ್ರೈಸೈಕ್ಲಾಜೋಲ್ ಅಥವಾ 1 ಗ್ರಾಂ ಕಾರ್ಬೆಂಡಾಜಿಮ್ ಬೆರೆಸಿ ಸಿಂಪಡಿಸಿ. ಯೂರಿಯಾ ಗೊಬ್ಬರವನ್ನು ಒಂದೇ ಬಾರಿಗೆ ಹಾಕಬೇಡಿ, ಕಂತುಗಳಲ್ಲಿ ನೀಡುವುದರಿಂದ ಗಿಡವು ರೋಗಕ್ಕೆ ತುತ್ತಾಗುವುದು ತಪ್ಪುತ್ತದೆ. ಬಿತ್ತನೆ ಮುನ್ನ ಬೀಜೋಪಚಾರ ಮರೆಯಬೇಡಿ."
ಅಕ್ಕಿ,ಬ್ಯಾಕ್ಟೀರಿಯಾ ಎಲೆ ಕಮರು ರೋಗ,ಜಾಂಥೋಮೋನಾಸ್ ಒರೈಝೆ,ಎಲೆಗಳ ತುದಿಯಿಂದ ಹಳದಿ ಅಥವಾ ಬಿಳಿ ಬಣ್ಣದ ಅಲೆಅಲೆಯಾದ ಗೆರೆಗಳು ಕಾಣಿಸಿಕೊಳ್ಳುತ್ತವೆ. ಹರಡುವಿಕೆಯನ್ನು ತಡೆಯಲು ಸ್ಟ್ರೆಪ್ಟೋಸೈಕ್ಲಿನ್ (1 ಗ್ರಾಂ ಅನ್ನು 10 ಲೀಟರ್ ನೀರಿಗೆ) ಮತ್ತು ತಾಮ್ರದ ಆಕ್ಸಿಕ್ಲೋರೈಡ್ (20 ಗ್ರಾಂ) ಬೆರೆಸಿ ಸಿಂಪಡಿಸಿ. ಸಾರಜನಕ (Nitrogen) ಗೊಬ್ಬರ ಕಡಿಮೆ ಮಾಡಿ ಮತ್ತು ಹೊಲದಿಂದ 3 ದಿನಗಳ ಕಾಲ ನೀರನ್ನು ಬಸಿದು ಹೊರಹಾಕಿ.
ಅಕ್ಕಿ,ಕಂದು ಮಚ್ಚೆ ರೋಗ (Brown Spot),ಬೈಪೋಲಾರಿಸ್ ಒರೈಝೆ,"ಎಲೆಗಳ ಮೇಲೆ ಎಳ್ಳಿನ ಗಾತ್ರದ ಸಣ್ಣ ಕಂದು ಬಣ್ಣದ ಚುಕ್ಕೆಗಳು ಕಾಣುತ್ತವೆ. ಇದು ಹೆಚ್ಚಾಗಿ ಸತ್ವವಿಲ್ಲದ ಅಥವಾ ಪೋಷಕಾಂಶದ ಕೊರತೆಯಿರುವ ಮಣ್ಣಿನಲ್ಲಿ ಬರುತ್ತದೆ. ಇದನ್ನು ""ಬಡ ರೈತನ ಮಣ್ಣಿನ ರೋಗ"" ಎಂದೂ ಕರೆಯುತ್ತಾರೆ. ಚಿಕಿತ್ಸೆಗೆ ಮ್ಯಾಂಕೋಜೆಬ್ ಸಿಂಪಡಿಸಿ. ಮಣ್ಣಿನ ಆರೋಗ್ಯ ಸುಧಾರಿಸಲು ಸತು (Zinc) ಮತ್ತು ಪೊಟ್ಯಾಷ್ ಗೊಬ್ಬರ ನೀಡಿ."
ಅಕ್ಕಿ,ಎಲೆಕೋಶ ಕಮರು ರೋಗ (Sheath Blight),ರೈಜೋಕ್ಟೋನಿಯಾ ಸೊಲಾನಿ,ನೀರಿನ ಮಟ್ಟದ ಹತ್ತಿರ ಗಿಡದ ಬುಡದ ಮೇಲೆ ಹಾವಿನ ಚರ್ಮದಂತಹ ದೊಡ್ಡ ಬೂದು ಮಚ್ಚೆಗಳು ಕಾಣುತ್ತವೆ. 1 ಲೀಟರ್ ನೀರಿಗೆ 2 ಮಿಲಿ ಹೆಕ್ಸಾಕೋನಾಜೋಲ್ ಅಥವಾ ವ್ಯಾಲಿಡಾಮೈಸಿನ್ ಬೆರೆಸಿ ಗಿಡದ ಬುಡಕ್ಕೆ ತಗಲುವಂತೆ ಸಿಂಪಡಿಸಿ. ಗಿಡಗಳನ್ನು ಅತಿ ಒತ್ತಾಗಿ ನಾಟಿ ಮಾಡಬೇಡಿ ಮತ್ತು ಬದುಗಳಲ್ಲಿರುವ ಕಳೆ ನಾಶಪಡಿಸಿ.
ಅಕ್ಕಿ,ಖೈರಾ ರೋಗ (ಸತುವಿನ ಕೊರತೆ),ಸತುವಿನ ಕೊರತೆ,ಎಳೆಯ ಎಲೆಗಳು ಬುಡದಲ್ಲಿ ಹಳದಿಯಾಗಿ ನಂತರ ತುಕ್ಕು ಬಣ್ಣದ ಕಂದು ಚುಕ್ಕೆಗಳಾಗುತ್ತವೆ. ಚಿಕಿತ್ಸೆಗೆ 1 ಲೀ ನೀರಿಗೆ 5 ಗ್ರಾಂ ಜಿಂಕ್ ಸಲ್ಫೇಟ್ ಮತ್ತು 2.5 ಗ್ರಾಂ ಸುಣ್ಣ ಬೆರೆಸಿ ಸಿಂಪಡಿಸಿ. 7-10 ದಿನಗಳಲ್ಲಿ ಎಲೆ ಹಸಿರಾಗುತ್ತದೆ. ಮುಂದಿನ ಬೆಳೆಗೆ ಮಣ್ಣಿಗೆ ಎಕರೆಗೆ 10 ಕೆಜಿ ಜಿಂಕ್ ಸಲ್ಫೇಟ್ ಹಾಕಿ.
ಅಕ್ಕಿ,ಬ್ಯಾಕ್ಟೀರಿಯಾ ಗೆರೆ ರೋಗ,ಜಾಂಥೋಮೋನಾಸ್ ಒರೈಝಿಕೋಲಾ,"ಎಲೆಗಳ ನರಗಳ ನಡುವೆ ತೆಳುವಾದ ಪಾರದರ್ಶಕ ಗೆರೆಗಳು ಕಾಣುತ್ತವೆ. ಇವು ನಂತರ ಕಂದು ಬಣ್ಣಕ್ಕೆ ತಿರುಗುತ್ತವೆ. ಸ್ಟ್ರೆಪ್ಟೋಸೈಕ್ಲಿನ್ ಮತ್ತು ತಾಮ್ರದ ಆಕ್ಸಿಕ್ಲೋರೈಡ್ ಸಿಂಪಡಿಸಿ. ಅತಿಯಾದ ಸಾರಜನಕ ಗೊಬ್ಬರ ಬೇಡ. ಎಲೆಗಳು ಒದ್ದೆಯಾಗಿರುವಾಗ ಹೊಲದಲ್ಲಿ ಓಡಾಡಬೇಡಿ, ಏಕೆಂದರೆ ರೋಗಾಣು ನಿಮ್ಮ ಬಟ್ಟೆ ಮೂಲಕ ಹರಡಬಹುದು."
ಅಕ್ಕಿ,ಕಿರಿದಾದ ಕಂದು ಎಲೆ ಮಚ್ಚೆ,ಸರ್ಕೋಸ್ಪೊರಾ ಜಾನ್ಸಿಯಾನಾ,ಎಲೆಗಳ ಮೇಲೆ ಪೆನ್ಸಿಲ್ ಗುರುತಿನಂತಹ ಸಣ್ಣ ಕಂದು ಗೆರೆಗಳು ಕಾಣುತ್ತವೆ. ಇದು ಗಿಡಕ್ಕೆ ಪೊಟ್ಯಾಷ್ ಗೊಬ್ಬರದ ಅವಶ್ಯಕತೆ ಇದೆ ಎಂಬ ಸಂಕೇತ. ಹತೋಟಿಗೆ ಪ್ರೊಪಿಕೋನಾಜೋಲ್ ಸಿಂಪಡಿಸಿ. ಆರಂಭದಲ್ಲೇ ಪೊಟ್ಯಾಷ್ ಗೊಬ್ಬರ ನೀಡಿದರೆ ಎಲೆಯ ಗೋಡೆಗಳು ಗಟ್ಟಿಯಾಗಿ ರೋಗ ತಡೆಯುವ ಶಕ್ತಿ ಬರುತ್ತದೆ.
ಅಕ್ಕಿ,ಎಲೆ ಸುಟ್ಟ ರೋಗ (Leaf Scald),ಮೈಕ್ರೋಡೋಕಿಯಮ್ ಒರೈಝೆ,ಎಲೆಗಳ ತುದಿಗಳು ಬಿಳಿಯಾಗಿ ಸುಟ್ಟಂತೆ ಕಾಣುತ್ತವೆ ಮತ್ತು ಕಂದು ಬಣ್ಣದ ಅಲೆಅಲೆಯಾದ ಪಟ್ಟಿಗಳಿರುತ್ತವೆ. ರೋಗ ಕಂಡ ತಕ್ಷಣ 1 ಲೀಟರ್ ನೀರಿಗೆ 1 ಗ್ರಾಂ ಕಾರ್ಬೆಂಡಾಜಿಮ್ ಬೆರೆಸಿ ಸಿಂಪಡಿಸಿ. ಮಳೆಗಾಲದಲ್ಲಿ ಅತಿಯಾದ ಯೂರಿಯಾ ಬಳಕೆ ಬೇಡ. ಗಿಡಗಳ ನಡುವೆ ಸರಿಯಾದ ಅಂತರವಿರಲಿ.
ಅಕ್ಕಿ,ತುಂಗ್ರೊ ವೈರಸ್ (Tungro Virus),ರೈಸ್ ತುಂಗ್ರೊ ವೈರಸ್,ಎಲೆಗಳು ತುದಿಯಿಂದ ಕೆಳಕ್ಕೆ ಗಾಢ ಕಿತ್ತಳೆ-ಹಳದಿ ಬಣ್ಣಕ್ಕೆ ತಿರುಗುತ್ತವೆ ಮತ್ತು ಗಿಡ ಬೆಳೆಯುವುದಿಲ್ಲ. ವೈರಸ್ ಹರಡುವ ಹಸಿರು ಜಿಗಿ ಕೀಟಗಳನ್ನು ಕೊಲ್ಲಲು ಇಮಿಡಾಕ್ಲೋಪ್ರಿಡ್ (0.5 ಮಿಲಿ/ಲೀಟರ್) ಸಿಂಪಡಿಸಿ. ರೋಗಗ್ರಸ್ತ ಗಿಡಗಳನ್ನು ತಕ್ಷಣ ಕಿತ್ತು ಕೆಸರಿನಲ್ಲಿ ಹೂತುಹಾಕಿ.
ಅಕ್ಕಿ,ಕೆಂಪು ಪಟ್ಟಿ ರೋಗ (Red Stripe),ಮೈಕ್ರೋಬ್ಯಾಕ್ಟೀರಿಯಂ / ಅಸಿಡೋವೊರಾಕ್ಸ್,ಎಲೆಯ ಉದ್ದಕ್ಕೂ ಗಾಢ ಕೆಂಪು ಅಥವಾ ಕಿತ್ತಳೆ-ಕಂದು ಗೆರೆಗಳು ಕಾಣುತ್ತವೆ. ಮಳೆ ಅಥವಾ ಗಾಳಿ ಹೆಚ್ಚಾದಾಗ ಇದು ಜಾಸ್ತಿ. ಹತೋಟಿಗೆ ತಾಮ್ರದ ಆಕ್ಸಿಕ್ಲೋರೈಡ್ (2.5 ಗ್ರಾಂ/ಲೀಟರ್) ಸಿಂಪಡಿಸಿ. ಹೊಲದಲ್ಲಿ ಅತಿ ಒತ್ತಾಗಿ ಗಿಡಗಳಿದ್ದರೆ ನೀರು ಬೇಗ ಒಣಗದೆ ರೋಗ ಹರಡುತ್ತದೆ.
ಅಕ್ಕಿ,ಎಲೆ ಕಾಡಿಗೆ ರೋಗ (Leaf Smut),ಎಂಟೈಲೋಮಾ ಒರೈಝೆ,ಎಲೆಗಳ ಎರಡೂ ಬದಿಗಳಲ್ಲಿ ಇದ್ದಿಲಿನ ಪುಡಿಯಂತಹ ಸಣ್ಣ ಕಪ್ಪು ಚುಕ್ಕೆಗಳು ಕಾಣುತ್ತವೆ. ಇದು ಇಳುವರಿ ಕಡಿಮೆ ಮಾಡುತ್ತದೆ. ಮ್ಯಾಂಕೋಜೆಬ್ ಅಥವಾ ತಾಮ್ರದ ಆಕ್ಸಿಕ್ಲೋರೈಡ್ ಪ್ರತಿ ಲೀಟರ್ ನೀರಿಗೆ ಬೆರೆಸಿ ಸಿಂಪಡಿಸಿ. ಗಿಡಕ್ಕೆ ನೇರ ಸೂರ್ಯನ ಬೆಳಕು ಚೆನ್ನಾಗಿ ಬೀಳುವಂತೆ ನೋಡಿ.
ದೊಣ್ಣೆ ಮೆಣಸಿನಕಾಯಿ,ಎಲೆ ಚುಕ್ಕೆ ರೋಗ (Cercospora),ಸರ್ಕೋಸ್ಪೊರಾ ಪ್ರಭೇದ,"ಬೂದು ಕೇಂದ್ರ ಮತ್ತು ಕೆಂಪು-ಕಂದು ಅಂಚು ಇರುವ ಸಣ್ಣ ವೃತ್ತಾಕಾರದ ಚುಕ್ಕೆಗಳು ಕಾಣುತ್ತವೆ. ಹತೋಟಿಗೆ ಮ್ಯಾಂಕೋಜೆಬ್ ಅಥವಾ ಕಾರ್ಬೆಂಡಾಜಿಮ್ ಸಿಂಪಡಿಸಿ. ಎಲೆಗಳ ಮೇಲೆ ನೀರು ಚಿಮುಕಿಸಬೇಡಿ, ಏಕೆಂದರೆ ನೀರು ಚಿಮ್ಮಿದಾಗ ರೋಗಾಣು ಹರಡುತ್ತದೆ."
ದೊಣ್ಣೆ ಮೆಣಸಿನಕಾಯಿ,ಬೂದಿ ರೋಗ (Powdery Mildew),ಎರಿಸೈಫಿ ಗ್ರಾಹಿನಿಸ್,"ಎಲೆಯ ಕೆಳಭಾಗದಲ್ಲಿ ಬಿಳಿ ಪುಡಿ ಕಾಣಿಸುತ್ತದೆ, ಎಲೆಯ ಮೇಲ್ಭಾಗದಲ್ಲಿ ಹಳದಿ ಮಚ್ಚೆಗಳಿರುತ್ತವೆ. ಒಣ ಹವೆ ಇದ್ದಾಗ ಇದು ವೇಗವಾಗಿ ಹರಡುತ್ತದೆ. ನೀರಿನಲ್ಲಿ ಕರಗುವ ಗಂಧಕ (3 ಗ್ರಾಂ/ಲೀಟರ್) ಸಿಂಪಡಿಸಿ. ಮನೆ ಮದ್ದಾಗಿ ಬೇಕಿಂಗ್ ಸೋಡಾ ಮತ್ತು ನೀರನ್ನು ಬಳಸಬಹುದು."
ದೊಣ್ಣೆ ಮೆಣಸಿನಕಾಯಿ,ಬ್ಯಾಕ್ಟೀರಿಯಾ ಎಲೆ ಚುಕ್ಕೆ,ಜಾಂಥೋಮೋನಾಸ್ ಪ್ರಭೇದ,"ಎಲೆಗಳ ಮೇಲೆ ಸಣ್ಣ ನೀರಿನಂತಹ ಗಾಢ ಮಚ್ಚೆಗಳು ಕಾಣುತ್ತವೆ, ನಂತರ ಅವು ಕಂದು ಬಣ್ಣದ ಗಂಟುಗಳಂತಾಗುತ್ತವೆ. ಸ್ಟ್ರೆಪ್ಟೋಸೈಕ್ಲಿನ್ ಮತ್ತು ತಾಮ್ರದ ಆಕ್ಸಿಕ್ಲೋರೈಡ್ ಮಿಶ್ರಣ ಮಾಡಿ ಸಿಂಪಡಿಸಿ. ರೋಗಮುಕ್ತ ಬೀಜ ಬಳಸಿ. ಪ್ರತಿ ವರ್ಷ ಒಂದೇ ಜಾಗದಲ್ಲಿ ಮೆಣಸಿನಕಾಯಿ ಬೆಳೆಯಬೇಡಿ."
ದೊಣ್ಣೆ ಮೆಣಸಿನಕಾಯಿ,ಎಲೆ ಮುದುರು ರೋಗ (Leaf Curl),ಲೀಫ್ ಕರ್ಲ್ ವೈರಸ್,ಎಲೆಗಳು ಮೇಲ್ಮುಖವಾಗಿ ಮುರುಟಿಕೊಳ್ಳುತ್ತವೆ ಮತ್ತು ಚರ್ಮದಂತೆ ಗಟ್ಟಿಯಾಗುತ್ತವೆ. ಇದು ಬಿಳಿ ನೊಣಗಳಿಂದ ಹರಡುತ್ತದೆ. ಬಿಳಿ ನೊಣ ಹತೋಟಿಗೆ ಹಳದಿ ಅಂಟು ಬಲೆಗಳನ್ನು ಬಳಸಿ ಮತ್ತು ಬೇವಿನ ಎಣ್ಣೆ ಅಥವಾ ಇಮಿಡಾಕ್ಲೋಪ್ರಿಡ್ ಸಿಂಪಡಿಸಿ.
ದೊಣ್ಣೆ ಮೆಣಸಿನಕಾಯಿ,ಫೈಟೊಪ್ಥೋರಾ ಕಮರು ರೋಗ,ಫೈಟೊಪ್ಥೋರಾ ಪ್ರಭೇದ,ಎಲೆಗಳ ಮೇಲೆ ದೊಡ್ಡ ಕಪ್ಪು ನೀರಿನಂತಹ ಮಚ್ಚೆಗಳು ಕಾಣುತ್ತವೆ ಮತ್ತು ಗಿಡ ಇದ್ದಕ್ಕಿದ್ದಂತೆ ಬಾಡುತ್ತದೆ. ಮಳೆ ಹೆಚ್ಚಾದಾಗ ಇದು ಜಾಸ್ತಿ. ಚಿಕಿತ್ಸೆಗೆ ಮೆಟಾಲಾಕ್ಸಿಲ್ + ಮ್ಯಾಂಕೋಜೆಬ್ ಸಿಂಪಡಿಸಿ. ಹೊಲದಲ್ಲಿ ನೀರು ನಿಲ್ಲದಂತೆ ನೋಡಿಕೊಳ್ಳಿ ಮತ್ತು ಎತ್ತರದ ಪಾತಿಗಳಲ್ಲಿ ಗಿಡ ನಾಟಿ ಮಾಡಿ.
ದೊಣ್ಣೆ ಮೆಣಸಿನಕಾಯಿ,ಮೊಸಾಯಿಕ್ ವೈರಸ್ (Mosaic Virus),ಮೊಸಾಯಿಕ್ ವೈರಸ್,ಎಲೆಗಳ ಮೇಲೆ ತಿಳಿ ಮತ್ತು ಕಡು ಹಸಿರು ಕಲೆಗಳು ಕಾಣುತ್ತವೆ. ಇದು ಜಿಗಿ ಕೀಟಗಳಿಂದ ಅಥವಾ ಮುಟ್ಟುವುದರಿಂದ ಹರಡುತ್ತದೆ. ಜಿಗಿಗಳನ್ನು ಹತೋಟಿ ಮಾಡಿ. ಕೆಲಸದ ಮುನ್ನ ಕೈಗಳನ್ನು ಸಾಬೂನಿನಿಂದ ತೊಳೆಯಿರಿ. ರೋಗಗ್ರಸ್ತ ಗಿಡಗಳನ್ನು ತಕ್ಷಣ ನಾಶಪಡಿಸಿ.
ದೊಣ್ಣೆ ಮೆಣಸಿನಕಾಯಿ,ಹಣ್ಣು ಕೊಳೆ / ಕೊಂಬೆ ಒಣಗುವಿಕೆ,ಕೊಲೆಟೊಟ್ರೈಕಮ್ ಕ್ಯಾಪ್ಸಿಸಿ,ಹಣ್ಣುಗಳ ಮೇಲೆ ಸಣ್ಣ ಕಪ್ಪು ಚುಕ್ಕೆಗಳು ಕಾಣುತ್ತವೆ ಮತ್ತು ಕೊಂಬೆಗಳ ತುದಿಗಳು ಮೇಲಿನಿಂದ ಒಣಗುತ್ತಾ ಬರುತ್ತವೆ. ತಾಮ್ರದ ಆಕ್ಸಿಕ್ಲೋರೈಡ್ (3 ಗ್ರಾಂ/ಲೀಟರ್) ಸಿಂಪಡಿಸಿ. ಅತಿಯಾದ ಸಾರಜನಕ ಬಳಕೆ ಬೇಡ ಮತ್ತು ಹೊಲವನ್ನು ಸ್ವಚ್ಛವಾಗಿಡಿ.
ದೊಣ್ಣೆ ಮೆಣಸಿನಕಾಯಿ,ಸೆಪ್ಟೋರಿಯಾ ಎಲೆ ಮಚ್ಚೆ,ಸೆಪ್ಟೋರಿಯಾ ಪ್ರಭೇದ,ಬಿಳಿ ಕೇಂದ್ರದ ಸಣ್ಣ ವೃತ್ತಾಕಾರದ ಚುಕ್ಕೆಗಳು ಕಾಣುತ್ತವೆ. ಇಡೀ ಗಿಡದ ಎಲೆ ಉದುರಬಹುದು. ಹತೋಟಿಗೆ ಕ್ಲೋರೋಥಲೋನಿಲ್ ಅಥವಾ ಮ್ಯಾಂಕೋಜೆಬ್ ಸಿಂಪಡಿಸಿ. ಕೆಳಗಿನ ಪೀಡಿತ ಎಲೆಗಳನ್ನು ಕಿತ್ತುಹಾಕಿ ಮತ್ತು ಗಾಳಿಯಾಡುವಂತೆ ಮಾಡಿ.
ದೊಣ್ಣೆ ಮೆಣಸಿನಕಾಯಿ,ಬೂದು ಬೂಷ್ಟು ರೋಗ (Grey Mold),ಬೊಟ್ರೈಟಿಸ್ ಸಿನೆರಿಯಾ,ತಂಪು ಮತ್ತು ತೇವಾಂಶವಿರುವಾಗ ಹೂವು ಅಥವಾ ಕಾಂಡದ ಮೇಲೆ ಬೂದು ಬಣ್ಣದ ಬೂಷ್ಟು ಬೆಳೆಯುತ್ತದೆ. ಗಿಡಗಳ ನಡುವೆ ಸರಿಯಾದ ಜಾಗ ಬಿಡಿ ಮತ್ತು ಕಾರ್ಬೆಂಡಾಜಿಮ್ ಸಿಂಪಡಿಸಿ. ಹನಿ ನೀರಾವರಿ ಬಳಸುವುದು ಉತ್ತಮ.
ದೊಣ್ಣೆ ಮೆಣಸಿನಕಾಯಿ,ಕಪ್ಪು ಮಚ್ಚೆ ವೈರಸ್ (TSWV),ಟೊಮೆಟೊ ಸ್ಪಾಟೆಡ್ ವಿಲ್ಟ್ ವೈರಸ್ (TSWV),ಎಳೆ ಎಲೆಗಳು ಕಂಚಿನ ಬಣ್ಣಕ್ಕೆ ತಿರುಗುತ್ತವೆ ಮತ್ತು ಕಪ್ಪು ಉಂಗುರಗಳು ಕಾಣುತ್ತವೆ. ಇದು ನುಸಿ ಕೀಟಗಳಿಂದ ಹರಡುತ್ತದೆ. ನುಸಿ ಹತೋಟಿಗೆ ನೀಲಿ ಅಂಟು ಬಲೆ ಬಳಸಿ ಮತ್ತು ಫಿಪ್ರೊನಿಲ್ ಸಿಂಪಡಿಸಿ. ಹೊಲದ ಸುತ್ತ ಕಳೆ ತೆಗೆಯಿರಿ.
ದೊಣ್ಣೆ ಮೆಣಸಿನಕಾಯಿ,ಬುಡ ಕೊಳೆ ರೋಗ (Southern Blight),ಸ್ಕ್ಲೆರೋಶಿಯಂ ರಾಲ್ಫಿಸೈ,ಗಿಡ ಬುಡದಲ್ಲಿ ಬಿಳಿ ಹತ್ತಿಯಂತಹ ಬೂಷ್ಟು ಬೆಳೆದು ಸಾಯುತ್ತದೆ. ಸಣ್ಣ ಸಾಸಿವೆ ಕಾಳುಗಳು ಅಂಟಿಕೊಂಡಂತೆ ಕಾಣುತ್ತದೆ. ಬೇಸಿಗೆಯಲ್ಲಿ ಆಳ ಉಳುಮೆ ಮಾಡಿ. ಮಣ್ಣಿಗೆ ಟ್ರೈಕೋಡರ್ಮ ದ್ರಾವಣ ಸುರಿಯಿರಿ. ಇದು ಬುಡವನ್ನು ರಕ್ಷಿಸುತ್ತದೆ.
ದೊಣ್ಣೆ ಮೆಣಸಿನಕಾಯಿ,ಸೊರಗು ರೋಗ (Fusarium Wilt),ಫ್ಯುಸೇರಿಯಂ ಆಕ್ಸಿಸ್ಪೋರಮ್,ಕೆಳಗಿನ ಎಲೆಗಳು ಹಳದಿಯಾಗಿ ಗಿಡ ಬಾಡುತ್ತದೆ (ಹೆಚ್ಚಾಗಿ ಒಂದು ಬದಿ ಮಾತ್ರ). ಮಣ್ಣು ಸದಾ ಒದ್ದೆಯಾಗಿರದಂತೆ ನೋಡಿ. ಮಣ್ಣಿಗೆ ಟ್ರೈಕೋಡರ್ಮ ಬೆರೆಸುವುದು ಅತ್ಯುತ್ತಮ ಮುನ್ನೆಚ್ಚರಿಕೆ. ಚಿಕಿತ್ಸೆಗೆ ಕಾರ್ಬೆಂಡಾಜಿಮ್ ದ್ರಾವಣವನ್ನು ಗಿಡದ ಬುಡಕ್ಕೆ ಸುರಿಯಿರಿ.
ಸ್ಟ್ರಾಬೆರಿ,ಬೂದು ಬೂಸಲು (Gray Mold),ಬೊಟ್ರೈಟಿಸ್ ಸಿನೆರಿಯಾ,ಹಣ್ಣಿನ ಮೇಲೆ ಬೂದು ಬೂಸಲು ಬರುತ್ತದೆ. ಗಿಡಗಳ ನಡುವೆ ಗಾಳಿಯಾಡಲು ಜಾಗ ಬಿಡಿ. ಕೊಳೆತ ಹಣ್ಣನ್ನು ಮಣ್ಣಿನಲ್ಲಿ ಹೂತಿರಿ. 'ಸ್ವಿಚ್' (Switch) ಔಷಧ ಸಿಂಪಡಿಸಿ.
ಸ್ಟ್ರಾಬೆರಿ,ಬೂದಿ ರೋಗ (Powdery Mildew),ಲೆವೆಲ್ಲುಲಾ ಟೌರಿಕಾ,ಎಲೆಗಳು ದೋಣಿಯಂತೆ ಮುದುಡುತ್ತವೆ. 2ಗ್ರಾಂ ಗಂಧಕ ಅಥವಾ 5ಗ್ರಾಂ ಅಡುಗೆ ಸೋಡಾವನ್ನು 1 ಲೀಟರ್ ನೀರಿಗೆ ಬೆರೆಸಿ ಎಲೆಗಳ ಕೆಳಗೆ ಸಿಂಪಡಿಸಿ.
ಸ್ಟ್ರಾಬೆರಿ,ಅಂತ್ರಾಕ್ನೋಸ್ (Anthracnose),ಕೊಲೆಟೊಟ್ರೈಕಮ್ ಪ್ರಭೇದ,ಹಣ್ಣಿನ ಮೇಲೆ ಕಪ್ಪು ತಗ್ಗು ಮಚ್ಚೆ ಕಾಣುತ್ತದೆ. ಹನಿ ನೀರಾವರಿ ಬಳಸಿ. ಮಣ್ಣಿನ ಮೇಲೆ ಪ್ಲಾಸ್ಟಿಕ್ ಹೊದಿಕೆ (Mulch) ಹಾಕಿ. ಮ್ಯಾಂಕೊಜೆಬ್ ಔಷಧ ಬಳಸಿ.
ಸ್ಟ್ರಾಬೆರಿ,ಸಾಮಾನ್ಯ ಎಲೆ ಚುಕ್ಕೆ (Leaf Spot),ಮೈಕೋಸ್ಫಿಯರೆಲ್ಲಾ ಫ್ರಗೇರಿಯೇ,ಎಲೆ ಮೇಲೆ ಬಿಳಿ ಚುಕ್ಕೆ ಕಾಣುತ್ತದೆ. ಸೋಂಕಿತ ಎಲೆಗಳನ್ನು ಕಿತ್ತು ಸುಟ್ಟು ಹಾಕಿ. ತಾಮ್ರಯುಕ್ತ (Copper) ಶಿಲೀಂಧ್ರನಾಶಕ ಅಥವಾ ಮ್ಯಾಂಕೊಜೆಬ್ ಸಿಂಪಡಿಸಿ.
ಸ್ಟ್ರಾಬೆರಿ,ಎಲೆ ಸುಟ್ಟ ರೋಗ (Leaf Scorch),ಡಿಪ್ಲೋಕಾರ್ಪಾನ್ ಅರ್ಲಿಯಾನಾ,ಎಲೆಗಳು ಸುಟ್ಟಂತೆ ಕಾಣುತ್ತವೆ. ತೋಟದ ಕಸವನ್ನು ಸ್ವಚ್ಛಗೊಳಿಸಿ. ಗಿಡಕ್ಕೆ ಸರಿಯಾದ ಪೋಷಕಾಂಶ ನೀಡಿ. ಕ್ಯಾಪ್ಟನ್ ಅಥವಾ ಥೈರಾಮ್ ಔಷಧ ಬಳಸಿ.
ಸ್ಟ್ರಾಬೆರಿ,ಎಲೆ ಮಾರಿ ರೋಗ (Leaf Blight),ಫೋಮಾಪ್ಸಿಸ್ ಆಬ್ಸ್ಕ್ಯುರಾನ್ಸ್,ಎಲೆ ಅಂಚಿನಿಂದ 'V' ಆಕಾರದ ಕಂದು ಮಚ್ಚೆ ಬರುತ್ತದೆ. ಕೊಯ್ಲಿನ ನಂತರ ಹಳೆಯ ಎಲೆಗಳನ್ನು ತೆಗೆಯಿರಿ. ಕಾರ್ಬನ್ ಡೈಜಿಮ್ ಔಷಧ ಸಿಂಪಡಿಸಿ.
ಸ್ಟ್ರಾಬೆರಿ,ಕೆಂಪು ಬೇರು ಕೊಳೆತ (Red Stele),ಫೈಟೊಪ್ಥೋರಾ ಫ್ರಗೇರಿಯೇ,ಬೇರು ಸೀಳಿದರೆ ಕೆಂಪು ಬಣ್ಣವಿರುತ್ತದೆ. ಎತ್ತರಿಸಿದ ಪಾತಿಗಳಲ್ಲಿ ಬೆಳೆಯಿರಿ. ನಾಟಿ ಮಾಡುವ ಮೊದಲು ಬೇರನ್ನು ಮೆಟಾಲ್ಯಾಕ್ಸಿಲ್ ದ್ರಾವಣದಲ್ಲಿ ಅದ್ದಿ.
ಸ್ಟ್ರಾಬೆರಿ,ಬುಡ ಕೊಳೆತ (Crown Rot),ಫೈಟೊಪ್ಥೋರಾ ಕ್ಯಾಕ್ಟೋರಮ್,ಗಿಡ ದಿಢೀರನೆ ಒಣಗುತ್ತದೆ. ಅತಿಯಾಗಿ ನೀರು ಹರಿಸಬೇಡಿ. ಅಲಿಯೆಟ್ (Aliette) ದ್ರಾವಣವನ್ನು ಗಿಡದ ಬುಡಕ್ಕೆ ಸುರಿಯಿರಿ.
ಸ್ಟ್ರಾಬೆರಿ,ಲೆದರ್ ರಾಟ್ (Leather Rot),ಫೈಟೊಪ್ಥೋರಾ ಕ್ಯಾಕ್ಟೋರಮ್,ಹಣ್ಣು ಗಟ್ಟಿಯಾಗಿ ಕಹಿಯಾಗುತ್ತದೆ. ಹಣ್ಣುಗಳು ಮಣ್ಣಿಗೆ ತಾಗದಂತೆ ಒಣಹುಲ್ಲಿನ ಹೊದಿಕೆ ಬಳಸಿ. ಮಳೆ ಮುನ್ಸೂಚನೆ ಇದ್ದರೆ ಕ್ಯಾಪ್ಟನ್ ಸಿಂಪಡಿಸಿ.
ಸ್ಟ್ರಾಬೆರಿ,ವರ್ಟಿಸಿಲಿಯಂ ಬಾಡು ರೋಗ,ವರ್ಟಿಸಿಲಿಯಂ ಡಾಲಿಯೇ,ಹೊರಗಿನ ಎಲೆಗಳು ಒಣಗುತ್ತವೆ. ಟೊಮೆಟೊ ಅಥವಾ ಬದನೆ ಬೆಳೆದ ಜಾಗದಲ್ಲಿ ಬೆಳೆಯಬೇಡಿ. ಬೇಸಿಗೆಯಲ್ಲಿ ಮಣ್ಣಿಗೆ ಪ್ಲಾಸ್ಟಿಕ್ ಹೊದಿಸಿ ಬಿಸಿಲಿನಲ್ಲಿ ಬೇಯಿಸಿ.
ಸ್ಟ್ರಾಬೆರಿ,ಫ್ಯುಸೇರಿಯಂ ಬಾಡು ರೋಗ,ಫ್ಯುಸೇರಿಯಂ ಆಕ್ಸಿಸ್ಪೋರಮ್,ಗಿಡ ಬೇಗನೆ ಬಾಡುತ್ತದೆ. ಮಣ್ಣಿಗೆ ಟ್ರೈಕೋಡರ್ಮಾ ಜೈವಿಕ ಗೊಬ್ಬರ ಬಳಸಿ. ಸತ್ತ ಗಿಡವನ್ನು ಸುತ್ತಲಿನ ಮಣ್ಣಿನ ಸಮೇತ ತೆಗೆದು ನಾಶಪಡಿಸಿ.
ಸ್ಟ್ರಾಬೆರಿ,ಕಪ್ಪು ಬೇರು ಕೊಳೆತ,ರೈಜೋಕ್ಟೋನಿಯಾ ಪ್ರಭೇದ,ಬೇರುಗಳು ಕಪ್ಪಾಗಿ ಕೊಳೆಯುತ್ತವೆ. ಪ್ರತಿ 2-3 ವರ್ಷಕ್ಕೊಮ್ಮೆ ಬೆಳೆ ಪರಿವರ್ತನೆ ಮಾಡಿ. ಮಣ್ಣಿಗೆ ಕೊಟ್ಟಿಗೆ ಗೊಬ್ಬರ ಮತ್ತು ಸೂಡೋಮೊನಾಸ್ ಬಳಸಿ.
ಸ್ಟ್ರಾಬೆರಿ,ಬ್ಯಾಕ್ಟೀರಿಯಾ ಎಲೆ ಚುಕ್ಕೆ,ಜಾಂಥೋಮೋನಾಸ್ ಫ್ರಗೇರಿಯೇ,ಎಲೆ ಕೆಳಗೆ ನೀರಿನಂತೆ ಪಾರದರ್ಶಕ ಚುಕ್ಕೆ ಇರುತ್ತದೆ. ತಾಮ್ರಯುಕ್ತ (Copper Hydroxide) ಔಷಧ ಸಿಂಪಡಿಸಿ. ಗಿಡ ಒದ್ದೆಯಿದ್ದಾಗ ಕೆಲಸ ಮಾಡಬೇಡಿ.
ಸ್ಟ್ರಾಬೆರಿ,ಬ್ಯಾಕ್ಟೀರಿಯಾ ಬಾಡು ರೋಗ,ರಾಲ್ಸ್ಟೋನಿಯಾ ಸೊಲಾನೇಸಿಯಾರಮ್,ಗಿಡ ಬಾಡಿ ಸಾಯುತ್ತದೆ. ಸತ್ತ ಗಿಡ ಸುಟ್ಟು ಹಾಕಿ. ಹೊಲದಲ್ಲಿ ಚೆಂಡುಹೂ ಬೆಳೆಸಿ. ಉಪಕರಣಗಳನ್ನು ಬ್ಲೀಚಿಂಗ್ ಪುಡಿಯಿಂದ ಸ್ವಚ್ಛಗೊಳಿಸಿ.
ಸ್ಟ್ರಾಬೆರಿ,ಮೋಟಲ್ ವೈರಸ್,ಸ್ಟ್ರಾಬೆರಿ ಮೋಟಲ್ ವೈರಸ್,ಗಿಡ ಗಿಡ್ಡವಾಗಿ ಎಲೆ ಹಳದಿಯಾಗುತ್ತದೆ. ಅಫಿಡ್ಸ್ (ಕೀಟ) ನಿಯಂತ್ರಿಸಲು ಬೇವಿನ ಎಣ್ಣೆ ಬಳಸಿ. ವೈರಸ್ ಮುಕ್ತ ಸಸಿಗಳನ್ನೇ ಖರೀದಿಸಿ.
ಸ್ಟ್ರಾಬೆರಿ,ಕ್ರಿಂಕಲ್ ವೈರಸ್,ಸ್ಟ್ರಾಬೆರಿ ಕ್ರಿಂಕಲ್ ವೈರಸ್,ಎಲೆಗಳು ಮುದುರಿ ವಿಕಾರವಾಗುತ್ತವೆ. ಕೀಟಗಳ ನಿಯಂತ್ರಣ ಬಹಳ ಮುಖ್ಯ. ಹೊಲದ ಸುತ್ತಲಿನ ಕಳೆಗಳನ್ನು ಕಿತ್ತು ಹಾಕಿ.
ಸ್ಟ್ರಾಬೆರಿ,ಫಿಲೋಡಿ (Phyllody),ಫೈಟೋಪ್ಲಾಸ್ಮಾ,ಹೂವುಗಳು ಹಸಿರು ಎಲೆಗಳಂತಾಗುತ್ತವೆ. ಗಿಡವನ್ನು ತಕ್ಷಣ ಕಿತ್ತುಹಾಕಿ. ಜಿಗಿನೊಣಗಳ ಹತೋಟಿಗೆ ಇಮಿಡಾಕ್ಲೋಪ್ರಿಡ್ ಔಷಧ ಬಳಸಿ.
ಸ್ಟ್ರಾಬೆರಿ,ಜಂತುಹುಳು (Nematode),ನೆಮಟೋಡ್ (ಜಂತುಹುಳು),ಬೇರುಗಳಲ್ಲಿ ಗಂಟುಗಳಾಗುತ್ತವೆ. ಮಣ್ಣಿಗೆ ಬೇವಿನ ಹಿಂಡಿ ಬಳಸಿ. ಚೆಂಡುಹೂವನ್ನು ಅಂತರ್ಬೆಳೆಯಾಗಿ ಅಥವಾ ಬೆಳೆ ಪರಿವರ್ತನೆಯಾಗಿ ಬೆಳೆಯಿರಿ.
ಸ್ಟ್ರಾಬೆರಿ,ಲೋಳೆ ಬೂಸಲು (Slime Mold),ಸ್ಲೈಮ್ ಮೋಲ್ಡ್,"ಎಲೆಯ ಮೇಲೆ ಬಿಳಿ ಅಥವಾ ಹಳದಿ ಲೋಳೆ ಕಾಣುತ್ತದೆ. ಇದು ಹಾನಿಕಾರಕವಲ್ಲ, ನೀರಿನ ಫೋರ್ಸ್‌ನಿಂದ ತೊಳೆದು ಹಾಕಬಹುದು."
ಸ್ಟ್ರಾಬೆರಿ,ಬಿಸಿಲಿನ ಬೇಗೆ (Sunscald),ಸನ್ ಸ್ಕ್ಯಾಲ್ಡ್,ಹಣ್ಣಿನ ಮೇಲೆ ಬಿಳಿ ಚಕ್ಕೆ ಕಾಣುತ್ತದೆ. ಶೇಡ್ ನೆಟ್ ಬಳಸಿ. ಮಧ್ಯಾಹ್ನದ ಸಮಯದಲ್ಲಿ ಗಿಡಗಳಿಗೆ ನೀರು ಹರಿಸಿ ತಂಪಾಗಿರಿಸಿ.
ಸ್ಟ್ರಾಬೆರಿ,ಅಲ್ಬಿನಿಸಂ (Albinism),ಅಲ್ಬಿನಿಸಂ (ಜೀನ್ ನ್ಯೂನತೆ),ಹಣ್ಣು ಕೆಂಪಾಗದೆ ಬಿಳಿಯಿರುತ್ತದೆ. ಸಾರಜನಕ (Urea) ಗೊಬ್ಬರ ಕಡಿಮೆ ಮಾಡಿ. ಪೊಟ್ಯಾಶ್ ಮತ್ತು ಕ್ಯಾಲ್ಸಿಯಂ ಗೊಬ್ಬರ ಹೆಚ್ಚಾಗಿ ನೀಡಿ.
ಸ್ಟ್ರಾಬೆರಿ,ವಿಕಾರ ಹಣ್ಣು (Catfacing),ಕ್ಯಾಟ್ ಫೇಸಿಂಗ್ (ದೈಹಿಕ),ಹಣ್ಣುಗಳು ವಿಕಾರವಾಗಿರುತ್ತವೆ. ಹೂ ಬಿಡುವಾಗ ಜೇನುನೊಣಗಳಿಗೆ ತೊಂದರೆ ನೀಡಬೇಡಿ. ಬೋರಾನ್ (Boron) ಪೋಷಕಾಂಶ ಸಿಂಪಡಿಸಿ.
ಆಲೂಗಡ್ಡೆ,ಬೂದು ಬೂಸಲು (Gray Mold),ಬೊಟ್ರೈಟಿಸ್ ಸಿನೆರಿಯಾ,ಗಿಡಗಳ ನಡುವೆ ಗಾಳಿಯಾಡಲು ಜಾಗ ಬಿಡಿ. ಕೊಳೆತ ಭಾಗವನ್ನು ಕಿತ್ತು ಮಣ್ಣಿನಲ್ಲಿ ಹೂತಿರಿ. 'ಸ್ವಿಚ್' (Switch) ಔಷಧ ಸಿಂಪಡಿಸಿ.
ಆಲೂಗಡ್ಡೆ,ಬೂದಿ ರೋಗ (Powdery Mildew),ಸ್ಪೀರೋಥೆಕಾ ಮ್ಯಾಕ್ಯುಲಾರಿಸ್,ಎಲೆಗಳ ಮೇಲೆ ಬಿಳಿ ಬೂದಿ ಕಾಣುತ್ತದೆ. ಗಂಧಕ (Sulfur) ಅಥವಾ ಅಡುಗೆ ಸೋಡಾ ದ್ರಾವಣವನ್ನು ಸಿಂಪಡಿಸಿ.
ಆಲೂಗಡ್ಡೆ,ಅಂತ್ರಾಕ್ನೋಸ್ (Anthracnose),ಕೊಲೆಟೊಟ್ರೈಕಮ್ ಪ್ರಭೇದ,ರೋಗಮುಕ್ತ ಬಿತ್ತನೆ ಗೆಡ್ಡೆ ಬಳಸಿ. ಹನಿ ನೀರಾವರಿ ಉತ್ತಮ. ತಾಮ್ರಯುಕ್ತ ಔಷಧ ಅಥವಾ ಮ್ಯಾಂಕೊಜೆಬ್ ಸಿಂಪಡಿಸಿ.
ಆಲೂಗಡ್ಡೆ,ಸಾಮಾನ್ಯ ಎಲೆ ಚುಕ್ಕೆ (Leaf Spot),ಮೈಕೋಸ್ಫಿಯರೆಲ್ಲಾ ಫ್ರಗೇರಿಯೇ,ಸೋಂಕಿತ ಎಲೆ ಕಿತ್ತು ಸುಟ್ಟು ಹಾಕಿ. ತಾಮ್ರಯುಕ್ತ ಶಿಲೀಂಧ್ರನಾಶಕ ಬಳಸಿ. ಗಿಡ ಒದ್ದೆಯಿದ್ದಾಗ ಹೊಲದಲ್ಲಿ ಕೆಲಸ ಮಾಡಬೇಡಿ.
ಆಲೂಗಡ್ಡೆ,ಎಲೆ ಸುಟ್ಟ ರೋಗ (Leaf Scorch),ಡಿಪ್ಲೋಕಾರ್ಪಾನ್ ಅರ್ಲಿಯಾನಾ,ಹಳೆಯ ಕಸ ತೆಗೆದು ತೋಟ ಸ್ವಚ್ಛವಿಡಿ. ಕ್ಯಾಪ್ಟನ್ ಅಥವಾ ಥೈರಾಮ್ ಔಷಧ ಬಳಸಿ. ಗಿಡಕ್ಕೆ ಒಳ್ಳೆಯ ಪೋಷಕಾಂಶ ನೀಡಿ.
ಆಲೂಗಡ್ಡೆ,ಎಲೆ ಮಾರಿ ರೋಗ (Leaf Blight),ಫೋಮಾಪ್ಸಿಸ್ ಆಬ್ಸ್ಕ್ಯುರಾನ್ಸ್,ಹೊಲವನ್ನು ಸ್ವಚ್ಛವಾಗಿಡಿ. ಕಾರ್ಬನ್ ಡೈಜಿಮ್ ಔಷಧ ಬಳಸಿ. ಚಳಿಗಾಲದಲ್ಲಿ ಹಳೆಯ ಎಲೆಗಳನ್ನು ತೆಗೆಯುವುದು ಬಹಳ ಮುಖ್ಯ.
ಆಲೂಗಡ್ಡೆ,ಕೆಂಪು ಬೇರು ಕೊಳೆತ (Red Stele),ಫೈಟೊಪ್ಥೋರಾ ಫ್ರಗೇರಿಯೇ,ಎತ್ತರಿಸಿದ ಪಾತಿಗಳಲ್ಲಿ ಬೆಳೆಯಿರಿ. ನಾಟಿ ಮಾಡುವ ಮೊದಲು ಗೆಡ್ಡೆ/ಬೇರನ್ನು ಮೆಟಾಲ್ಯಾಕ್ಸಿಲ್ ದ್ರಾವಣದಲ್ಲಿ ಅದ್ದಿ.
ಆಲೂಗಡ್ಡೆ,ಬುಡ ಕೊಳೆತ (Crown Rot),ಫೈಟೊಪ್ಥೋರಾ ಕ್ಯಾಕ್ಟೋರಮ್,ಹೊಲದಲ್ಲಿ ನೀರು ನಿಲ್ಲದಂತೆ ನೋಡಿ. ಅಲಿಯೆಟ್ (Aliette) ದ್ರಾವಣವನ್ನು ಗಿಡದ ಬುಡಕ್ಕೆ ಸುರಿಯಿರಿ.
ಆಲೂಗಡ್ಡೆ,ಲೆದರ್ ರಾಟ್ (Leather Rot),ಫೈಟೊಪ್ಥೋರಾ ಕ್ಯಾಕ್ಟೋರಮ್,ಗೆಡ್ಡೆಗಳು ಮಣ್ಣಿನ ಅತಿಯಾದ ತೇವಾಂಶಕ್ಕೆ ತಾಗದಂತೆ ನೋಡಿ. ಮಣ್ಣಿನ ಹೊದಿಕೆ ಬಳಸಿ. ಕ್ಯಾಪ್ಟನ್ ಔಷಧ ಸಿಂಪಡಿಸಿ.
ಆಲೂಗಡ್ಡೆ,ವರ್ಟಿಸಿಲಿಯಂ ಬಾಡು ರೋಗ,ವರ್ಟಿಸಿಲಿಯಂ ಡಾಲಿಯೇ,ಬೆಳೆ ಪರಿವರ್ತನೆ ಮಾಡಿ. ಬೇಸಿಗೆಯಲ್ಲಿ ಮಣ್ಣನ್ನು ಪ್ಲಾಸ್ಟಿಕ್‌ನಿಂದ ಮುಚ್ಚಿ ಸೌರ ಉಪಚಾರ ಮಾಡಿ.
ಆಲೂಗಡ್ಡೆ,ಫ್ಯುಸೇರಿಯಂ ಬಾಡು ರೋಗ,ಫ್ಯುಸೇರಿಯಂ ಆಕ್ಸಿಸ್ಪೋರಮ್,ಮಣ್ಣಿಗೆ ಟ್ರೈಕೋಡರ್ಮಾ ಜೈವಿಕ ಗೊಬ್ಬರ ಬಳಸಿ. ಸತ್ತ ಗಿಡವನ್ನು ಮಣ್ಣಿನ ಸಮೇತ ತೆಗೆದು ನಾಶಪಡಿಸಿ.
ಆಲೂಗಡ್ಡೆ,ಕಪ್ಪು ಬೇರು ಕೊಳೆತ,ರೈಜೋಕ್ಟೋನಿಯಾ ಫ್ರಗೇರಿಯೇ,ಮಣ್ಣಿನ ಗಾಳಿಯಾಡುವಿಕೆಯನ್ನು ಸುಧಾರಿಸಿ (ಕೊಟ್ಟಿಗೆ ಗೊಬ್ಬರ ಬಳಸಿ). ಬೆಳೆ ಪರಿವರ್ತನೆ ಮಾಡಿ. ಸೂಡೋಮೊನಾಸ್ ಬಳಸಿ.
ಆಲೂಗಡ್ಡೆ,ಬ್ಯಾಕ್ಟೀರಿಯಾ ಎಲೆ ಚುಕ್ಕೆ,ಜಾಂಥೋಮೋನಾಸ್ ಫ್ರಗೇರಿಯೇ,ತಾಮ್ರಯುಕ್ತ ಔಷಧ ಸಿಂಪಡಿಸಿ. ತುಂತುರು ನೀರಾವರಿ ಮಾಡಬೇಡಿ. ಗಿಡ ಒದ್ದೆಯಿದ್ದಾಗ ಮುಟ್ಟಬೇಡಿ.
ಆಲೂಗಡ್ಡೆ,ಬ್ಯಾಕ್ಟೀರಿಯಾ ಬಾಡು ರೋಗ,ಜಾಂಥೋಮೋನಾಸ್ ಪ್ರಭೇದ,ಸೋಂಕಿತ ಗಿಡ ಸುಟ್ಟು ಹಾಕಿ. ಸಾಸಿವೆ ಅಥವಾ ಚೆಂಡುಹೂವಿನ ಜೊತೆ ಬೆಳೆ ಪರಿವರ್ತನೆ ಮಾಡಿ.
ಆಲೂಗಡ್ಡೆ,ಮೋಟಲ್ ವೈರಸ್,ಮೋಟಲ್ ವೈರಸ್,ಅಫಿಡ್ಸ್ ಕೀಟಗಳ ನಿಯಂತ್ರಣಕ್ಕೆ ಬೇವಿನ ಎಣ್ಣೆ ಬಳಸಿ. ರೋಗಮುಕ್ತ ಬಿತ್ತನೆ ಗೆಡ್ಡೆಗಳನ್ನೇ ಬಳಸಿ.
ಆಲೂಗಡ್ಡೆ,ಕ್ರಿಂಕಲ್ ವೈರಸ್,ಕ್ರಿಂಕಲ್ ವೈರಸ್,ಕೀಟಗಳ ಹತೋಟಿ ಮಾಡಿ. ಹೊಲದ ಬದುಗಳಲ್ಲಿರುವ ಕಳೆಗಳನ್ನು ನಿಯಮಿತವಾಗಿ ತೆಗೆಯಿರಿ.
ಆಲೂಗಡ್ಡೆ,ಫಿಲೋಡಿ (Phyllody),ಫೈಟೋಪ್ಲಾಸ್ಮಾ,ಸೋಂಕಿತ ಗಿಡಗಳನ್ನು ತಕ್ಷಣ ಕಿತ್ತುಹಾಕಿ. ಜಿಗಿನೊಣಗಳ ನಿಯಂತ್ರಣಕ್ಕೆ ಔಷಧ ಸಿಂಪಡಿಸಿ.
ಆಲೂಗಡ್ಡೆ,ಜಂತುಹುಳು (Nematode),ನೆಮಟೋಡ್ ಪ್ರಭೇದ,ಬಿತ್ತನೆಗೆ ಮುನ್ನ ಮಣ್ಣಿಗೆ ಬೇವಿನ ಹಿಂಡಿ ಬಳಸಿ. ಅಂತರ್ಬೆಳೆಯಾಗಿ ಚೆಂಡುಹೂ ಬೆಳೆಸುವುದು ಉತ್ತಮ.
ಆಲೂಗಡ್ಡೆ,ಲೋಳೆ ಬೂಸಲು (Slime Mold),ಸ್ಲೈಮ್ ಮೋಲ್ಡ್,ನೀರಿನ ವೇಗದ ಸಿಂಪಡಣೆಯಿಂದ ತೊಳೆದು ಹಾಕಿ. ಹೊಲದಲ್ಲಿ ಗಾಳಿಯಾಡುವಂತೆ ಗಿಡಗಳ ಅಂತರ ಕಾಪಾಡಿ.
ಆಲೂಗಡ್ಡೆ,ಬಿಸಿಲಿನ ಬೇಗೆ (Sunscald),ಸನ್ ಸ್ಕ್ಯಾಲ್ಡ್,ಗೆಡ್ಡೆಗಳ ಮೇಲೆ ಮಣ್ಣು ಮುಚ್ಚಿರಿ (Earthing up). ಅತಿಯಾದ ಬಿಸಿಲಿದ್ದಾಗ ಆಗಾಗ ನೀರು ಹರಿಸಿ.
ಆಲೂಗಡ್ಡೆ,ಅಲ್ಬಿನಿಸಂ (Albinism),ಅಲ್ಬಿನಿಸಂ,ಸಾರಜನಕ ಗೊಬ್ಬರ ಮಿತವಾಗಿ ಬಳಸಿ. ಪೊಟ್ಯಾಶ್ ಮತ್ತು ಕ್ಯಾಲ್ಸಿಯಂ ಪೋಷಕಾಂಶಗಳನ್ನು ಸರಿಯಾದ ಪ್ರಮಾಣದಲ್ಲಿ ನೀಡಿ.
ಆಲೂಗಡ್ಡೆ,ವಿಕಾರ ಗೆಡ್ಡೆಗಳು (Catfacing),ಕ್ಯಾಟ್ ಫೇಸಿಂಗ್,ಹೂ ಬಿಡುವ ಸಮಯದಲ್ಲಿ ಕೀಟನಾಶಕ ಬಳಸಬೇಡಿ. ಬೋರಾನ್ ಕೊರತೆಯಾಗದಂತೆ ಜಾಗ್ರತೆ ವಹಿಸಿ.
ಕಬ್ಬು,ಕೆಂಪು ಕೊಳೆತ (Red Rot),ಕೊಲೆಟೊಟ್ರೈಕಮ್ ಫಾಲ್ಕೇಟಮ್,ಕಬ್ಬು ಸೀಳಿದರೆ ಕೆಂಪು ಬಣ್ಣ ಮತ್ತು ಆಲ್ಕೋಹಾಲ್ ವಾಸನೆ ಬರುತ್ತದೆ. ರೋಗನಿರೋಧಕ ತಳಿ (Co 86032) ಬಳಸಿ. ಬಿತ್ತನೆ ಸೆಟ್‌ಗಳನ್ನು ಕಾರ್ಬನ್ ಡೈಜಿಮ್‌ನಲ್ಲಿ ಅದ್ದಿ ನಾಟಿ ಮಾಡಿ.
ಕಬ್ಬು,ಸ್ಮಟ್ / ಚಾಟಿರೋಗ (Smut),ಸ್ಪೋರಿಸೋರಿಯಮ್ ಸಿಟಾಮಿನಿಯಮ್,ಗಿಡದ ಮೇಲ್ಭಾಗದಲ್ಲಿ ಕಪ್ಪು ಚಾಟಿಯಂತಹ ರಚನೆ ಬರುತ್ತದೆ. ಅದನ್ನು ಪ್ಲಾಸ್ಟಿಕ್ ಚೀಲದಿಂದ ಮುಚ್ಚಿ ಕತ್ತರಿಸಿ ಸುಟ್ಟು ಹಾಕಿ. ಪ್ರೊಪಿಕೊನಜೋಲ್ ಔಷಧದಿಂದ ಬೀಜೋಪಚಾರ ಮಾಡಿ.
ಕಬ್ಬು,ಬಾಡು ರೋಗ (Wilt),ಫ್ಯುಸೇರಿಯಂ ಸಚ್ಚಾರಿ,"ಕಬ್ಬು ಒಣಗಿ ಕುಗ್ಗುತ್ತದೆ, ಒಳಗಡೆ ಪೊಳ್ಳಾಗಿರುತ್ತದೆ. ಹೊಲದಲ್ಲಿ ನೀರು ನಿಲ್ಲದಂತೆ ನೋಡಿಕೊಳ್ಳಿ. ಮಣ್ಣಿಗೆ ಟ್ರೈಕೋಡರ್ಮಾ ಜೈವಿಕ ಗೊಬ್ಬರವನ್ನು ಕೊಟ್ಟಿಗೆ ಗೊಬ್ಬರದೊಂದಿಗೆ ಬೆರೆಸಿ ಬಳಸಿ."
ಕಬ್ಬು,ಪೋಕ್ಕಾ ಬೋಯಿಂಗ್,ಫ್ಯುಸೇರಿಯಂ ಮೋನಿಲಿಫಾರ್ಮ್,ಸುಳಿ ಎಲೆಗಳು ಸುರುಟಿಕೊಳ್ಳುತ್ತವೆ. ತೀವ್ರವಾಗಿದ್ದರೆ ಕಾಪರ್ ಆಕ್ಸಿಕ್ಲೋರೈಡ್ (3g/L) ಸಿಂಪಡಿಸಿ. ಮೆಗ್ನೀಸಿಯಮ್ ಮತ್ತು ಸತು (Zinc) ಪೋಷಕಾಂಶ ನೀಡುವುದು ಉತ್ತಮ.
ಕಬ್ಬು,ಹುಲ್ಲು ಸಸಿ ರೋಗ (Grassy Shoot),ಫೈಟೋಪ್ಲಾಸ್ಮಾ,ಕಬ್ಬಿನ ಬುಡದಲ್ಲಿ ಹುಲ್ಲಿನಂತೆ ಸಣ್ಣ ಸಣ್ಣ ಸಸಿಗಳು ಬರುತ್ತವೆ. ಸಸಿಗಳನ್ನು 50°C ಬಿಸಿ ನೀರಿನಲ್ಲಿ 2 ಗಂಟೆ ಉಪಚರಿಸಿ ನಾಟಿ ಮಾಡಿ. ರೋಗವಿರುವ ಗಿಡಗಳನ್ನು ಕಿತ್ತು ಸುಟ್ಟು ಹಾಕಿ.
ಕಬ್ಬು,ಹಳದಿ ಎಲೆ ರೋಗ (Yellow Leaf),ಶುಗರ್ ಕೇನ್ ಯೆಲ್ಲೋ ಲೀಫ್ ವೈರಸ್ (SCYLV),ಎಲೆಯ ಮಧ್ಯ ನರ ಹಳದಿಯಾಗುತ್ತದೆ. ವೈರಸ್ ಮುಕ್ತ ಟಿಶ್ಯೂ ಕಲ್ಚರ್ ಸಸಿ ಬಳಸಿ. ಹರಡುವ ಕೀಟಗಳ (Aphids) ನಿಯಂತ್ರಣಕ್ಕೆ ಇಮಿಡಾಕ್ಲೋಪ್ರಿಡ್ ಸಿಂಪಡಿಸಿ.
ಕಬ್ಬು,ಅನಾನಸ್ ರೋಗ (Pineapple Disease),ಸೆರಾಟೋಸಿಸ್ಟಿಸ್ ಪ್ಯಾರಡಾಕ್ಸಾ,ಬಿತ್ತನೆ ಸೆಟ್ ಒಳಗಡೆ ಕಪ್ಪಾಗಿ ಅನಾನಸ್ ಹಣ್ಣಿನ ವಾಸನೆ ಬರುತ್ತದೆ. ನಾಟಿ ಮಾಡುವ ಮೊದಲು ಕತ್ತರಿಸಿದ ಸೆಟ್‌ಗಳ ತುದಿಗಳನ್ನು ಕಾರ್ಬನ್ ಡೈಜಿಮ್ ದ್ರಾವಣದಲ್ಲಿ ಅದ್ದಿ.
ಕಬ್ಬು,ಎಲೆ ಸುಟ್ಟ ರೋಗ (Leaf Scald),ಜಾಂಥೋಮೋನಾಸ್ ಅಲ್ಬಿಲಿನಿಯನ್ಸ್,ಎಲೆಗಳ ಮೇಲೆ ಬಿಳಿ ಗೆರೆಗಳು ಬಂದು ಎಲೆ ಸುಟ್ಟಂತೆ ಒಣಗುತ್ತದೆ. ರೋಗವಿಲ್ಲದ ಬಿತ್ತನೆ ಸೆಟ್ ಬಳಸಿ. ಕತ್ತರಿಸುವ ಚಾಕುಗಳನ್ನು ಬ್ಲೀಚಿಂಗ್ ದ್ರಾವಣದಿಂದ ಸ್ವಚ್ಛಗೊಳಿಸಿ.
ಕಬ್ಬು,ಕೆಂಪು ಪಟ್ಟಿ ರೋಗ (Red Stripe),ಅಸಿಡೋವೊರಾಕ್ಸ್ ಅವೆನೆ,ಎಲೆಗಳ ಮೇಲೆ ಉದ್ದನೆಯ ಕೆಂಪು ಪಟ್ಟಿಗಳು ಕಾಣುತ್ತವೆ. ಹೊಲದಲ್ಲಿ ನೀರು ನಿಲ್ಲದಂತೆ ನೋಡಿ. ಹರಡುವಿಕೆಯನ್ನು ತಡೆಯಲು ಕಾಪರ್ ಆಕ್ಸಿಕ್ಲೋರೈಡ್ ಸಿಂಪಡಿಸಿ.
ಕಬ್ಬು,ತುಕ್ಕು ರೋಗ (Rust),ಪಕ್ಸಿನಿಯಾ ಮೆಲನೋಸೆಫಾಲಾ,ಎಲೆಗಳ ಮೇಲೆ ಕಿತ್ತಳೆ ಅಥವಾ ಕಂದು ಬಣ್ಣದ ಪುಡಿ ಇರುತ್ತದೆ. ಮ್ಯಾಂಕೊಜೆಬ್ (2g/L) ಸಿಂಪಡಿಸಿ. ಹೊಲದಲ್ಲಿ ಗಾಳಿಯಾಡುವಂತೆ ಕಳೆಗಳನ್ನು ತೆಗೆಯಿರಿ.
ಕಬ್ಬು,ಮೊಸಾಯಿಕ್ ವೈರಸ್,ಶುಗರ್ ಕೇನ್ ಮೊಸಾಯಿಕ್ ವೈರಸ್,ಎಲೆಗಳ ಮೇಲೆ ಹಸಿರು-ಹಳದಿ ಮಿಶ್ರಿತ ಮಚ್ಚೆಗಳು ಕಾಣುತ್ತವೆ. ರೋಗವಿರುವ ಗಿಡಗಳನ್ನು ಆರಂಭದಲ್ಲೇ ಕಿತ್ತು ಹಾಕಿ. ಕೀಟಗಳ ಹತೋಟಿ ಮಾಡಿ.
ಕಬ್ಬು,ರಟೂನ್ ಸ್ಟಂಟಿಂಗ್,ಲೀಫ್ಸೋನಿಯಾ ಕ್ಸೈಲಿ,ಗಿಡಗಳು ಕುಂಠಿತವಾಗಿ ಬೆಳೆಯುತ್ತವೆ. ಬಿತ್ತನೆ ಸೆಟ್‌ಗಳನ್ನು ಬಿಸಿ ನೀರಿನಲ್ಲಿ (50°C) 2 ಗಂಟೆ ಉಪಚರಿಸಿ. ಕತ್ತರಿಸುವ ಸಾಧನಗಳನ್ನು ಸೋಂಕುರಹಿತಗೊಳಿಸಿ.
ಕಬ್ಬು,ಕಬ್ಬಿಣದ ಕೊರತೆ (Iron Chlorosis),ಕಬ್ಬಿಣದ ಕೊರತೆ,ಹೊಸ ಎಲೆಗಳು ಪೂರ್ತಿ ಬಿಳಿ ಅಥವಾ ಹಳದಿಯಾಗುತ್ತವೆ. 1 ಲೀಟರ್ ನೀರಿಗೆ 5ಗ್ರಾಂ ಫೆರಸ್ ಸಲ್ಫೇಟ್ ಮತ್ತು 1ಗ್ರಾಂ ಸಿಟ್ರಿಕ್ ಆಸಿಡ್ ಬೆರೆಸಿ 10 ದಿನಗಳ ಅಂತರದಲ್ಲಿ ಸಿಂಪಡಿಸಿ.
ರಾಗಿ,ಬೆಂಕಿ ರೋಗ (Blast),ಪೈರಿಕ್ಯುಲೇರಿಯಾ ಗ್ರಿಸಿಯಾ,ಎಲೆ ಮೇಲೆ ಕಣ್ಣಿನ ಆಕಾರದ ಮಚ್ಚೆ ಬರುತ್ತದೆ. ಟ್ರೈಸೈಕ್ಲೋಜೋಲ್ (0.6g/L) ಸಿಂಪಡಿಸಿ. ಯೂರಿಯಾ ಗೊಬ್ಬರವನ್ನು ಅತಿಯಾಗಿ ಬಳಸಬೇಡಿ.
ರಾಗಿ,ಅಂಗಮಾರಿ / ಎಲೆ ಮಚ್ಚೆ,ಹೆಲ್ಮಿಂಥೋಸ್ಪೋರಿಯಮ್ ನೋಡ್ಯುಲೋಸಮ್,ಎಲೆಗಳ ಮೇಲೆ ಕಂದು ಚುಕ್ಕೆಗಳು ಕಾಣುತ್ತವೆ. ಮ್ಯಾಂಕೊಜೆಬ್ (2g/L) ಸಿಂಪಡಿಸಿ. ಬಿತ್ತನೆಗೆ ಮುನ್ನ ಥೈರಾಮ್ ಅಥವಾ ಕ್ಯಾಪ್ಟನ್‌ನಿಂದ ಬೀಜೋಪಚಾರ ಮಾಡಿ.
ರಾಗಿ,ಸರ್ಕೋಸ್ಪೊರಾ ಎಲೆ ಮಚ್ಚೆ,ಸರ್ಕೋಸ್ಪೊರಾ ಪ್ರಭೇದ,ಎಲೆಗಳು ಸುಟ್ಟಂತೆ ಕಾಣುತ್ತವೆ. ಮ್ಯಾಂಕೊಜೆಬ್ ಅಥವಾ ಕಾಪರ್ ಆಕ್ಸಿಕ್ಲೋರೈಡ್ ಸಿಂಪಡಿಸಿ. ಗಿಡಗಳ ನಡುವೆ ಸರಿಯಾದ ಅಂತರವಿರಲಿ.
ರಾಗಿ,ಡೌನಿ ಮಿಲ್ಡ್ಯೂ (Downy Mildew),ಸ್ಕ್ಲೆರೋಫ್ರೋರಾ ಮ್ಯಾಕ್ರೋಸ್ಪೋರಾ,"ಎಲೆಗಳು ಸುರುಟಿಕೊಳ್ಳುತ್ತವೆ, ತೆನೆ ಬದಲು ಎಲೆಗಳ ಗೊಂಚಲು ಬರುತ್ತದೆ. ಮೆಟಾಲ್ಯಾಕ್ಸಿಲ್‌ನಿಂದ ಬೀಜೋಪಚಾರ ಮಾಡಿ. ರೋಗವಿರುವ ಗಿಡ ಕಿತ್ತು ಸುಟ್ಟು ಹಾಕಿ."
ರಾಗಿ,ಸಸಿ ಅಂಗಮಾರಿ (Seedling Blight),ಡ್ರೆಕ್ಸ್ಲೆರಾ ನೋಡ್ಯುಲೋಸಾ,ಸಣ್ಣ ಸಸಿಗಳು ಒಣಗಿ ಸಾಯುತ್ತವೆ. ನರ್ಸರಿ ಪಾತಿಗಳಿಗೆ ಕಾಪರ್ ಆಕ್ಸಿಕ್ಲೋರೈಡ್ ಸುರಿಯಿರಿ. ಬಿತ್ತನೆಗೆ ಮುನ್ನ ಟ್ರೈಕೋಡರ್ಮಾ ಬಳಸಿ ಬೀಜೋಪಚಾರ ಮಾಡಿ.
ರಾಗಿ,ಬ್ಯಾಂಡೆಡ್ ಲೀಫ್ ಬ್ಲೈಟ್,ರೈಜೋಕ್ಟೋನಿಯಾ ಸೊಲಾನಿ,ಎಲೆಗಳ ಮೇಲೆ ಬ್ಲೀಚ್ ಮಾಡಿದಂತಹ ಪಟ್ಟಿಗಳು ಕಾಣುತ್ತವೆ. ಹೆಕ್ಸಾಕೊನಜೋಲ್ ಅಥವಾ ಪ್ರೊಪಿಕೊನಜೋಲ್ ಸಿಂಪಡಿಸಿ. ಕಳೆಗಳನ್ನು ಕಿತ್ತು ಗಾಳಿಯಾಡುವಂತೆ ನೋಡಿ.
ರಾಗಿ,ಮೊಟ್ಲಿಂಗ್ ವೈರಸ್,ಮೊಟ್ಲಿಂಗ್ ವೈರಸ್,ಗಿಡ ಕುಂಠಿತವಾಗಿ ಎಲೆ ಮೇಲೆ ಹಳದಿ ಗೆರೆ ಬರುತ್ತದೆ. ಕೀಟಗಳ ಹತೋಟಿಗೆ ಬೇವಿನ ಎಣ್ಣೆ ಸಿಂಪಡಿಸಿ. ಸೋಂಕಿತ ಗಿಡಗಳನ್ನು ತಕ್ಷಣ ಕಿತ್ತುಹಾಕಿ.
ರಾಗಿ,ಬ್ಯಾಕ್ಟೀರಿಯಾ ಎಲೆ ಗೆರೆ ರೋಗ,ಜಾಂಥೋಮೋನಾಸ್ ಪ್ರಭೇದ,ಎಲೆ ಮೇಲೆ ಪಾರದರ್ಶಕ ಗೆರೆಗಳು ಬರುತ್ತವೆ. ಸ್ಟ್ರೆಪ್ಟೋಸೈಕ್ಲಿನ್ ಮತ್ತು ಕಾಪರ್ ಆಕ್ಸಿಕ್ಲೋರೈಡ್ ಮಿಶ್ರಣ ಸಿಂಪಡಿಸಿ. ಪೊಟ್ಯಾಶ್ ಗೊಬ್ಬರ ಬಳಸುವುದು ಉತ್ತಮ.
ರಾಗಿ,ಕಾಳು ಮಸಿ ರೋಗ (Grain Smut),ಮೆಲನೋಪ್ಸಿಚಿಯಮ್ ಎಲ್ಯೂಸಿಸ್,ರಾಗಿ ಕಾಳುಗಳು ಕಪ್ಪು ಪುಡಿಯ ಚೀಲಗಳಂತಾಗುತ್ತವೆ. ಕಾರ್ಬನ್ ಡೈಜಿಮ್ (2g/kg) ನಿಂದ ಕಡ್ಡಾಯವಾಗಿ ಬೀಜೋಪಚಾರ ಮಾಡಿ.
ರಾಗಿ,ಬುಡ ಕೊಳೆತ / ಬಾಡು ರೋಗ,ಸ್ಕ್ಲೆರೋಶಿಯಂ ರಾಲ್ಫಿಸೈ,ಗಿಡದ ಕೆಳಗಿನ ಎಲೆ ಹಳದಿಯಾಗಿ ಗಿಡ ಒಣಗುತ್ತದೆ. ಬುಡಕ್ಕೆ ಕಾರ್ಬನ್ ಡೈಜಿಮ್ ದ್ರಾವಣ ಸುರಿಯಿರಿ. ಮಣ್ಣಿಗೆ ಟ್ರೈಕೋಡರ್ಮಾ ಜೈವಿಕ ಗೊಬ್ಬರ ಬಳಸಿ.
ಮೆಣಸಿನಕಾಯಿ,ಎಲೆ ಮುದುರು ರೋಗ (Leaf Curl),ಚಿಲ್ಲಿ ಲೀಫ್ ಕರ್ಲ್ ವೈರಸ್ (ChiLCV),ಎಲೆಗಳು ಮೇಲಕ್ಕೆ ಮುದುಡುತ್ತವೆ. ಇದನ್ನು ಹರಡುವ ಬಿಳಿ ನೊಣ ಹತೋಟಿಗೆ ಹಳದಿ ಅಂಟು ಬಲೆ ಬಳಸಿ ಮತ್ತು ಇಮಿಡಾಕ್ಲೋಪ್ರಿಡ್ ಅಥವಾ ಬೇವಿನ ಎಣ್ಣೆ ಸಿಂಪಡಿಸಿ.
ಮೆಣಸಿನಕಾಯಿ,ನುಸಿ ಬಾಧೆ (Thrips),ಸಿರ್ಟೋಥ್ರಿಪ್ಸ್ ಡಾರ್ಸಾಲಿಸ್,ಎಲೆಗಳು ದೋಣಿಯಂತೆ ಕೆಳಕ್ಕೆ ಮುದುಡುತ್ತವೆ. ಫಿಪ್ರೋನಿಲ್ ಅಥವಾ ಸ್ಪಿನೋಸಾದ್ ಸಿಂಪಡಿಸಿ. ಹೊಲದಲ್ಲಿ ತೇವಾಂಶ ಕಾಪಾಡಿಕೊಳ್ಳಿ.
ಮೆಣಸಿನಕಾಯಿ,ತುದಿ ಒಣಗುವ ರೋಗ (Dieback),ಕೊಲೆಟೊಟ್ರೈಕಮ್ ಕ್ಯಾಪ್ಸಿಸಿ,ಗಿಡದ ತುದಿಗಳು ಮೇಲಿನಿಂದ ಕೆಳಕ್ಕೆ ಒಣಗುತ್ತವೆ. ಕಾಪರ್ ಆಕ್ಸಿಕ್ಲೋರೈಡ್ ಅಥವಾ ಅಜೋಕ್ಸಿಸ್ಟ್ರೋಬಿನ್ ಸಿಂಪಡಿಸಿ. ಒಣಗಿದ ತುದಿಗಳನ್ನು ಕತ್ತರಿಸಿ ಸುಟ್ಟು ಹಾಕಿ.
ಮೆಣಸಿನಕಾಯಿ,ಬೂದಿ ರೋಗ (Powdery Mildew),ಲೆವೆಲ್ಲುಲಾ ಟೌರಿಕಾ,ಎಲೆಯ ಕೆಳಗೆ ಬಿಳಿ ಪುಡಿ ಕಾಣುತ್ತದೆ. ನೀರಿನಲ್ಲಿ ಕರಗುವ ಗಂಧಕ (3g/L) ಅಥವಾ ಹೆಕ್ಸಾಕೊನಜೋಲ್ ಸಿಂಪಡಿಸಿ.
ಮೆಣಸಿನಕಾಯಿ,ಸರ್ಕೋಸ್ಪೊರಾ ಎಲೆ ಮಚ್ಚೆ,ಸರ್ಕೋಸ್ಪೊರಾ ಕ್ಯಾಪ್ಸಿಸಿ,ಎಲೆ ಮೇಲೆ ಬಿಳಿ ಮಧ್ಯಭಾಗವಿರುವ ಸಣ್ಣ ಚುಕ್ಕೆಗಳು ಕಾಣುತ್ತವೆ. ಮ್ಯಾಂಕೊಜೆಬ್ ಅಥವಾ ಕಾರ್ಬನ್ ಡೈಜಿಮ್ ಸಿಂಪಡಿಸಿ.
ಮೆಣಸಿನಕಾಯಿ,ಬ್ಯಾಕ್ಟೀರಿಯಾ ಎಲೆ ಚುಕ್ಕೆ,ಜಾಂಥೋಮೋನಾಸ್ ಕ್ಯಾಂಪೆಸ್ಟ್ರಿಸ್,ಎಲೆಗಳ ಮೇಲೆ ಎಣ್ಣೆಯಂತಹ ಕಪ್ಪು ಚುಕ್ಕೆಗಳು ಬರುತ್ತವೆ. ಸ್ಟ್ರೆಪ್ಟೋಸೈಕ್ಲಿನ್ ಮತ್ತು ಕಾಪರ್ ಆಕ್ಸಿಕ್ಲೋರೈಡ್ ಮಿಶ್ರಣ ಸಿಂಪಡಿಸಿ. ಹನಿ ನೀರಾವರಿ ಬಳಸಿ.
ಮೆಣಸಿನಕಾಯಿ,ಹಸಿ ಕೊಳೆ ರೋಗ (Wet Rot),ಕೋನಿಫೋರಾ ಕುಕುರ್ಬಿಟಾರಮ್,ಎಲೆ ಮತ್ತು ಹೂವುಗಳು ಕಪ್ಪಾಗಿ ಕೊಳೆಯುತ್ತವೆ. ಕಾಪರ್ ಆಕ್ಸಿಕ್ಲೋರೈಡ್ ಸಿಂಪಡಿಸಿ. ಸಾರಜನಕ (Urea) ಗೊಬ್ಬರ ಅತಿಯಾಗಿ ಬಳಸಬೇಡಿ.
ಮೆಣಸಿನಕಾಯಿ,ಮೊಸಾಯಿಕ್ ವೈರಸ್,ಮೊಸಾಯಿಕ್ ವೈರಸ್,ಎಲೆಗಳ ಮೇಲೆ ಹಸಿರು-ಹಳದಿ ಮಚ್ಚೆ ಇರುತ್ತದೆ. ಅಫಿಡ್ಸ್ ಕೀಟಗಳನ್ನು ನಿಯಂತ್ರಿಸಿ. ಸೋಂಕಿತ ಗಿಡ ಮುಟ್ಟಿದ ನಂತರ ಕೈಗಳನ್ನು ಸಾಬೂನಿನಿಂದ ತೊಳೆದುಕೊಳ್ಳಿ.
ಮೆಣಸಿನಕಾಯಿ,ಫೈಟೊಪ್ಥೋರಾ ಬೇರು ಕೊಳೆತ,ಫೈಟೊಪ್ಥೋರಾ ಕ್ಯಾಪ್ಸಿಸಿ,ಗಿಡದ ಬುಡ ಕೊಳೆತು ಸಾಯುತ್ತದೆ. ಮೆಟಾಲ್ಯಾಕ್ಸಿಲ್ + ಮ್ಯಾಂಕೊಜೆಬ್ ಮಿಶ್ರಣ ಸಿಂಪಡಿಸಿ. ಎತ್ತರಿಸಿದ ಪಾತಿಗಳಲ್ಲಿ ಗಿಡಗಳನ್ನು ಬೆಳೆಸಿ.
ಮೆಣಸಿನಕಾಯಿ,ಅಂತ್ರಾಕ್ನೋಸ್ ಮಚ್ಚೆ,ಕೊಲೆಟೊಟ್ರೈಕಮ್ ಕ್ಯಾಪ್ಸಿಸಿ,ಎಲೆಗಳ ಮೇಲೆ ತಗ್ಗು ಬಿದ್ದ ಕಪ್ಪು ಮಚ್ಚೆಗಳು ಬರುತ್ತವೆ. ಪ್ರೊಪಿಕೊನಜೋಲ್ ಅಥವಾ ಮ್ಯಾಂಕೊಜೆಬ್ ಸಿಂಪಡಿಸಿ. ಹೊಲದಲ್ಲಿನ ಹಳೆಯ ಬೆಳೆ ಉಳಿಕೆಗಳನ್ನು ತೆಗೆಯಿರಿ.
ಮೆಣಸಿನಕಾಯಿ,ಬೂದು ಬೂಸಲು (Gray Mold),ಬೊಟ್ರೈಟಿಸ್ ಸಿನೆರಿಯಾ,ತಂಪು ಹವಾಮಾನದಲ್ಲಿ ಬೂದು ಬಣ್ಣದ ಬೂಸಲು ಕಾಣುತ್ತದೆ. ಗಿಡಗಳ ನಡುವೆ ಗಾಳಿಯಾಡುವಂತೆ ಎಲೆಗಳನ್ನು ಕತ್ತರಿಸಿ. ಕಾರ್ಬನ್ ಡೈಜಿಮ್ ಸಿಂಪಡಿಸಿ.
ಮೆಣಸಿನಕಾಯಿ,ಫ್ಯುಸೇರಿಯಂ ಬಾಡು ರೋಗ,ಫ್ಯುಸೇರಿಯಂ ಆಕ್ಸಿಸ್ಪೋರಮ್,ಗಿಡ ದಿಢೀರನೆ ಬಾಡುತ್ತದೆ. ಗಿಡದ ಬುಡಕ್ಕೆ ಕಾರ್ಬನ್ ಡೈಜಿಮ್ ದ್ರಾವಣ ಸುರಿಯಿರಿ. ನಾಟಿ ಮುನ್ನ ಮಣ್ಣಿಗೆ ಟ್ರೈಕೋಡರ್ಮಾ ಜೈವಿಕ ಗೊಬ್ಬರ ಸೇರಿಸಿ.
ಮೆಣಸಿನಕಾಯಿ,ಸದರ್ನ್ ಬ್ಲೈಟ್ (Southern Blight),ಸ್ಕ್ಲೆರೋಶಿಯಂ ರಾಲ್ಫಿಸೈ,ಬುಡದಲ್ಲಿ ಹತ್ತಿಯಂತಹ ಬಿಳಿ ಬೂಸಲು ಕಾಣುತ್ತದೆ. ಟ್ರೈಕೋಡರ್ಮಾ ದ್ರಾವಣವನ್ನು ಬುಡಕ್ಕೆ ಸುರಿಯಿರಿ. ಬೇಸಿಗೆಯಲ್ಲಿ ಮಣ್ಣಿನ ಸೌರ ಉಪಚಾರ ಮಾಡಿ.
ಮೆಣಸಿನಕಾಯಿ,ಪಾಚಿ ಎಲೆ ಮಚ್ಚೆ (Algal Spot),ಸೆಫಲ್ಯೂರೋಸ್ ವೈರೆಸೆನ್ಸ್,ಎಲೆ ಮೇಲೆ ಕಿತ್ತಳೆ ಬಣ್ಣದ ವೆಲ್ವೆಟ್‌ನಂತಹ ಮಚ್ಚೆ ಕಾಣುತ್ತದೆ. ಕಾಪರ್ ಆಕ್ಸಿಕ್ಲೋರೈಡ್ ಸಿಂಪಡಿಸಿ. ಗಿಡಕ್ಕೆ ಸರಿಯಾದ ಪೋಷಕಾಂಶ ನೀಡಿ.
ಕೋಸು,ಬ್ಯಾಕ್ಟೀರಿಯಾ ಕಪ್ಪು ಕೊಳೆತ,ಜಾಂಥೋಮೋನಾಸ್ ಕ್ಯಾಂಪೆಸ್ಟ್ರಿಸ್,ಎಲೆ ಅಂಚಿನಲ್ಲಿ 'V' ಆಕಾರದ ಹಳದಿ ಮಚ್ಚೆ. ಸ್ಟ್ರೆಪ್ಟೋಸೈಕ್ಲಿನ್ (1g) + ಕಾಪರ್ ಆಕ್ಸಿಕ್ಲೋರೈಡ್ (20g) 10 ಲೀಟರ್ ನೀರಿಗೆ ಬೆರೆಸಿ ಸಿಂಪಡಿಸಿ. ಬೀಜವನ್ನು 50°C ಬಿಸಿ ನೀರಿನಲ್ಲಿ 30 ನಿಮಿಷ ಉಪಚರಿಸಿ.
ಕೋಸು,ಅಲ್ಟರ್ನೇರಿಯಾ ಎಲೆ ಚುಕ್ಕೆ,ಆಲ್ಟರ್ನೇರಿಯಾ ಬ್ರಾಸಿಕೇ,ಎಲೆ ಮೇಲೆ ಗುರಿ ಫಲಕದಂತ ಕಂದು ಚುಕ್ಕೆ. ಮ್ಯಾಂಕೊಜೆಬ್ ಅಥವಾ ಕ್ಲೋರೋಥಲೋನಿಲ್ (2g/L) ಸಿಂಪಡಿಸಿ. ಈರುಳ್ಳಿ ಬೆಳೆಯೊಂದಿಗೆ ಬೆಳೆ ಪರಿವರ್ತನೆ ಮಾಡಿ.
ಕೋಸು,ಡೌನಿ ಮಿಲ್ಡ್ಯೂ,ಪೆರೋನೋಸ್ಪೋರಾ ಪ್ಯಾರಾಸಿಟಿಕಾ,"ಎಲೆ ಮೇಲೆ ಹಳದಿ ಮಚ್ಚೆ, ಕೆಳಗೆ ಬಿಳಿ ಹತ್ತಿಯಂತ ಬೆಳವಣಿಗೆ. ಮೆಟಾಲ್ಯಾಕ್ಸಿಲ್ + ಮ್ಯಾಂಕೊಜೆಬ್ (2g/L) ಸಿಂಪಡಿಸಿ. ಗಿಡಗಳ ನಡುವೆ ಸರಿಯಾದ ಅಂತರವಿರಲಿ."
ಕೋಸು,ಗಂಟು ಬೇರು (Clubroot),ಪ್ಲಾಸ್ಮೋಡಿಯೋಫೋರಾ ಬ್ರಾಸಿಕೇ,"ಹಗಲು ಬಾಡಿ ರಾತ್ರಿ ಚೇತರಿಸಿಕೊಳ್ಳುವುದು, ಬೇರುಗಳು ಗಂಟಾಗುತ್ತವೆ. ಭೂಮಿ ಸಿದ್ಧತೆ ವೇಳೆ ಸುಣ್ಣ (Lime) ಬಳಸಿ ಮಣ್ಣಿನ pH ಹೆಚ್ಚಿಸಿ. 3 ವರ್ಷ ಆ ಜಾಗದಲ್ಲಿ ಕೋಸು ಬೆಳೆಯಬೇಡಿ."
ಕೋಸು,ಬ್ಯಾಕ್ಟೀರಿಯಾ ಮೆದು ಕೊಳೆತ,ಪೆಕ್ಟೋಬ್ಯಾಕ್ಟೀರಿಯಂ ಕ್ಯಾರೋಟೋವೋರಮ್,ಕೋಸು ಗಡ್ಡೆ ಮೆತ್ತಗಾಗಿ ಕೆಟ್ಟ ವಾಸನೆ ಬರುತ್ತದೆ. ಕಾಪರ್ ಆಕ್ಸಿಕ್ಲೋರೈಡ್ (3g/L) ಅಥವಾ ಸ್ಟ್ರೆಪ್ಟೋಸೈಕ್ಲಿನ್ ಸಿಂಪಡಿಸಿ. ಒಣ ಹವಾಮಾನದಲ್ಲಿ ಮಾತ್ರ ಕೊಯ್ಲು ಮಾಡಿ.
ಕೋಸು,ಬೂದಿ ರೋಗ (Powdery Mildew),ಎರಿಸೈಫಿ ಪಾಲಿಗೋನಿ,ಎಲೆ ಮೇಲೆ ಬಿಳಿ ಪುಡಿ ಕಾಣುತ್ತದೆ. ಗಂಧಕ (3g/L) ಅಥವಾ ಡಿನೋಕ್ಯಾಪ್ ಸಿಂಪಡಿಸಿ. ಸಾರಜನಕ (Urea) ಗೊಬ್ಬರವನ್ನು ಅತಿಯಾಗಿ ಬಳಸಬೇಡಿ.
ಕೋಸು,ಬಿಳಿ ತುಕ್ಕು (White Rust),ಅಲ್ಬುಗೋ ಕ್ಯಾಂಡಿಡಾ,ಎಲೆ ಕೆಳಗೆ ಬಿಳಿ ಗುಳ್ಳೆಗಳಂತ ಚುಕ್ಕೆ. ಕಾಪರ್ ಆಕ್ಸಿಕ್ಲೋರೈಡ್ ಅಥವಾ ಮ್ಯಾಂಕೊಜೆಬ್ ಸಿಂಪಡಿಸಿ. ಸಾಸಿವೆ ಜಾತಿಯ ಕಳೆಗಳನ್ನು ಹೊಲದಿಂದ ತೆಗೆಯಿರಿ.
ಕೋಸು,ಕಪ್ಪು ಕಾಲು ರೋಗ (Black Leg),ಫೋಮಾ ಲಿಂಗಮ್,ಬುಡದ ಕಾಂಡ ಕಪ್ಪಾಗಿ ಕೊಳೆಯುತ್ತದೆ. ಕಾರ್ಬನ್ ಡೈಜಿಮ್ (1g/L) ಸಿಂಪಡಿಸಿ. ಬೀಜೋಪಚಾರ ಮಾಡಿ ಮತ್ತು ಕೊಯ್ಲಿನ ನಂತರ ಹಳೆಯ ಬೆಳೆ ಉಳಿಕೆ ಸುಟ್ಟು ಹಾಕಿ.
ಕೋಸು,ಮೊಸಾಯಿಕ್ ವೈರಸ್,ಕಾಲಿಫ್ಲವರ್ ಮೊಸಾಯಿಕ್ ವೈರಸ್,ಎಲೆ ಮೇಲೆ ಹಸಿರು-ಹಳದಿ ಮಚ್ಚೆ. ಅಫಿಡ್ಸ್ ಕೀಟಗಳ ಹತೋಟಿಗೆ ಹಳದಿ ಅಂಟು ಬಲೆ ಮತ್ತು ಬೇವಿನ ಎಣ್ಣೆ ಬಳಸಿ. ರೋಗವಿರುವ ಗಿಡ ಕಿತ್ತು ಹೂತು ಹಾಕಿ.
ಕೋಸು,ಎಲೆ ಅಂಚು ಸುಡುವುದು (Tipburn),ಕ್ಯಾಲ್ಸಿಯಂ ಕೊರತೆ,ಒಳಗಿನ ಎಲೆಗಳ ಅಂಚು ಕಂದು ಬಣ್ಣಕ್ಕೆ ತಿರುಗಿ ಒಣಗುತ್ತದೆ. ಇದು ಕ್ಯಾಲ್ಸಿಯಂ ಕೊರತೆಯಿಂದ ಆಗುತ್ತದೆ. ಕ್ಯಾಲ್ಸಿಯಂ ನೈಟ್ರೇಟ್ (2-3g/L) ದ್ರಾವಣವನ್ನು ಸಿಂಪಡಿಸಿ.
ಕೋಸು,ಗಡ್ಡೆ ಸೀಳುವುದು (Splitting),ದೈಹಿಕ ವಿಕೋಪ,ಕೋಸು ಗಡ್ಡೆ ಹಠಾತ್ತನೆ ಸೀಳುತ್ತದೆ. ಮಣ್ಣಿನಲ್ಲಿ ತೇವಾಂಶ ಸಮನಾಗಿರುವಂತೆ ನೋಡಿಕೊಳ್ಳಿ. ಅತಿಯಾದ ಮಳೆ ಬರುವ ಮುನ್ನವೇ ಕೊಯ್ಲು ಮಾಡಿ.
ಕೋಸು,ನಾರು ಕಾಂಡ (Wirestem),ರೈಜೋಕ್ಟೋನಿಯಾ ಸೊಲಾನಿ,ಸಣ್ಣ ಸಸಿಗಳ ಬುಡ ನಾರಿನಂತೆ ಸಪೂರವಾಗಿ ಕಪ್ಪಾಗುತ್ತದೆ. ಕಾಪರ್ ಆಕ್ಸಿಕ್ಲೋರೈಡ್‌ನಿಂದ ಮಣ್ಣು ನೆನೆಸಿ. ನರ್ಸರಿಯಲ್ಲಿ ಎತ್ತರಿಸಿದ ಪಾತಿಗಳನ್ನು ಬಳಸಿ.
ಬದನೆ,ಕಿರು ಎಲೆ ರೋಗ (Little Leaf),ಫೈಟೋಪ್ಲಾಸ್ಮಾ,ಎಲೆಗಳು ಅತಿ ಸಣ್ಣದಾಗಿ ಗಿಡ ಕುಂಠಿತವಾಗುತ್ತದೆ. ರೋಗವಿರುವ ಗಿಡ ಕಿತ್ತು ಹಾಕಿ. ಹರಡುವ ಜಿಗಿನೊಣಗಳ ನಿಯಂತ್ರಣಕ್ಕೆ ಬೇವಿನ ಎಣ್ಣೆ ಅಥವಾ ಡಿಮೆಥೋಯೇಟ್ ಸಿಂಪಡಿಸಿ.
ಬದನೆ,ಫೋಮಾಪ್ಸಿಸ್ ಅಂಗಮಾರಿ,ಫೋಮಾಪ್ಸಿಸ್ ವೆಕ್ಸಾನ್ಸ್,"ಎಲೆ ಮೇಲೆ ಕಂದು ಚುಕ್ಕೆ, ಹಣ್ಣಿನ ಮೇಲೆ ತಗ್ಗು ಮಚ್ಚೆ. ಮ್ಯಾಂಕೊಜೆಬ್ ಅಥವಾ ಕಾರ್ಬನ್ ಡೈಜಿಮ್ ಸಿಂಪಡಿಸಿ. ಬಿತ್ತನೆ ಮುನ್ನ ಥೈರಾಮ್‌ನಿಂದ ಬೀಜೋಪಚಾರ ಮಾಡಿ."
ಬದನೆ,ಬ್ಯಾಕ್ಟೀರಿಯಾ ಬಾಡು ರೋಗ,ರಾಲ್ಸ್ಟೋನಿಯಾ ಸೊಲಾನೇಸಿಯಾರಮ್,ಗಿಡ ಹಸಿರಾಗಿದ್ದಾಗಲೇ ದಿಢೀರನೆ ಬಾಡುತ್ತದೆ. ರೋಗನಿರೋಧಕ ತಳಿ (ಅರ್ಕಾ ನೀಲಕಂಠ) ಬಳಸಿ. ರಾಗಿ ಅಥವಾ ಜೋಳದ ಜೊತೆ ಬೆಳೆ ಪರಿವರ್ತನೆ ಮಾಡಿ.
ಬದನೆ,ಸರ್ಕೋಸ್ಪೊರಾ ಎಲೆ ಮಚ್ಚೆ,ಸರ್ಕೋಸ್ಪೊರಾ ಮೆಲಾಂಜಿನೇ,ಎಲೆ ಮೇಲೆ ಹಳದಿ-ಕಂದು ವೃತ್ತಾಕಾರದ ಚುಕ್ಕೆ. ಕಾಪರ್ ಆಕ್ಸಿಕ್ಲೋರೈಡ್ ಅಥವಾ ಮ್ಯಾಂಕೊಜೆಬ್ ಸಿಂಪಡಿಸಿ. ಗಿಡಗಳ ನಡುವೆ ಸರಿಯಾದ ಗಾಳಿಯಾಡಲು ಜಾಗ ಬಿಡಿ.
ಬದನೆ,ಅಲ್ಟರ್ನೇರಿಯಾ ಎಲೆ ಮಚ್ಚೆ,ಆಲ್ಟರ್ನೇರಿಯಾ ಮೆಲಾಂಜಿನೇ,ಎಲೆ ಮೇಲೆ ಕಪ್ಪು ವೃತ್ತಾಕಾರದ ಮಚ್ಚೆಗಳು. ಕ್ಲೋರೋಥಲೋನಿಲ್ ಅಥವಾ ಮ್ಯಾಂಕೊಜೆಬ್ ಸಿಂಪಡಿಸಿ. ಹೊಲವನ್ನು ಸ್ವಚ್ಛವಾಗಿಡಿ ಮತ್ತು ಬೇಸಿಗೆಯಲ್ಲಿ ಮಣ್ಣು ಮಗುಚಿ ಹಾಕಿ.
ಬದನೆ,ಸಸಿ ಕೊಳೆತ (Damping Off),ಪೈಥಿಯಂ ಪ್ರಭೇದ,ನರ್ಸರಿಯಲ್ಲಿ ಸಸಿಗಳ ಬುಡ ಕೊಳೆತು ಸಾಯುತ್ತವೆ. ಟ್ರೈಕೋಡರ್ಮಾ ಬಳಸಿ ಬೀಜೋಪಚಾರ ಮಾಡಿ. ರೋಗ ಕಂಡರೆ ಕಾಪರ್ ಆಕ್ಸಿಕ್ಲೋರೈಡ್ ದ್ರಾವಣವನ್ನು ಮಣ್ಣಿಗೆ ಸುರಿಯಿರಿ.
ಬದನೆ,ಬೂದಿ ರೋಗ (Powdery Mildew),ಲೆವೆಲ್ಲುಲಾ ಟೌರಿಕಾ,"ಎಲೆ ಕೆಳಗೆ ಬಿಳಿ ಪುಡಿ, ಮೇಲೆ ಹಳದಿ ಮಚ್ಚೆ. ಗಂಧಕ (3g/L) ಅಥವಾ ಹೆಕ್ಸಾಕೊನಜೋಲ್ ಸಿಂಪಡಿಸಿ. ಅಡುಗೆ ಸೋಡಾ ಮಿಶ್ರಿತ ನೀರನ್ನು ಬಳಸಬಹುದು."
ಬದನೆ,ಮೊಸಾಯಿಕ್ ವೈರಸ್,ಮೊಸಾಯಿಕ್ ವೈರಸ್,ಎಲೆಗಳು ವಿಕಾರವಾಗಿ ಹಸಿರು-ಹಳದಿ ಮಚ್ಚೆ ಮೂಡುತ್ತವೆ. ಅಫಿಡ್ಸ್ ಹತೋಟಿಗೆ ಹಳದಿ ಅಂಟು ಬಲೆ ಮತ್ತು ಇಮಿಡಾಕ್ಲೋಪ್ರಿಡ್ ಬಳಸಿ. ರೋಗವಿರುವ ಗಿಡ ನಾಶಪಡಿಸಿ.
ಬದನೆ,ಫ್ಯುಸೇರಿಯಂ ಬಾಡು ರೋಗ,ಫ್ಯುಸೇರಿಯಂ ಸೊಲಾನಿ,ಕೆಳಗಿನ ಎಲೆ ಹಳದಿಯಾಗಿ ಗಿಡ ಒಣಗುತ್ತದೆ. ಕಾರ್ಬನ್ ಡೈಜಿಮ್‌ನಿಂದ ಮಣ್ಣು ನೆನೆಸಿ. ಮಣ್ಣಿಗೆ ಟ್ರೈಕೋಡರ್ಮಾ ಜೈವಿಕ ಗೊಬ್ಬರ ಸೇರಿಸಿ.
ಬದನೆ,ಬೇರು ಗಂಟು ಜಂತುಹುಳು,ಮೆಲೋಯಿಡೋಗೈನೆ ಪ್ರಭೇದ,ಬೇರುಗಳಲ್ಲಿ ಗಂಟುಗಳಾಗಿ ಗಿಡ ಸೊರಗುತ್ತದೆ. ಸಾಲುಗಳ ಮಧ್ಯೆ ಚೆಂಡುಹೂ ಬೆಳೆಸಿ. ಮಣ್ಣಿಗೆ ಬೇವಿನ ಹಿಂಡಿ (250kg/acre) ಬಳಸಿ.
ಬದನೆ,ಬುಡ ಕೊಳೆತ (Collar Rot),ಸ್ಕ್ಲೆರೋಶಿಯಂ ರಾಲ್ಫಿಸೈ,ಬುಡದಲ್ಲಿ ಬಿಳಿ ಬೂಸಲು ಕಾಣುತ್ತದೆ. ಕಾಪರ್ ಆಕ್ಸಿಕ್ಲೋರೈಡ್ ಸಿಂಪಡಿಸಿ. ಬೇಸಿಗೆಯಲ್ಲಿ ಮಣ್ಣನ್ನು ಪ್ಲಾಸ್ಟಿಕ್‌ನಿಂದ ಮುಚ್ಚಿ ಸೌರ ಉಪಚಾರ ಮಾಡಿ.
ಬದನೆ,ಹಣ್ಣು ಕೊಳೆತ (Phyllosticta),ಫೈಲೋಸ್ಟಿಕ್ಟಾ ಹಾರ್ಟೋರಮ್,ಹಣ್ಣಿನ ಮೇಲೆ ಬಿಳಿ ಚುಕ್ಕೆ ಬಂದು ಕೊಳೆಯುತ್ತದೆ. ಮ್ಯಾಂಕೊಜೆಬ್ (2g/L) ಸಿಂಪಡಿಸಿ. ಮಳೆಗಾಲದಲ್ಲಿ ಹಣ್ಣುಗಳು ಒದ್ದೆಯಾಗದಂತೆ ಹನಿ ನೀರಾವರಿ ಬಳಸಿ.
ಬದನೆ,ಕುಬ್ಜ ವೈರಸ್ (Dwarf Virus),ಲಿಟಲ್ ಲೀಫ್ ಫೈಟೋಪ್ಲಾಸ್ಮಾ,ಗಿಡ ಅತಿ ಕುಳ್ಳಗೆ ಬೆಳೆಯುತ್ತದೆ. ಕೀಟಗಳ ನಿಯಂತ್ರಣ ಮಾಡಿ ಮತ್ತು ಹಳೆಯ ರೋಗವಿರುವ ಹೊಲದ ಹತ್ತಿರ ನಾಟಿ ಮಾಡಬೇಡಿ.
ಬದನೆ,ಹಣ್ಣು ಸೀಳುವುದು,ದೈಹಿಕ ವಿಕೋಪ,ಬೋರಾನ್ ಕೊರತೆ ಅಥವಾ ನೀರಿನ ವ್ಯತ್ಯಾಸದಿಂದ ಆಗುತ್ತದೆ. ಮಣ್ಣಿನ ತೇವಾಂಶ ಕಾಪಾಡಿ. ಹೂ ಬಿಡುವಾಗ ಬೋರಾಕ್ಸ್ (2g/L) ಸಿಂಪಡಿಸಿ.
ಹಾಗಲಕಾಯಿ,ಡೌನಿ ಮಿಲ್ಡ್ಯೂ,ಸ್ಯೂಡೋಪೆರೋನೋಸ್ಪೋರಾ ಕ್ಯೂಬೆನ್ಸಿಸ್,"ಎಲೆ ಮೇಲೆ ಹಳದಿ ಚುಕ್ಕೆ, ಕೆಳಗೆ ಬೂದು ಬಣ್ಣದ ಬೂಸಲು. ಮೆಟಾಲ್ಯಾಕ್ಸಿಲ್ + ಮ್ಯಾಂಕೊಜೆಬ್ ಬಳಸಿ. ಬಳ್ಳಿಯನ್ನು ಚಪ್ಪರದ ಮೇಲೆ ಬೆಳೆಸುವುದು ಉತ್ತಮ."
ಹಾಗಲಕಾಯಿ,ಬೂದಿ ರೋಗ (Powdery Mildew),ಎರಿಸೈಫಿ ಸಿಕೋರಾಸಿಯಾರಮ್,ಎಲೆಗಳ ಎರಡು ಬದಿಯಲ್ಲಿ ಬಿಳಿ ಪುಡಿ. ಗಂಧಕ ಅಥವಾ ಕಾರ್ಬನ್ ಡೈಜಿಮ್ ಸಿಂಪಡಿಸಿ. ಕಳೆ ಮುಕ್ತವಾಗಿ ಹೊಲವನ್ನು ಇಟ್ಟುಕೊಳ್ಳಿ.
ಹಾಗಲಕಾಯಿ,ಮೊಸಾಯಿಕ್ ವೈರಸ್,ಕುಕುಂಬರ್ ಮೊಸಾಯಿಕ್ ವೈರಸ್,ಎಲೆ ಮುದುಡುವುದು ಮತ್ತು ಹಳದಿ ಮಚ್ಚೆ. ಅಫಿಡ್ಸ್ ಹತೋಟಿಗೆ ಬೇವಿನ ಎಣ್ಣೆ ಬಳಸಿ. ರೋಗವಿರುವ ಬಳ್ಳಿಯನ್ನು ಕಿತ್ತು ಹೂತು ಹಾಕಿ.
ಹಾಗಲಕಾಯಿ,ಫ್ಯುಸೇರಿಯಂ ಬಾಡು ರೋಗ,ಫ್ಯುಸೇರಿಯಂ ಆಕ್ಸಿಸ್ಪೋರಮ್,ಬಳ್ಳಿ ಹಠಾತ್ತನೆ ಒಣಗುತ್ತದೆ. ಕಾರ್ಬನ್ ಡೈಜಿಮ್‌ನಿಂದ ಮಣ್ಣು ನೆನೆಸಿ. ಮಣ್ಣಿಗೆ ಟ್ರೈಕೋಡರ್ಮಾ (2kg/acre) ಜೈವಿಕ ಗೊಬ್ಬರ ಬೆರೆಸಿ.
ಹಾಗಲಕಾಯಿ,ಹಣ್ಣು ಕೊಳೆತ (Belly Rot),ರೈಜೋಕ್ಟೋನಿಯಾ ಸೊಲಾನಿ,ಮಣ್ಣಿಗೆ ತಾಗುವ ಹಣ್ಣು ಕೊಳೆಯುತ್ತದೆ. ಮ್ಯಾಂಕೊಜೆಬ್ ಅಥವಾ ಕಾಪರ್ ಆಕ್ಸಿಕ್ಲೋರೈಡ್ ಸಿಂಪಡಿಸಿ. ಬಳ್ಳಿಯನ್ನು ಚಪ್ಪರ ಅಥವಾ ಕಡ್ಡಿಗಳಿಗೆ ಹಬ್ಬಿಸಿ.
ಹಾಗಲಕಾಯಿ,ಕೋನೀಯ ಎಲೆ ಚುಕ್ಕೆ,ಸ್ಯೂಡೋಮೋನಾಸ್ ಸಿರಿಂಗೆ,ಎಲೆ ನರಗಳ ನಡುವೆ ಚೌಕಾಕಾರದ ಚುಕ್ಕೆ. ಸ್ಟ್ರೆಪ್ಟೋಸೈಕ್ಲಿನ್ (1g) + ಕಾಪರ್ ಆಕ್ಸಿಕ್ಲೋರೈಡ್ (20g) ಬಳಸಿ. ಹನಿ ನೀರಾವರಿ ಉತ್ತಮ.
ಹಾಗಲಕಾಯಿ,ಸರ್ಕೋಸ್ಪೊರಾ ಎಲೆ ಮಚ್ಚೆ,ಸರ್ಕೋಸ್ಪೊರಾ ಸಿಟ್ರುಲಿನಾ,ಎಲೆ ಮೇಲೆ ಬೂದು ಮಧ್ಯಭಾಗವಿರುವ ಚುಕ್ಕೆ. ಮ್ಯಾಂಕೊಜೆಬ್ ಅಥವಾ ಕ್ಲೋರೋಥಲೋನಿಲ್ ಸಿಂಪಡಿಸಿ. ಗಾಳಿಯಾಡಲು ಕೆಳಗಿನ ಎಲೆಗಳನ್ನು ಕತ್ತರಿಸಿ.
ಹಾಗಲಕಾಯಿ,ಅಂತ್ರಾಕ್ನೋಸ್ (Anthracnose),ಕೊಲೆಟೊಟ್ರೈಕಮ್ ಆರ್ಬಿಕ್ಯುಲೇರ್,ಹಣ್ಣಿನ ಮೇಲೆ ತಗ್ಗು ಬಿದ್ದ ಕಪ್ಪು ಚುಕ್ಕೆ. ಪ್ರೊಪಿಕೊನಜೋಲ್ ಅಥವಾ ಕಾರ್ಬನ್ ಡೈಜಿಮ್ ಸಿಂಪಡಿಸಿ. ಬಿತ್ತನೆ ಮುನ್ನ ಥೈರಾಮ್‌ನಿಂದ ಬೀಜೋಪಚಾರ ಮಾಡಿ.
ಹಾಗಲಕಾಯಿ,ವಿಚಸ್ ಬ್ರೂಮ್ (Witches' Broom),ಫೈಟೋಪ್ಲಾಸ್ಮಾ,ಬಳ್ಳಿಯಲ್ಲಿ ಕಸಬರಿಕೆಯಂತೆ ನೂರಾರು ಸಣ್ಣ ಎಲೆ ಬರುತ್ತವೆ. ಬಳ್ಳಿಯನ್ನು ತಕ್ಷಣ ಕಿತ್ತುಹಾಕಿ. ಜಿಗಿನೊಣಗಳ ನಿಯಂತ್ರಣಕ್ಕೆ ಡಿಮೆಥೋಯೇಟ್ ಬಳಸಿ.
ಹಾಗಲಕಾಯಿ,ಹಳದಿ ನರ ಮೊಸಾಯಿಕ್,ಯೆಲ್ಲೋ ವೇನ್ ಮೊಸಾಯಿಕ್ ವೈರಸ್,ಎಲೆ ನರಗಳು ಹಳದಿಯಾಗುತ್ತವೆ. ಬಿಳಿ ನೊಣಗಳ ಹತೋಟಿಗೆ ಅಸಿಟಾಮಿಪ್ರಿಡ್ (0.4g/L) ಮತ್ತು ಹಳದಿ ಅಂಟು ಬಲೆ ಬಳಸಿ.
ಹಾಗಲಕಾಯಿ,ಸ್ಕ್ಯಾಬ್ ರೋಗ (Scab),ಕ್ಲಾಡೋಸ್ಪೊರಿಯಂ ಕುಕುಮೆರಿನಮ್,ಎಲೆ ಮೇಲೆ ರಂಧ್ರ ಮತ್ತು ಹಣ್ಣಿನ ಮೇಲೆ ಕಲೆ. ಮ್ಯಾಂಕೊಜೆಬ್ ಅಥವಾ ಕ್ಲೋರೋಥಲೋನಿಲ್ ಸಿಂಪಡಿಸಿ. ಚಳಿಗಾಲದಲ್ಲಿ ಬೇಗನೆ ನಾಟಿ ಮಾಡಬೇಡಿ.
ಹಾಗಲಕಾಯಿ,ಅಲ್ಟರ್ನೇರಿಯಾ ಅಂಗಮಾರಿ,ಆಲ್ಟರ್ನೇರಿಯಾ ಕುಕುಮೆರಿನಾ,ಎಲೆ ಮೇಲೆ ಕಂದು ವೃತ್ತಾಕಾರದ ಮಚ್ಚೆ. ಮ್ಯಾಂಕೊಜೆಬ್ ಅಥವಾ ಇಪ್ರೋಡಿಯೋನ್ ಸಿಂಪಡಿಸಿ. ಗಿಡಕ್ಕೆ ಸರಿಯಾದ ಪೊಟ್ಯಾಶ್ ಗೊಬ್ಬರ ನೀಡಿ.
ಹಾಗಲಕಾಯಿ,ಬೇರು ಗಂಟು ಜಂತುಹುಳು,ಮೆಲೋಯಿಡೋಗೈನೆ ಪ್ರಭೇದ,ಗಿಡ ಹಳದಿಯಾಗಿ ಕುಂಠಿತವಾಗುತ್ತದೆ. ಸಾಲುಗಳ ಮಧ್ಯೆ ಚೆಂಡುಹೂ ಬೆಳೆಸಿ. ಮಣ್ಣಿಗೆ ಬೇವಿನ ಹಿಂಡಿ ಮತ್ತು ಜೈವಿಕ ಏಜೆಂಟ್ ಪರ್ಪ್ಯುರಿಯೊಸಿಲಿಯಂ ಬಳಸಿ.
ಹಾಗಲಕಾಯಿ,ಸಸಿ ಕೊಳೆತ (Damping Off),ಪೈಥಿಯಂ ಪ್ರಭೇದ,ಸಸಿಗಳ ಬುಡ ಕೊಳೆತು ಸಾಯುತ್ತವೆ. ಟ್ರೈಕೋಡರ್ಮಾ (10g/kg) ನಿಂದ ಬೀಜೋಪಚಾರ ಮಾಡಿ. ನರ್ಸರಿಯಲ್ಲಿ ಅತಿಯಾದ ನೀರು ಹರಿಸಬೇಡಿ.
ಬೀಟ್‌ರೂಟ್,ಸರ್ಕೋಸ್ಪೊರಾ ಎಲೆ ಮಚ್ಚೆ,ಸರ್ಕೋಸ್ಪೊರಾ ಕ್ಯಾರೋಟೆ,ಎಲೆ ಮೇಲೆ ಬೂದು ಮಧ್ಯಭಾಗ ಮತ್ತು ನೇರಳೆ ಅಂಚಿನ ಚುಕ್ಕೆಗಳು. ಮ್ಯಾಂಕೊಜೆಬ್ ಅಥವಾ ಕಾರ್ಬನ್ ಡೈಜಿಮ್ ಸಿಂಪಡಿಸಿ. ಗಿಡಗಳ ನಡುವೆ ಸರಿಯಾದ ಅಂತರವಿರಲಿ.
ಬೀಟ್‌ರೂಟ್,ಅಲ್ಟರ್ನೇರಿಯಾ ಎಲೆ ಮಚ್ಚೆ,ಆಲ್ಟರ್ನೇರಿಯಾ ಡಾಸಿ,ಎಲೆ ಮೇಲೆ ಕಪ್ಪು ವೃತ್ತಾಕಾರದ ಚುಕ್ಕೆಗಳು. ಕ್ಲೋರೋಥಲೋನಿಲ್ ಅಥವಾ ಕಾಪರ್ ಆಕ್ಸಿಕ್ಲೋರೈಡ್ ಸಿಂಪಡಿಸಿ. ಮಣ್ಣಿಗೆ ಪೊಟ್ಯಾಶ್ ಗೊಬ್ಬರ ನೀಡಿ.
ಬೀಟ್‌ರೂಟ್,ಡೌನಿ ಮಿಲ್ಡ್ಯೂ,ಪ್ಲಾಸ್ಮೋಪಾರಾ ಕ್ರಸ್ಟೋಸಾ,"ಎಲೆ ಮೇಲೆ ಹಳದಿ ಮಚ್ಚೆ, ಕೆಳಗೆ ಬೂದು ಬೂಸಲು. ಮೆಟಾಲ್ಯಾಕ್ಸಿಲ್ + ಮ್ಯಾಂಕೊಜೆಬ್ ಬಳಸಿ. ಈರುಳ್ಳಿ ಅಥವಾ ಕ್ಯಾರೆಟ್ ಜೊತೆ ಬೆಳೆ ಪರಿವರ್ತನೆ ಮಾಡಿ."
ಬೀಟ್‌ರೂಟ್,ಬೂದಿ ರೋಗ (Powdery Mildew),ಎರಿಸೈಫಿ ಹೆರಾಕ್ಲೈ,ಎಲೆಗಳ ಎರಡು ಬದಿ ಬಿಳಿ ಪುಡಿ. ಗಂಧಕ (Sulfur) ಸಿಂಪಡಿಸಿ. ಸಾರಜನಕ (Urea) ಗೊಬ್ಬರವನ್ನು ಅತಿಯಾಗಿ ಬಳಸಬೇಡಿ.
ಬೀಟ್‌ರೂಟ್,ಮೊಸಾಯಿಕ್ ವೈರಸ್,ಮೊಸಾಯಿಕ್ ವೈರಸ್,ಎಲೆಗಳ ಮೇಲೆ ಹಸಿರು-ಹಳದಿ ಮಚ್ಚೆ. ಅಫಿಡ್ಸ್ ಕೀಟಗಳ ಹತೋಟಿಗೆ ಹಳದಿ ಅಂಟು ಬಲೆ ಮತ್ತು ಬೇವಿನ ಎಣ್ಣೆ ಬಳಸಿ. ರೋಗವಿರುವ ಗಿಡ ಕಿತ್ತು ಹೂತು ಹಾಕಿ.
ಬೀಟ್‌ರೂಟ್,ಬ್ಯಾಕ್ಟೀರಿಯಾ ಎಲೆ ಚುಕ್ಕೆ,ಜಾಂಥೋಮೋನಾಸ್ ಕ್ಯಾಂಪೆಸ್ಟ್ರಿಸ್,ನೀರಿನಂತ ಕಪ್ಪು ಚುಕ್ಕೆಗಳು. ಸ್ಟ್ರೆಪ್ಟೋಸೈಕ್ಲಿನ್ ಮತ್ತು ಕಾಪರ್ ಆಕ್ಸಿಕ್ಲೋರೈಡ್ ಬಳಸಿ. ಗಿಡ ಒದ್ದೆಯಿದ್ದಾಗ ಕೆಲಸ ಮಾಡಬೇಡಿ.
ಬೀಟ್‌ರೂಟ್,ಫೋಮಾ ಎಲೆ ಮಚ್ಚೆ,ಫೋಮಾ ರೋಸ್ಟ್ರುಪಿ,ಎಲೆ ಮೇಲೆ ಕಂದು ಚುಕ್ಕೆ ಮತ್ತು ಕಪ್ಪು ಚುಕ್ಕೆಗಳು. ಇದು ಬೋರಾನ್ ಕೊರತೆಯ ಸಂಕೇತ. ಮಣ್ಣಿಗೆ ಬೋರಾಕ್ಸ್ (10kg/acre) ಬಳಸಿ.
ಬೀಟ್‌ರೂಟ್,ಕರ್ಲಿ ಟಾಪ್ ವೈರಸ್,ಬೀಟ್ ಕರ್ಲಿ ಟಾಪ್ ವೈರಸ್,ಎಲೆಗಳು ಮೇಲಕ್ಕೆ ಮುದುಡಿ ನೇರಳೆ ಬಣ್ಣಕ್ಕೆ ತಿರುಗುತ್ತವೆ. ಜಿಗಿನೊಣಗಳ ನಿಯಂತ್ರಣಕ್ಕೆ ಡಿಮೆಥೋಯೇಟ್ ಸಿಂಪಡಿಸಿ.
ಬೀಟ್‌ರೂಟ್,ತುಕ್ಕು ರೋಗ (Rust),ಯುರೋಮೈಸಿಸ್ ಪ್ರಭೇದ,ಎಲೆ ಕೆಳಗೆ ಕಿತ್ತಳೆ ಬಣ್ಣದ ಪುಡಿ ಗುಳ್ಳೆಗಳು. ಮ್ಯಾಂಕೊಜೆಬ್ ಅಥವಾ ಪ್ರೊಪಿಕೊನಜೋಲ್ ಸಿಂಪಡಿಸಿ. ಹೊಲದಲ್ಲಿ ಕಳೆಗಳನ್ನು ತೆಗೆಯಿರಿ.
ಬೀಟ್‌ರೂಟ್,ರಾಮುಲೇರಿಯಾ ಎಲೆ ಮಚ್ಚೆ,ರಾಮುಲೇರಿಯಾ ಪ್ರಭೇದ,ಎಲೆ ಮೇಲೆ ಬಿಳಿ ಮಧ್ಯಭಾಗವಿರುವ ಅನಿಯಮಿತ ಚುಕ್ಕೆ. ಕಾರ್ಬನ್ ಡೈಜಿಮ್ ಸಿಂಪಡಿಸಿ. ಕೊಯ್ಲಿನ ನಂತರ ಹಳೆಯ ಕಸ ಸುಟ್ಟು ಹಾಕಿ.
ಬೀಟ್‌ರೂಟ್,ಸಸಿ ಕೊಳೆತ (Damping Off),ಪೈಥಿಯಂ ಪ್ರಭೇದ,ಸಣ್ಣ ಸಸಿಗಳ ಬುಡ ಕೊಳೆತು ಸಾಯುತ್ತವೆ. ಟ್ರೈಕೋಡರ್ಮಾ ಬಳಸಿ ಬೀಜೋಪಚಾರ ಮಾಡಿ. ಎತ್ತರಿಸಿದ ಪಾತಿಗಳಲ್ಲಿ ಬಿತ್ತನೆ ಮಾಡಿ.
ಬೀಟ್‌ರೂಟ್,ವರ್ಟಿಸಿಲಿಯಂ ಬಾಡು ರೋಗ,ವರ್ಟಿಸಿಲಿಯಂ ಪ್ರಭೇದ,ಹೊರಗಿನ ಎಲೆ ಹಳದಿಯಾಗಿ ಬಾಡುತ್ತದೆ. ಜೋಳ ಅಥವಾ ಗೋಧಿಯ ಜೊತೆ ಬೆಳೆ ಪರಿವರ್ತನೆ ಮಾಡಿ. ಬೇಸಿಗೆಯಲ್ಲಿ ಮಣ್ಣಿನ ಸೌರ ಉಪಚಾರ ಮಾಡಿ.
ಬೀಟ್‌ರೂಟ್,ಹಳದಿ ವೈರಸ್,ಯೆಲ್ಲೋಸ್ ವೈರಸ್,ಎಲೆಗಳು ದಪ್ಪವಾಗಿ ಹಳದಿಯಾಗುತ್ತವೆ. ಅಫಿಡ್ಸ್ ಹತೋಟಿಗೆ ಥಿಯಾಮೆಥಾಕ್ಸಮ್ ಸಿಂಪಡಿಸಿ. ಬದುಗಳ ಮೇಲಿನ ಕಳೆ ಕಿತ್ತುಹಾಕಿ.
ಕ್ಯಾರೆಟ್,ಅಲ್ಟರ್ನೇರಿಯಾ ಅಂಗಮಾರಿ,ಆಲ್ಟರ್ನೇರಿಯಾ ಡಾಸಿ,ಎಲೆ ಅಂಚು ಸುಟ್ಟಂತೆ ಕಪ್ಪಾಗುತ್ತದೆ. ಮ್ಯಾಂಕೊಜೆಬ್ ಅಥವಾ ಕಾಪರ್ ಆಕ್ಸಿಕ್ಲೋರೈಡ್ ಬಳಸಿ. ಈರುಳ್ಳಿ ಅಥವಾ ಬೆಳ್ಳುಳ್ಳಿ ಜೊತೆ ಬೆಳೆ ಪರಿವರ್ತನೆ ಮಾಡಿ.
ಕ್ಯಾರೆಟ್,ಸರ್ಕೋಸ್ಪೊರಾ ಅಂಗಮಾರಿ,ಸರ್ಕೋಸ್ಪೊರಾ ಕ್ಯಾರೋಟೆ,ಎಳೆ ಎಲೆಗಳ ಮೇಲೆ ಬೂದು ಮಚ್ಚೆ. ಕ್ಲೋರೋಥಲೋನಿಲ್ ಸಿಂಪಡಿಸಿ. ಬಿತ್ತನೆ ಮುನ್ನ 50°C ಬಿಸಿ ನೀರಿನಲ್ಲಿ 20 ನಿಮಿಷ ಬೀಜೋಪಚಾರ ಮಾಡಿ.
ಕ್ಯಾರೆಟ್,ಬ್ಯಾಕ್ಟೀರಿಯಾ ಅಂಗಮಾರಿ,ಜಾಂಥೋಮೋನಾಸ್ ಕ್ಯಾಂಪೆಸ್ಟ್ರಿಸ್,"ಎಲೆ ಮೇಲೆ ಹಳದಿ ಚುಕ್ಕೆಗಳು, ಕೆಳಗೆ ಹೊಳಪು ಕಾಣುತ್ತದೆ. ಸ್ಟ್ರೆಪ್ಟೋಸೈಕ್ಲಿನ್ ಬಳಸಿ. ಹನಿ ನೀರಾವರಿ ಬಳಸಿ ಎಲೆ ಒದ್ದೆಯಾಗದಂತೆ ನೋಡಿ."
ಕ್ಯಾರೆಟ್,ಬೂದಿ ರೋಗ (Powdery Mildew),ಎರಿಸೈಫಿ ಹೆರಾಕ್ಲೈ,ಎಲೆ ಮತ್ತು ಕಾಂಡದ ಮೇಲೆ ಬಿಳಿ ಪುಡಿ. ಗಂಧಕ ಅಥವಾ ಹೆಕ್ಸಾಕೊನಜೋಲ್ ಸಿಂಪಡಿಸಿ. ಅಡುಗೆ ಸೋಡಾ ಮಿಶ್ರಿತ ನೀರನ್ನು ಬಳಸಬಹುದು.
ಕ್ಯಾರೆಟ್,ಆಸ್ಟರ್ ಹಳದಿ ರೋಗ,ಆಸ್ಟರ್ ಯೆಲ್ಲೋಸ್ (ಫೈಟೋಪ್ಲಾಸ್ಮಾ),ಎಲೆಗಳು ಹಳದಿಯಾಗಿ ಗಿಡ ಕುಂಚದಂತಾಗುತ್ತದೆ. ಬೇರುಗಳಿಗೆ ಸಣ್ಣ ಕೂದಲು ಬರುತ್ತವೆ. ಜಿಗಿನೊಣಗಳ ನಿಯಂತ್ರಣಕ್ಕೆ ಬೇವಿನ ಎಣ್ಣೆ ಸಿಂಪಡಿಸಿ.
ಕ್ಯಾರೆಟ್,ಬಿಳಿ ಬೂಸಲು ಕೊಳೆತ,ಸ್ಕ್ಲೆರೋಟಿನಿಯಾ ಸ್ಕ್ಲೆರೋಟಿಯೋರಮ್,ಬುಡದಲ್ಲಿ ಬಿಳಿ ಹತ್ತಿಯಂತ ಬೂಸಲು. ಕಾರ್ಬನ್ ಡೈಜಿಮ್ ಸಿಂಪಡಿಸಿ. ಬೇಸಿಗೆಯಲ್ಲಿ ಮಣ್ಣಿನ ಸೌರ ಉಪಚಾರ (Solarization) ಮಾಡಿ.
ಕ್ಯಾರೆಟ್,ಸಸಿ ಕೊಳೆತ (Damping Off),ಪೈಥಿಯಂ ಪ್ರಭೇದ,ಸಸಿಗಳು ನೆಲಕ್ಕೆ ಉರುಳಿ ಸಾಯುತ್ತವೆ. ಟ್ರೈಕೋಡರ್ಮಾ ಅಥವಾ ಕ್ಯಾಪ್ಟನ್‌ನಿಂದ ಬೀಜೋಪಚಾರ ಮಾಡಿ. ಮಣ್ಣು ಅತಿಯಾಗಿ ಒದ್ದೆಯಾಗದಂತೆ ನೋಡಿ.
ಕ್ಯಾರೆಟ್,ಬೇರು ಗಂಟು ಜಂತುಹುಳು,ಮೆಲೋಯಿಡೋಗೈನೆ ಪ್ರಭೇದ,ಬೇರುಗಳು ಸೀಳುತ್ತವೆ ಅಥವಾ ಗಂಟಾಗುತ್ತವೆ. ಸಾಲುಗಳ ಮಧ್ಯೆ ಚೆಂಡುಹೂ ಬೆಳೆಸಿ. ಮಣ್ಣಿಗೆ ಬೇವಿನ ಹಿಂಡಿ (250kg/acre) ಬಳಸಿ.
ಕ್ಯಾರೆಟ್,ಕ್ಯಾವಿಟಿ ಸ್ಪಾಟ್,ಪೈಥಿಯಂ ಪ್ರಭೇದ,ಬೇರಿನ ಮೇಲೆ ತಗ್ಗು ಬಿದ್ದ ಬೂದು ಮಚ್ಚೆಗಳು. ಹೊಲದಲ್ಲಿ ನೀರು ನಿಲ್ಲದಂತೆ ನೋಡಿ. ಅತಿಯಾದ ಸಾರಜನಕ ಬಳಕೆ ಮಾಡಬೇಡಿ.
ಕ್ಯಾರೆಟ್,ಕಪ್ಪು ಕೊಳೆತ,ಆಲ್ಟರ್ನೇರಿಯಾ ರಾಡಿಸಿನಾ,ಸಸಿ ಕೊಳೆತ ಮತ್ತು ಬೇರಿನ ಬುಡದಲ್ಲಿ ಕಪ್ಪು ಮಚ್ಚೆ. ಬಿತ್ತನೆ ಮುನ್ನ ಬಿಸಿ ನೀರಿನಲ್ಲಿ ಬೀಜೋಪಚಾರ ಮಾಡಿ. 3-4 ವರ್ಷ ಬೆಳೆ ಪರಿವರ್ತನೆ ಮಾಡಿ.
ಕ್ಯಾರೆಟ್,ಬ್ಯಾಕ್ಟೀರಿಯಾ ಮೆದು ಕೊಳೆತ,ಪೆಕ್ಟೋಬ್ಯಾಕ್ಟೀರಿಯಂ ಕ್ಯಾರೋಟೋವೋರಮ್,ಬೇರು ಮೆತ್ತಗಾಗಿ ಕೆಟ್ಟ ವಾಸನೆ ಬರುತ್ತದೆ. ಕೊಯ್ಲು ಮಾಡುವಾಗ ಗಾಯವಾಗದಂತೆ ನೋಡಿ. ದಾಸ್ತಾನು ಮಾಡುವ ಮುನ್ನ ಕೆಟ್ಟ ಕ್ಯಾರೆಟ್ ತೆಗೆಯಿರಿ.
ಕ್ಯಾರೆಟ್,ರಸ್ಟ್ ಫ್ಲೈ ಬಾಧೆ,ಸಿಲಾ ರೋಸೆ,ಬೇರುಗಳಲ್ಲಿ ಕೆಂಪು-ಕಂದು ಬಣ್ಣದ ಹುಳು ಹಾದಿಗಳು. ಹೊಲದಲ್ಲಿ ಒಂದೇ ಬಾರಿಗೆ ಎಲ್ಲವನ್ನೂ ಕೊಯ್ಲು ಮಾಡಿ. ಬೇಸಿಗೆಯಲ್ಲಿ ಮಣ್ಣು ಮಗುಚಿ ಹಾಕಿ.
ಕ್ಯಾರೆಟ್,ಸಾಮಾನ್ಯ ಕಜ್ಜಿ ರೋಗ,ಸ್ಟ್ರೆಪ್ಟೋಮೈಸಿಸ್ ಸ್ಕ್ಯಾಬೀಸ್,ಚರ್ಮದ ಮೇಲೆ ಒರಟಾದ ಕಲೆಗಳು. ಮಣ್ಣಿನಲ್ಲಿ ತೇವಾಂಶ ಕಾಪಾಡಿ. ಹಸಿ ಸಗಣಿ ಗೊಬ್ಬರವನ್ನು ನೇರವಾಗಿ ಬಳಸಬೇಡಿ.
ಕ್ಯಾರೆಟ್,ಕಪ್ಪು ಬೇರು ಕೊಳೆತ,ಥಿಯಲವಿಯೋಪ್ಸಿಸ್ ಬೇಸಿಕೋಲಾ,ದಾಸ್ತಾನು ಸಮಯದಲ್ಲಿ ಕಪ್ಪು ಮಚ್ಚೆಗಳು. ಕೊಯ್ಲಿನ ನಂತರ ಕ್ಯಾರೆಟ್ ಅನ್ನು 5°C ಗಿಂತ ಕಡಿಮೆ ತಾಪಮಾನದಲ್ಲಿ ಇಡಿ. ಗಾಳಿಯಾಡುವಂತೆ ನೋಡಿ.
ಕ್ಯಾರೆಟ್,ಮಾಟ್ಲಿ ಕುಬ್ಜ ವೈರಸ್,ಮಾಟ್ಲಿ ಡ್ವಾರ್ಫ್ ವೈರಸ್,ಎಲೆಗಳು ಕೆಂಪು ಅಥವಾ ಹಳದಿಯಾಗುತ್ತವೆ. ಅಫಿಡ್ಸ್ ಹತೋಟಿಗೆ ಹಳದಿ ಅಂಟು ಬಲೆ ಮತ್ತು ಡಿಮೆಥೋಯೇಟ್ ಬಳಸಿ.
ಕ್ಯಾರೆಟ್,ಲೈಕೋರಿಸ್ ಕೊಳೆತ,ಮೈಕೋಸೆಂಟ್ರೋಸ್ಪೋರಾ ಅಸೆರಿನಾ,ದಾಸ್ತಾನು ಸಮಯದಲ್ಲಿ ಕಪ್ಪು ನೀರಿನಂತ ಮಚ್ಚೆ. ಒಣ ಹವಾಮಾನದಲ್ಲಿ ನಾಟಿ ಮಾಡಿ. ದಾಸ್ತಾನು ಮುನ್ನ ಕ್ಯಾರೆಟ್ ಸರಿಯಾಗಿ ಒಣಗಿಸಿ.
ಹೂಕೋಸು,ಬ್ಯಾಕ್ಟೀರಿಯಾ ಕಪ್ಪು ಕೊಳೆತ,ಜಾಂಥೋಮೋನಾಸ್ ಕ್ಯಾಂಪೆಸ್ಟ್ರಿಸ್,ಎಲೆ ಅಂಚಿನಲ್ಲಿ 'V' ಆಕಾರದ ಹಳದಿ ಮಚ್ಚೆ. ಸ್ಟ್ರೆಪ್ಟೋಸೈಕ್ಲಿನ್ (1g) + ಕಾಪರ್ ಆಕ್ಸಿಕ್ಲೋರೈಡ್ (20g) ಬಳಸಿ. ಬಿಸಿ ನೀರಿನಲ್ಲಿ ಬೀಜೋಪಚಾರ ಮಾಡಿ.
ಹೂಕೋಸು,ಡೌನಿ ಮಿಲ್ಡ್ಯೂ,ಪೆರೋನೋಸ್ಪೋರಾ ಪ್ಯಾರಾಸಿಟಿಕಾ,"ಎಲೆ ಮೇಲೆ ಹಳದಿ ಮಚ್ಚೆ, ಕೆಳಗೆ ಬಿಳಿ ಬೂಸಲು. ಮೆಟಾಲ್ಯಾಕ್ಸಿಲ್ + ಮ್ಯಾಂಕೊಜೆಬ್ ಸಿಂಪಡಿಸಿ. ನರ್ಸರಿಯಲ್ಲಿ ರೋಗ ಬರದಂತೆ ಜಾಗ್ರತೆ ವಹಿಸಿ."
ಹೂಕೋಸು,ಅಲ್ಟರ್ನೇರಿಯಾ ಎಲೆ ಮಚ್ಚೆ,ಆಲ್ಟರ್ನೇರಿಯಾ ಬ್ರಾಸಿಕೇ,ಎಲೆ ಮತ್ತು ಹೂವಿನ ಮೇಲೆ ಕಪ್ಪು ವೃತ್ತಾಕಾರದ ಮಚ್ಚೆ. ಮ್ಯಾಂಕೊಜೆಬ್ ಅಥವಾ ಕ್ಲೋರೋಥಲೋನಿಲ್ ಸಿಂಪಡಿಸಿ. ಹೊಲವನ್ನು ಸ್ವಚ್ಛವಾಗಿಡಿ.
ಹೂಕೋಸು,ಗಂಟು ಬೇರು (Clubroot),ಪ್ಲಾಸ್ಮೋಡಿಯೋಫೋರಾ ಬ್ರಾಸಿಕೇ,"ಹಗಲು ಬಾಡುವುದು, ಬೇರು ಗಂಟಾಗುವುದು. ಭೂಮಿ ಸಿದ್ಧತೆ ವೇಳೆ ಸುಣ್ಣ (Lime) ಬಳಸಿ. 3 ವರ್ಷ ಹೂಕೋಸು ಬೆಳೆಯಬೇಡಿ."
ಹೂಕೋಸು,ಬ್ಯಾಕ್ಟೀರಿಯಾ ಮೆದು ಕೊಳೆತ,ಪೆಕ್ಟೋಬ್ಯಾಕ್ಟೀರಿಯಂ ಕ್ಯಾರೋಟೋವೋರಮ್,ಹೂವು ಮೆತ್ತಗಾಗಿ ಕೆಟ್ಟ ವಾಸನೆ ಬರುತ್ತದೆ. ಕಾಪರ್ ಆಕ್ಸಿಕ್ಲೋರೈಡ್ ಸಿಂಪಡಿಸಿ. ಒಣ ಹವಾಮಾನದಲ್ಲಿ ಮಾತ್ರ ಕೊಯ್ಲು ಮಾಡಿ.
ಹೂಕೋಸು,ವಿಪ್-ಟೇಲ್ (Whiptail),ಮಾಲಿಬ್ಡಿನಮ್ ಕೊರತೆ,ಎಲೆಗಳು ದಾರದಂತೆ ಸಪೂರವಾಗುತ್ತವೆ. ಇದು ಮಾಲಿಬ್ಡಿನಮ್ ಕೊರತೆ. ಮಣ್ಣಿಗೆ ಸುಣ್ಣ ಹಾಕಿ ಮತ್ತು ಸೋಡಿಯಂ ಮಾಲಿಬ್ಡೇಟ್ (1g/L) ಸಿಂಪಡಿಸಿ.
ಹೂಕೋಸು,ಹೂವು ಕಂದಾಗುವುದು,ಬೋರಾನ್ ಕೊರತೆ,ಹೂವು ಕಂದು ಬಣ್ಣಕ್ಕೆ ತಿರುಗುತ್ತದೆ ಮತ್ತು ಕಾಂಡ ಪೊಳ್ಳಾಗುತ್ತದೆ. ಇದು ಬೋರಾನ್ ಕೊರತೆ. ಹೂ ಬಿಡುವಾಗ ಬೋರಾಕ್ಸ್ (2g/L) ಸಿಂಪಡಿಸಿ.
ಹೂಕೋಸು,ಸಸಿ ಕೊಳೆತ (Damping Off),ಪೈಥಿಯಂ ಪ್ರಭೇದ,ಸಸಿಗಳ ಬುಡ ಕೊಳೆತು ನೆಲಕ್ಕೆ ಉರುಳುತ್ತವೆ. ಟ್ರೈಕೋಡರ್ಮಾ ಬಳಸಿ ಬೀಜೋಪಚಾರ ಮಾಡಿ. ಎತ್ತರಿಸಿದ ಪಾತಿಗಳನ್ನು ಬಳಸಿ.
ಹೂಕೋಸು,ಸ್ಕ್ಲೆರೋಟಿನಿಯಾ ಕಾಂಡ ಕೊಳೆತ,ಸ್ಕ್ಲೆರೋಟಿನಿಯಾ ಸ್ಕ್ಲೆರೋಟಿಯೋರಮ್,ಹೂವಿನ ಬುಡದಲ್ಲಿ ಬಿಳಿ ಹತ್ತಿಯಂತ ಬೂಸಲು. ಕಾರ್ಬನ್ ಡೈಜಿಮ್ ಸಿಂಪಡಿಸಿ. ಗಿಡಗಳ ನಡುವೆ ಸರಿಯಾದ ಅಂತರವಿರಲಿ.
ಹೂಕೋಸು,ಬೂದಿ ರೋಗ (Powdery Mildew),ಎರಿಸೈಫಿ ಪಾಲಿಗೋನಿ,ಎಲೆ ಮೇಲೆ ಬಿಳಿ ಪುಡಿ. ಗಂಧಕ ಅಥವಾ ಡಿನೋಕ್ಯಾಪ್ ಸಿಂಪಡಿಸಿ. ಅತಿಯಾದ ಸಾರಜನಕ (Urea) ಗೊಬ್ಬರ ಬೇಡ.
ಹೂಕೋಸು,ಕಪ್ಪು ಕಾಲು ರೋಗ (Black Leg),ಫೋಮಾ ಲಿಂಗಮ್,ಬುಡದ ಕಾಂಡ ಕಪ್ಪಾಗಿ ಕೊಳೆಯುತ್ತದೆ. ಕಾರ್ಬನ್ ಡೈಜಿಮ್ (1g/L) ಸಿಂಪಡಿಸಿ. ರೋಗವಿಲ್ಲದ ಬಿತ್ತನೆ ಬೀಜ ಬಳಸಿ.
ಹೂಕೋಸು,ಮೊಸಾಯಿಕ್ ವೈರಸ್,ಕಾಲಿಫ್ಲವರ್ ಮೊಸಾಯಿಕ್ ವೈರಸ್,ಎಲೆಗಳ ಮೇಲೆ ಹಸಿರು-ಹಳದಿ ಮಚ್ಚೆ. ಅಫಿಡ್ಸ್ ಹತೋಟಿಗೆ ಬೇವಿನ ಎಣ್ಣೆ ಸಿಂಪಡಿಸಿ. ಸೋಂಕಿತ ಗಿಡಗಳನ್ನು ಕಿತ್ತು ಸುಟ್ಟು ಹಾಕಿ.
ಹೂಕೋಸು,ರೈಸಿ / ಫಜಿ ಹೂವು (Ricey),ದೈಹಿಕ ವಿಕೋಪ,ಹೂವು ಬಿಡಿಯಾಗಿ ಅಥವಾ ಕೂದಲು ಬಂದಂತೆ ಕಾಣುತ್ತದೆ. ಇದು ಅತಿ ಶಾಖ ಅಥವಾ ತಡವಾದ ಕೊಯ್ಲಿನಿಂದಾಗುತ್ತದೆ. ಹವಾಮಾನಕ್ಕೆ ತಕ್ಕ ತಳಿ ಬಳಸಿ.
ಹೂಕೋಸು,ಕುರುಡು ಗಿಡ (Blindness),ದೈಹಿಕ ವಿಕೋಪ,ಗಿಡದಲ್ಲಿ ಹೂವು ಬರುವುದಿಲ್ಲ. ಇದು ಕೀಟಗಳ ಬಾಧೆ ಅಥವಾ ಅತಿ ಚಳಿಯಿಂದಾಗುತ್ತದೆ. ಆರಂಭದಲ್ಲೇ ಡೈಮಂಡ್ ಬ್ಯಾಕ್ ಕೀಟದ ನಿಯಂತ್ರಣ ಮಾಡಿ.
ಹೂಕೋಸು,ಬಟನಿಂಗ್ (Buttoning),ಸಾರಜನಕ ಕೊರತೆ,ಹೂವು ಅತಿ ಸಣ್ಣದಾಗಿ (ಬಟನ್‌ನಂತೆ) ಉಳಿಯುತ್ತದೆ. ಹಳೆಯ ಸಸಿಗಳನ್ನು ನಾಟಿ ಮಾಡಬೇಡಿ. ನಾಟಿ ಮಾಡಿದ ದಿನದಿಂದ ಸರಿಯಾದ ಗೊಬ್ಬರ ನೀಡಿ.
ನುಗ್ಗೆಕಾಯಿ,ಕೊಂಬೆ ಅಂಗಮಾರಿ (Twig Blight),ಕೋನಿಫೋರಾ ಪ್ರಭೇದ,ಕೊಂಬೆಗಳ ತುದಿ ಕಂದು ಬಣ್ಣಕ್ಕೆ ತಿರುಗಿ ಒಣಗುತ್ತವೆ. ಒಣಗಿದ ಭಾಗಕ್ಕಿಂತ 3 ಇಂಚು ಕೆಳಗೆ ಕೊಂಬೆಯನ್ನು ಕತ್ತರಿಸಿ ಸುಟ್ಟು ಹಾಕಿ. ಕಾಪರ್ ಆಕ್ಸಿಕ್ಲೋರೈಡ್ (3g/L) ಸಿಂಪಡಿಸಿ.
ನುಗ್ಗೆಕಾಯಿ,ಸರ್ಕೋಸ್ಪೊರಾ ಎಲೆ ಮಚ್ಚೆ,ಸರ್ಕೋಸ್ಪೊರಾ ಅಬೆಲ್ಮಾಸ್ಕಿ,ಎಲೆ ಮೇಲೆ ಕಂದು ಚುಕ್ಕೆಗಳು ಬಂದು ಎಲೆ ಉದುರುತ್ತದೆ. ಮ್ಯಾಂಕೊಜೆಬ್ (2g/L) ಸಿಂಪಡಿಸಿ. ಮರದ ಬುಡದಲ್ಲಿ ಕಳೆ ಇಲ್ಲದಂತೆ ನೋಡಿಕೊಳ್ಳಿ.
ನುಗ್ಗೆಕಾಯಿ,ಬೂದಿ ರೋಗ (Powdery Mildew),ಎರಿಸೈಫಿ ಸಿಕೋರಾಸಿಯಾರಮ್,ಎಲೆ ಮೇಲೆ ಬಿಳಿ ಪುಡಿ ಕಾಣುತ್ತದೆ. ಗಂಧಕ (3g/L) ಅಥವಾ ಬೇವಿನ ಎಣ್ಣೆ ಮತ್ತು ಅಡುಗೆ ಸೋಡಾ ಮಿಶ್ರಣ ಸಿಂಪಡಿಸಿ. ಚಳಿಗಾಲದಲ್ಲಿ ಅತಿಯಾಗಿ ನೀರು ಹರಿಸಬೇಡಿ.
ನುಗ್ಗೆಕಾಯಿ,ಸಸಿ ಕೊಳೆತ (Damping Off),ಪೈಥಿಯಂ ಪ್ರಭೇದ,ನರ್ಸರಿಯಲ್ಲಿ ಸಸಿಗಳ ಬುಡ ಕೊಳೆತು ಸಾಯುತ್ತವೆ. ಬಿತ್ತನೆ ಮುನ್ನ ಟ್ರೈಕೋಡರ್ಮಾ (4g/kg) ಬಳಸಿ ಬೀಜೋಪಚಾರ ಮಾಡಿ. ಎತ್ತರಿಸಿದ ಪಾತಿಗಳನ್ನು ಬಳಸಿ.
ನುಗ್ಗೆಕಾಯಿ,ಕಾಯಿ ಕೊಳೆತ (Pod Rot),ಫೈಟೊಪ್ಥೋರಾ ಪ್ರಭೇದ,ಕಾಯಿಗಳ ಮೇಲೆ ಕಪ್ಪು ತಗ್ಗು ಮಚ್ಚೆ ಬಂದು ಮೆತ್ತಗಾಗುತ್ತವೆ. ಹೂ ಬಿಡುವಾಗ ಕಾರ್ಬನ್ ಡೈಜಿಮ್ (1g/L) ಸಿಂಪಡಿಸಿ. ಮರದ ಬುಡದಲ್ಲಿ ನೀರು ನಿಲ್ಲದಂತೆ ನೋಡಿ.
ನುಗ್ಗೆಕಾಯಿ,ಮೊಸಾಯಿಕ್ ವೈರಸ್,ಯೆಲ್ಲೋ ವೇನ್ ಮೊಸಾಯಿಕ್ ವೈರಸ್,ಎಲೆಗಳು ವಿಕಾರವಾಗಿ ಮಚ್ಚೆಗಳು ಮೂಡುತ್ತವೆ. ಇದನ್ನು ಹರಡುವ ಅಫಿಡ್ಸ್ ಹತೋಟಿಗೆ ಹಳದಿ ಅಂಟು ಬಲೆ ಬಳಸಿ. ರೋಗವಿರುವ ಕೊಂಬೆ ಅಥವಾ ಗಿಡವನ್ನು ಕಿತ್ತುಹಾಕಿ.
ನುಗ್ಗೆಕಾಯಿ,ಬೇರು ಕೊಳೆತ (Root Rot),ರೈಜೋಕ್ಟೋನಿಯಾ ಬಟಾಟಿಕೋಲಾ,ಗಿಡ ಹಳದಿಯಾಗಿ ದಿಢೀರನೆ ಬಾಡುತ್ತದೆ. ಬೇರಿನ ಭಾಗಕ್ಕೆ ಟ್ರೈಕೋಡರ್ಮಾ ದ್ರಾವಣ ಸುರಿಯಿರಿ. ನೀರು ಸರಾಗವಾಗಿ ಹರಿದು ಹೋಗುವಂತೆ ಪಾತಿ ಮಾಡಿ.
ನುಗ್ಗೆಕಾಯಿ,ಎಲೆ ತುಕ್ಕು ರೋಗ (Leaf Rust),ಪಕ್ಸಿನಿಯಾ ಪ್ರಭೇದ,ಎಲೆ ಕೆಳಗೆ ಕಿತ್ತಳೆ ಬಣ್ಣದ ಪುಡಿ ಇರುತ್ತದೆ. ಮ್ಯಾಂಕೊಜೆಬ್ ಅಥವಾ ಪ್ರೊಪಿಕೊನಜೋಲ್ ಸಿಂಪಡಿಸಿ. ಗಾಳಿಯಾಡಲು ಮರದ ಕೊಂಬೆಗಳನ್ನು ಸವಿಯಿರಿ.
ನುಗ್ಗೆಕಾಯಿ,ಮಸಿ ರೋಗ (Sooty Mold),ಕ್ಯಾಪ್ನೋಡಿಯಂ ಪ್ರಭೇದ,ಎಲೆ ಮೇಲೆ ಕಪ್ಪು ಬಣ್ಣದ ಬೂಸಲು (ಮಸಿ) ಇರುತ್ತದೆ. ಮೊದಲು ಜಿಗಿ ಕೀಟಗಳನ್ನು ನಿಯಂತ್ರಿಸಿ. ನಂತರ ಎಲೆಗಳ ಮೇಲೆ ಜೋರಾಗಿ ನೀರು ಸಿಂಪಡಿಸಿ ತೊಳೆಯಿರಿ.
ನುಗ್ಗೆಕಾಯಿ,ಮೊಗ್ಗು ಕೊಳೆತ (Bud Rot),ಕೋನಿಫೋರಾ ಪ್ರಭೇದ,ಹೂವಿನ ಮೊಗ್ಗು ಕಂದು ಬಣ್ಣಕ್ಕೆ ತಿರುಗಿ ಉದುರುತ್ತವೆ. ಹೂ ಬಿಡುವಾಗ ಕಾರ್ಬನ್ ಡೈಜಿಮ್ ಸಿಂಪಡಿಸಿ. ಸಾರಜನಕ (Urea) ಗೊಬ್ಬರವನ್ನು ಮಿತವಾಗಿ ಬಳಸಿ.
ನುಗ್ಗೆಕಾಯಿ,ಕ್ರೌನ್ ಗಾಲ್ (Crown Gall),ಅಗ್ರೋಬ್ಯಾಕ್ಟೀರಿಯಂ ಟ್ಯೂಮೆಫೇಸಿಯನ್ಸ್,ಮರದ ಬುಡ ಅಥವಾ ಬೇರಿನ ಮೇಲೆ ಗಟ್ಟಿ ಗಂಟುಗಳು ಬರುತ್ತವೆ. ಮರದ ಬುಡಕ್ಕೆ ಗಾಯವಾಗದಂತೆ ನೋಡಿ. ರೋಗವಿರುವ ಗಿಡವನ್ನು ಕಿತ್ತು ನಾಶಪಡಿಸಿ.
ನುಗ್ಗೆಕಾಯಿ,ಡಿಪ್ಲೋಡಿಯಾ ಕ್ಯಾಂಕರ್,ಡಿಪ್ಲೋಡಿಯಾ ಪ್ರಭೇದ,ತೊಗಟೆಯ ಮೇಲೆ ತಗ್ಗು ಬಿದ್ದ ಗಾಯಗಳಾಗಿ ಜೇನು ಬರುತ್ತದೆ. ಗಾಯವನ್ನು ಸ್ವಚ್ಛಗೊಳಿಸಿ ಕಾಪರ್ ಆಕ್ಸಿಕ್ಲೋರೈಡ್ ಪೇಸ್ಟ್ ಹಚ್ಚಿ. ಗಿಡಕ್ಕೆ ನೀರಿನ ಅಭಾವವಾಗದಂತೆ ನೋಡಿ.
ಬೆಂಡೆಕಾಯಿ,ಹಳದಿ ನರ ಮೊಸಾಯಿಕ್ ವೈರಸ್,ಯೆಲ್ಲೋ ವೇನ್ ಮೊಸಾಯಿಕ್ ವೈರಸ್,ಎಲೆ ನರಗಳು ಹಳದಿಯಾಗುತ್ತವೆ. ಇದು ಅತಿ ಅಪಾಯಕಾರಿ. ಬಿಳಿ ನೊಣ ಹತೋಟಿಗೆ ಇಮಿಡಾಕ್ಲೋಪ್ರಿಡ್ ಬಳಸಿ. ಅರ್ಕಾ ಅನಾಮಿಕಾ ಅಥವಾ ವರ್ಷಾ ಉಪಹಾರ್ ನಂತಹ ರೋಗನಿರೋಧಕ ತಳಿ ಬಳಸಿ.
ಬೆಂಡೆಕಾಯಿ,ಬೂದಿ ರೋಗ (Powdery Mildew),ಸ್ಪೀರೋಥೆಕಾ ಪನ್ನೋಸಾ,ಎಲೆಗಳ ಎರಡು ಬದಿ ಬಿಳಿ ಪುಡಿ ಕಾಣುತ್ತದೆ. ಗಂಧಕ (3g/L) ಅಥವಾ ಅಡುಗೆ ಸೋಡಾ ಮಿಶ್ರಿತ ನೀರು ಸಿಂಪಡಿಸಿ. ಗಿಡಗಳ ನಡುವೆ ಸರಿಯಾದ ಅಂತರವಿರಲಿ.
ಬೆಂಡೆಕಾಯಿ,ಸರ್ಕೋಸ್ಪೊರಾ ಎಲೆ ಮಚ್ಚೆ,ಸರ್ಕೋಸ್ಪೊರಾ ರೋಸಿಕೋಲಾ,ಎಲೆ ಕೆಳಗೆ ಕಪ್ಪು ಮಸಿ ಮತ್ತು ಮೇಲೆ ಹಳದಿ ಮಚ್ಚೆ. ಮ್ಯಾಂಕೊಜೆಬ್ ಅಥವಾ ಕಾರ್ಬನ್ ಡೈಜಿಮ್ ಸಿಂಪಡಿಸಿ. ಕೆಳಗಿನ ಹಳೆಯ ಎಲೆಗಳನ್ನು ಕಿತ್ತು ಹಾಕಿ.
ಬೆಂಡೆಕಾಯಿ,ಎಲೆ ಮುದುಡು ರೋಗ (Enation),ರೋಸ್ ಲೀಫ್ ಕರ್ಲ್ ವೈರಸ್,ಎಲೆಗಳು ದಪ್ಪವಾಗಿ ಕೆಳಕ್ಕೆ ಮುದುಡುತ್ತವೆ. ಇದನ್ನು ಹರಡುವ ಬಿಳಿ ನೊಣಗಳನ್ನು ನಿಯಂತ್ರಿಸಿ. ಹಳೆಯ ಬೆಂಡೆ ಅಥವಾ ಹತ್ತಿ ಹೊಲದ ಬಳಿ ನಾಟಿ ಮಾಡಬೇಡಿ.
ಬೆಂಡೆಕಾಯಿ,ಫ್ಯುಸೇರಿಯಂ ಬಾಡು ರೋಗ,ಫ್ಯುಸೇರಿಯಂ ಆಕ್ಸಿಸ್ಪೋರಮ್,ಗಿಡ ಬಾಡಿ ಒಣಗುತ್ತದೆ. ಬುಡಕ್ಕೆ ಕಾರ್ಬನ್ ಡೈಜಿಮ್ ದ್ರಾವಣ ಸುರಿಯಿರಿ. ಮಣ್ಣಿಗೆ ಟ್ರೈಕೋಡರ್ಮಾ ಜೈವಿಕ ಗೊಬ್ಬರ ಸೇರಿಸುವುದು ಉತ್ತಮ.
ಬೆಂಡೆಕಾಯಿ,ಸಸಿ ಕೊಳೆತ (Damping Off),ಪೈಥಿಯಂ ಪ್ರಭೇದ,ಸಣ್ಣ ಸಸಿಗಳು ನೆಲಕ್ಕೆ ಉರುಳಿ ಸಾಯುತ್ತವೆ. ಟ್ರೈಕೋಡರ್ಮಾ (4g/kg) ನಿಂದ ಬೀಜೋಪಚಾರ ಮಾಡಿ. ಹೊಲದಲ್ಲಿ ನೀರು ನಿಲ್ಲದಂತೆ ನೋಡಿಕೊಳ್ಳಿ.
ಬೆಂಡೆಕಾಯಿ,ಬೇರು ಗಂಟು ಜಂತುಹುಳು,ಮೆಲೋಯಿಡೋಗೈನೆ ಪ್ರಭೇದ,"ಗಿಡ ಕುಂಠಿತವಾಗಿ ಹಳದಿಯಾಗುತ್ತದೆ, ಬೇರಿನಲ್ಲಿ ಗಂಟುಗಳಿರುತ್ತವೆ. ಸಾಲುಗಳ ಮಧ್ಯೆ ಚೆಂಡುಹೂ ಬೆಳೆಸಿ. ಮಣ್ಣಿಗೆ ಬೇವಿನ ಹಿಂಡಿ (250kg/acre) ಬಳಸಿ."
ಬೆಂಡೆಕಾಯಿ,ಮಸಿ ರೋಗ (Sooty Mold),ಕ್ಯಾಪ್ನೋಡಿಯಂ ಪ್ರಭೇದ,ಕೀಟಗಳು ಬಿಡುವ ಅಂಟಿನ ಮೇಲೆ ಕಪ್ಪು ಬೂಸಲು ಬೆಳೆಯುತ್ತದೆ. ಮೊದಲು ಅಫಿಡ್ಸ್ ಅಥವಾ ಮೀಲಿಬಗ್ ಕೀಟಗಳನ್ನು ಕೀಟನಾಶಕದಿಂದ ನಿಯಂತ್ರಿಸಿ.
ಬೆಂಡೆಕಾಯಿ,ಬ್ಯಾಕ್ಟೀರಿಯಾ ಎಲೆ ಚುಕ್ಕೆ,ಬ್ಯಾಕ್ಟೀರಿಯಾ,ಎಲೆ ಮೇಲೆ ನೀರಿನಂತ ಕಂದು ಚುಕ್ಕೆಗಳು. ಸ್ಟ್ರೆಪ್ಟೋಸೈಕ್ಲಿನ್ (1g/10L) ಮತ್ತು ಕಾಪರ್ ಆಕ್ಸಿಕ್ಲೋರೈಡ್ ಸಿಂಪಡಿಸಿ. ಹನಿ ನೀರಾವರಿ ಬಳಸಿ.
ಬೆಂಡೆಕಾಯಿ,ಬುಡ ಕೊಳೆತ (Collar Rot),ಸ್ಕ್ಲೆರೋಶಿಯಂ ರಾಲ್ಫಿಸೈ,ಬುಡದಲ್ಲಿ ಬಿಳಿ ರೇಷ್ಮೆಯಂತ ಬೂಸಲು ಕಾಣುತ್ತದೆ. ಬುಡಕ್ಕೆ ಕಾಪರ್ ಆಕ್ಸಿಕ್ಲೋರೈಡ್ ದ್ರಾವಣ ಸುರಿಯಿರಿ. ಬೇಸಿಗೆಯಲ್ಲಿ ಭೂಮಿಯನ್ನು ಆಳವಾಗಿ ಉಳುಮೆ ಮಾಡಿ.
ಬೆಂಡೆಕಾಯಿ,ಅಲ್ಟರ್ನೇರಿಯಾ ಎಲೆ ಮಚ್ಚೆ,ಆಲ್ಟರ್ನೇರಿಯಾ ಪ್ರಭೇದ,ಎಲೆ ಮೇಲೆ ವೃತ್ತಾಕಾರದ ಚುಕ್ಕೆಗಳು. ಮ್ಯಾಂಕೊಜೆಬ್ (2.5g/L) ಸಿಂಪಡಿಸಿ. ಗಿಡಕ್ಕೆ ಸರಿಯಾದ ಗೊಬ್ಬರ (NPK) ನೀಡಿ ಗಟ್ಟಿಯಾಗಿಸಿ.
ಬೆಂಡೆಕಾಯಿ,ತಂಬಾಕು ಸ್ಟ್ರೀಕ್ ವೈರಸ್,ಟೊಬ್ಯಾಕೋ ಸ್ಟ್ರೀಕ್ ವೈರಸ್,ಎಲೆ ಮತ್ತು ಕಾಂಡದ ಮೇಲೆ ಕಪ್ಪು ಪಟ್ಟಿಗಳು ಕಾಣುತ್ತವೆ. ಇದನ್ನು ಹರಡುವ ನುಸಿ (Thrips) ನಿಯಂತ್ರಣಕ್ಕೆ ಫಿಪ್ರೋನಿಲ್ ಸಿಂಪಡಿಸಿ. ರೋಗವಿರುವ ಗಿಡ ತೆಗೆಯಿರಿ.
ಬೆಂಡೆಕಾಯಿ,ಫೈಟೊಪ್ಥೋರಾ ಅಂಗಮಾರಿ,ಫೈಟೊಪ್ಥೋರಾ ಪ್ರಭೇದ,ಮಳೆಗಾಲದಲ್ಲಿ ಎಲೆ ಮತ್ತು ಕಾಯಿಗಳು ಕಪ್ಪಾಗಿ ಕೊಳೆಯುತ್ತವೆ. ಮೆಟಾಲ್ಯಾಕ್ಸಿಲ್ + ಮ್ಯಾಂಕೊಜೆಬ್ ಸಿಂಪಡಿಸಿ. ಎತ್ತರಿಸಿದ ಪಾತಿಗಳಲ್ಲಿ ಬೆಳೆಯಿರಿ.
ಬೆಂಡೆಕಾಯಿ,ಹೂವು ಕೊಳೆತ,ಬೊಟ್ರೈಟಿಸ್ ಸಿನೆರಿಯಾ,ಹೂವುಗಳು ಕಂದು ಬಣ್ಣಕ್ಕೆ ತಿರುಗಿ ಉದುರುತ್ತವೆ. ಕಾರ್ಬನ್ ಡೈಜಿಮ್ (1g/L) ಸಿಂಪಡಿಸಿ. ಅತಿಯಾದ ತುಂತುರು ನೀರಾವರಿ ಮಾಡಬೇಡಿ.
ಬೆಂಡೆಕಾಯಿ,ಹಣ್ಣು ಉದುರುವುದು (Physiological),ದೈಹಿಕ ವಿಕೋಪ,ಸೂಕ್ಷ್ಮ ಪೋಷಕಾಂಶಗಳ ಕೊರತೆಯಿಂದ ಹಣ್ಣು ಉದುರುತ್ತದೆ. ಲಘು ಪೋಷಕಾಂಶಗಳ ಮಿಶ್ರಣ (2g/L) ಸಿಂಪಡಿಸಿ ಮತ್ತು ಮಣ್ಣಿನ ತೇವಾಂಶ ಕಾಪಾಡಿ.
ಈರುಳ್ಳಿ,ನೇರಳೆ ಮಚ್ಚೆ ರೋಗ (Purple Blotch),ಆಲ್ಟರ್ನೇರಿಯಾ ಪೋರಿ,ಎಲೆ ಮೇಲೆ ನೇರಳೆ ಮಚ್ಚೆ ಕಾಣುತ್ತದೆ. ಮ್ಯಾಂಕೊಜೆಬ್ (2.5g/L) ಅಥವಾ ಹೆಕ್ಸಾಕೊನಜೋಲ್ (2ml/L) ಸಿಂಪಡಿಸಿ. ಜೋಳ ಅಥವಾ ಸೋಯಾಬೀನ್ ಜೊತೆ ಬೆಳೆ ಪರಿವರ್ತನೆ ಮಾಡಿ.
ಈರುಳ್ಳಿ,ಡೌನಿ ಮಿಲ್ಡ್ಯೂ (Downy Mildew),ಪೆರೋನೋಸ್ಪೋರಾ ಡೆಸ್ಟ್ರಕ್ಟರ್,ಎಲೆ ಮೇಲೆ ಹಳದಿ ಮಚ್ಚೆ ಮತ್ತು ಬೂದು ಬೂಸಲು ಕಾಣುತ್ತದೆ. ಮೆಟಾಲ್ಯಾಕ್ಸಿಲ್ + ಮ್ಯಾಂಕೊಜೆಬ್ ಸಿಂಪಡಿಸಿ. ಬೆಳಗ್ಗೆ ನೀರು ಹರಿಸುವುದು ಉತ್ತಮ.
ಈರುಳ್ಳಿ,ಸ್ಟೆಂಫಿಲಿಯಂ ಅಂಗಮಾರಿ,ಸ್ಟೆಂಫಿಲಿಯಂ ವೆಸಿಕೇರಿಯಮ್,ಸಣ್ಣ ಹಳದಿ ಚುಕ್ಕೆಗಳು ದೊಡ್ಡ ಕಂದು ಮಚ್ಚೆಗಳಾಗುತ್ತವೆ. ಟೆಬುಕೊನಜೋಲ್ + ಟ್ರೈಫ್ಲೋಕ್ಸಿಸ್ಟ್ರೋಬಿನ್ ಸಿಂಪಡಿಸಿ. ಹೊಲದಲ್ಲಿ ಸರಿಯಾದ ಅಂತರವಿರಲಿ.
ಈರುಳ್ಳಿ,ತಿರುಗು ರೋಗ (Twister),ಕೊಲೆಟೊಟ್ರೈಕಮ್ ಗ್ಲಿಯೋಸ್ಪೊರಿಯಾಯ್ಡ್ಸ್,ಎಲೆಗಳು ಹಾವಿನಂತೆ ಸುರುಟಿಕೊಳ್ಳುತ್ತವೆ ಮತ್ತು ಗಡ್ಡೆ ಬೆಳೆಯುವುದಿಲ್ಲ. ಮಣ್ಣಿಗೆ ಟ್ರೈಕೋಡರ್ಮಾ ಬೆರೆಸಿ. ಪ್ರೊಪಿಕೊನಜೋಲ್ (1ml/L) ಸಿಂಪಡಿಸಿ.
ಈರುಳ್ಳಿ,ಬುಡ ಕೊಳೆತ (Basal Rot),ಫ್ಯುಸೇರಿಯಂ ಆಕ್ಸಿಸ್ಪೋರಮ್,ಎಲೆ ತುದಿ ಒಣಗುತ್ತದೆ ಮತ್ತು ಬುಡದಲ್ಲಿ ಬಿಳಿ ಬೂಸಲು ಇರುತ್ತದೆ. ಕಾರ್ಬನ್ ಡೈಜಿಮ್ (2g/L) ದ್ರಾವಣದಿಂದ ಮಣ್ಣು ನೆನೆಸಿ. ನಾಟಿ ಮುನ್ನ ಸಸಿಗಳ ಬೇರನ್ನು ಔಷಧಿಯಲ್ಲಿ ಅದ್ದಿ.
ಈರುಳ್ಳಿ,ಬ್ಯಾಕ್ಟೀರಿಯಾ ಮೆದು ಕೊಳೆತ,ಎರ್ವಿನಿಯಾ ಕ್ಯಾರೋಟೋವೋರಾ,ಈರುಳ್ಳಿ ಒಳಗಿನ ಪದರಗಳು ಮೆತ್ತಗಾಗಿ ಕೆಟ್ಟ ವಾಸನೆ ಬರುತ್ತದೆ. ಸ್ಟ್ರೆಪ್ಟೋಸೈಕ್ಲಿನ್ ಮತ್ತು ಕಾಪರ್ ಆಕ್ಸಿಕ್ಲೋರೈಡ್ ಸಿಂಪಡಿಸಿ. ಗಡ್ಡೆಗಳಿಗೆ ಗಾಯವಾಗದಂತೆ ನೋಡಿ.
ಈರುಳ್ಳಿ,ಐರಿಸ್ ಹಳದಿ ಚುಕ್ಕೆ ವೈರಸ್,ಐರಿಸ್ ಯೆಲ್ಲೋ ಸ್ಪಾಟ್ ವೈರಸ್ (IYSV),ಎಲೆ ಮೇಲೆ ವಜ್ರಾಕಾರದ ಮಸುಕಾದ ಚುಕ್ಕೆಗಳಿರುತ್ತವೆ. ಹರಡುವ ನುಸಿ (Thrips) ನಿಯಂತ್ರಣಕ್ಕೆ ಫಿಪ್ರೋನಿಲ್ ಬಳಸಿ. ನೀಲಿ ಅಂಟು ಬಲೆಗಳನ್ನು ಅಳವಡಿಸಿ.
ಈರುಳ್ಳಿ,ಕಾಡಿಗೆ ರೋಗ (Smut),ಯುರೋಸಿಸ್ಟಿಸ್ ಸೆಪುಲೇ,ಎಲೆ ಮೇಲೆ ಕಪ್ಪು ಪುಡಿಯ ಗುಳ್ಳೆಗಳು ಕಾಣುತ್ತವೆ. ಬಿತ್ತನೆ ಮುನ್ನ ಥೈರಾಮ್‌ನಿಂದ ಬೀಜೋಪಚಾರ ಮಾಡಿ. 3-4 ವರ್ಷ ಬೆಳೆ ಪರಿವರ್ತನೆ ಕಡ್ಡಾಯ.
ಈರುಳ್ಳಿ,ಬಿಳಿ ಕೊಳೆತ (White Rot),ಸ್ಕ್ಲೆರೋಶಿಯಂ ಸೆಪಿವೋರಮ್,ಬುಡದಲ್ಲಿ ಹತ್ತಿಯಂತಹ ಬಿಳಿ ಬೂಸಲು ಕಾಣುತ್ತದೆ. ಟೆಬುಕೊನಜೋಲ್‌ನಿಂದ ಮಣ್ಣು ನೆನೆಸಿ. ಈ ರೋಗ ಕಂಡರೆ 5-8 ವರ್ಷ ಆ ಹೊಲದಲ್ಲಿ ಈರುಳ್ಳಿ/ಬೆಳ್ಳುಳ್ಳಿ ಬೆಳೆಯಬೇಡಿ.
ಈರುಳ್ಳಿ,ಗುಲಾಬಿ ಬೇರು ರೋಗ (Pink Root),ಫೋಮಾ ಟೆರೆಸ್ಟ್ರಿಸ್,ಬೇರುಗಳು ಗುಲಾಬಿ ಅಥವಾ ಕೆಂಪು ಬಣ್ಣಕ್ಕೆ ತಿರುಗಿ ಒಣಗುತ್ತವೆ. ಬೇಸಿಗೆಯಲ್ಲಿ ಮಣ್ಣಿನ ಸೌರ ಉಪಚಾರ (Solarization) ಮಾಡಿ. ಗಡ್ಡೆ ಕಟ್ಟುವಾಗ ನೀರಿನ ಅಭಾವವಾಗದಂತೆ ನೋಡಿ.
ಈರುಳ್ಳಿ,ಕಪ್ಪು ಬೂಸಲು (Black Mold),ಆಸ್ಪರ್ಜಿಲಸ್ ನೈಜರ್,ದಾಸ್ತಾನಿನಲ್ಲಿ ಈರುಳ್ಳಿ ಪದರಗಳ ಮಧ್ಯೆ ಕಪ್ಪು ಪುಡಿ ಇರುತ್ತದೆ. ಕತ್ತಿನ ಭಾಗ ಪೂರ್ತಿ ಒಣಗುವಂತೆ ಮಾಡಿ ನಂತರ ಶೇಖರಿಸಿ. ತಂಪಾದ ಮತ್ತು ಗಾಳಿಯಾಡುವ ಜಾಗದಲ್ಲಿ ಇಡಿ.
ಈರುಳ್ಳಿ,ಕತ್ತಿನ ಕೊಳೆತ (Neck Rot),ಬೊಟ್ರೈಟಿಸ್ ಆಲ್ಲಿ,ದಾಸ್ತಾನಿನಲ್ಲಿ ಕತ್ತಿನ ಭಾಗ ಮೆತ್ತಗಾಗಿ ಕೊಳೆಯುತ್ತದೆ. ಶೇ 50-70 ರಷ್ಟು ಸೊಪ್ಪು ಒಣಗಿದ ನಂತರವೇ ಕೊಯ್ಲು ಮಾಡಿ. ಕತ್ತರಿಸುವಾಗ 2-3 ಇಂಚು ಕತ್ತು ಉಳಿಸಿ.
ಈರುಳ್ಳಿ,ಜಾರು ಚರ್ಮದ ರೋಗ (Slippery Skin),ಬರ್ಖೋಲ್ಡೇರಿಯಾ ಗ್ಲಾಡಿಯೋಲಿ,ಒಳಗಿನ ಪದರಗಳು ಬೆಂದಂತೆ ಕಾಣುತ್ತವೆ. ಕಾಪರ್ ಶಿಲೀಂಧ್ರನಾಶಕ ಬಳಸಿ. ಕೊನೆಯ ತಿಂಗಳಲ್ಲಿ ತುಂತುರು ನೀರಾವರಿ ಮಾಡಬೇಡಿ.
ಈರುಳ್ಳಿ,ಸ್ಮಡ್ಜ್ (Smudge),ಕೊಲೆಟೊಟ್ರೈಕಮ್ ಸರ್ಸಿನಾನ್ಸ್,ಹೊರಗಿನ ಪದರದ ಮೇಲೆ ಕಪ್ಪು ವೃತ್ತಾಕಾರದ ಕಲೆಗಳು. ಮ್ಯಾಂಕೊಜೆಬ್ ಸಿಂಪಡಿಸಿ. ಬಿಳಿ ಈರುಳ್ಳಿಯಲ್ಲಿ ಇದು ಹೆಚ್ಚು. ಕೊನೆಯ ಹಂತದಲ್ಲಿ ಅತಿಯಾಗಿ ನೀರು ಹರಿಸಬೇಡಿ.
ಈರುಳ್ಳಿ,ಹಳದಿ ಕುಬ್ಜ ರೋಗ (Yellow Dwarf),ಆನಿಯನ್ ಯೆಲ್ಲೋ ಡ್ವಾರ್ಫ್ ವೈರಸ್,ಎಲೆಗಳು ಹಳದಿಯಾಗಿ ಕೆಳಕ್ಕೆ ಬಾಗುತ್ತವೆ. ಅಫಿಡ್ಸ್ ನಿಯಂತ್ರಣಕ್ಕೆ ಬೇವಿನ ಎಣ್ಣೆ ಬಳಸಿ. ರೋಗವಿರುವ ಗಿಡಗಳನ್ನು ತಕ್ಷಣ ಕಿತ್ತುಹಾಕಿ.
ಬೆಳ್ಳುಳ್ಳಿ,ನೇರಳೆ ಮಚ್ಚೆ ರೋಗ (Purple Blotch),ಆಲ್ಟರ್ನೇರಿಯಾ ಪೋರಿ,ಎಲೆ ಮೇಲೆ ನೇರಳೆ ಚುಕ್ಕೆಗಳು. ಮ್ಯಾಂಕೊಜೆಬ್ (2.5g/L) ಅಥವಾ ಅಜೋಕ್ಸಿಸ್ಟ್ರೋಬಿನ್ ಸಿಂಪಡಿಸಿ. ಅಕ್ಟೋಬರ್ ಮಧ್ಯಭಾಗದಲ್ಲಿ ನಾಟಿ ಮಾಡುವುದು ಉತ್ತಮ.
ಬೆಳ್ಳುಳ್ಳಿ,ಡೌನಿ ಮಿಲ್ಡ್ಯೂ (Downy Mildew),ಪೆರೋನೋಸ್ಪೋರಾ ಡೆಸ್ಟ್ರಕ್ಟರ್,ಎಲೆ ಮೇಲೆ ಹಳದಿ ಮಚ್ಚೆ ಮತ್ತು ಬೂದು ಬೂಸಲು. ಮೆಟಾಲ್ಯಾಕ್ಸಿಲ್ + ಮ್ಯಾಂಕೊಜೆಬ್ ಸಿಂಪಡಿಸಿ. ಎಲೆ ಒದ್ದೆಯಿದ್ದಾಗ ಹೊಲದಲ್ಲಿ ಕೆಲಸ ಮಾಡಬೇಡಿ.
ಬೆಳ್ಳುಳ್ಳಿ,ಸ್ಟೆಂಫಿಲಿಯಂ ಅಂಗಮಾರಿ,ಸ್ಟೆಂಫಿಲಿಯಂ ವೆಸಿಕೇರಿಯಮ್,ಎಲೆ ಮೇಲೆ ಉದ್ದನೆಯ ಕಂದು ಮಚ್ಚೆಗಳು. ಟೆಬುಕೊನಜೋಲ್ (1.5ml/L) ಅಥವಾ ಮ್ಯಾಂಕೊಜೆಬ್ ಸಿಂಪಡಿಸಿ. ಧಾನ್ಯಗಳ ಜೊತೆ ಬೆಳೆ ಪರಿವರ್ತನೆ ಮಾಡಿ.
ಬೆಳ್ಳುಳ್ಳಿ,ತುಕ್ಕು ರೋಗ (Rust),ಪಕ್ಸಿನಿಯಾ ಆಲ್ಲಿ,ಎಲೆ ಮೇಲೆ ಕಿತ್ತಳೆ ಅಥವಾ ಕೆಂಪು ಬಣ್ಣದ ಪುಡಿ ಇರುತ್ತದೆ. ಪ್ರೊಪಿಕೊನಜೋಲ್ (1ml/L) ಸಿಂಪಡಿಸಿ. ಬೆಳೆ ಉಳಿಕೆಗಳನ್ನು ನಾಶಪಡಿಸಿ.
ಬೆಳ್ಳುಳ್ಳಿ,ಮೊಸಾಯಿಕ್ ರೋಗ (ವೈರಸ್),ಮೊಸಾಯಿಕ್ ವೈರಸ್,ಎಲೆ ಮೇಲೆ ಹಳದಿ ಗೆರೆ ಮತ್ತು ಗಡ್ಡೆ ಸಣ್ಣದಾಗುತ್ತದೆ. ಅಫಿಡ್ಸ್ ಹತೋಟಿಗೆ ಹಳದಿ ಅಂಟು ಬಲೆ ಬಳಸಿ. ವೈರಸ್ ಮುಕ್ತ ಬಿತ್ತನೆ ಗೆಡ್ಡೆ ಬಳಸಿ.
ಬೆಳ್ಳುಳ್ಳಿ,ಬುಡ ಕೊಳೆತ (Basal Rot),ಫ್ಯುಸೇರಿಯಂ ಆಕ್ಸಿಸ್ಪೋರಮ್,ಬುಡದಲ್ಲಿ ಬಿಳಿ ಬೂಸಲು ಇರುತ್ತದೆ. ಕಾರ್ಬನ್ ಡೈಜಿಮ್ (2g/L) ನಿಂದ ಮಣ್ಣು ನೆನೆಸಿ. ನಾಟಿ ಮುನ್ನ ಗೆಡ್ಡೆಗಳನ್ನು ಕಾರ್ಬನ್ ಡೈಜಿಮ್ ದ್ರಾವಣದಲ್ಲಿ ಅದ್ದಿ.
ಬೆಳ್ಳುಳ್ಳಿ,ಬಿಳಿ ಕೊಳೆತ (White Rot),ಸ್ಕ್ಲೆರೋಶಿಯಂ ಸೆಪಿವೋರಮ್,ಬುಡದಲ್ಲಿ ಬಿಳಿ ಬೂಸಲು ಮತ್ತು ಸಣ್ಣ ಕಪ್ಪು ಕಲೆಗಳು. ಈ ರೋಗವಿರುವ ಹೊಲದಲ್ಲಿ 5-8 ವರ್ಷ ಬೆಳ್ಳುಳ್ಳಿ ಬೆಳೆಯಬೇಡಿ. ಉಪಕರಣಗಳನ್ನು ಸ್ವಚ್ಛವಾಗಿಡಿ.
ಬೆಳ್ಳುಳ್ಳಿ,ಕತ್ತಿನ ಕೊಳೆತ (Neck Rot),ಬೊಟ್ರೈಟಿಸ್ ಆಲ್ಲಿ,ದಾಸ್ತಾನಿನಲ್ಲಿ ಕತ್ತು ಮೆತ್ತಗಾಗುತ್ತದೆ. ನೆರಳಿನಲ್ಲಿ 10-12 ದಿನ ಸರಿಯಾಗಿ ಒಣಗಿಸಿ. ಕತ್ತರಿಸುವಾಗ 2-3 ಸೆಂಟಿಮೀಟರ್ ಕತ್ತು ಉಳಿಸಿ.
ಬೆಳ್ಳುಳ್ಳಿ,ಬ್ಯಾಕ್ಟೀರಿಯಾ ಮೆದು ಕೊಳೆತ,ಎರ್ವಿನಿಯಾ ಕ್ಯಾರೋಟೋವೋರಾ,ಪದರಗಳು ಮೆತ್ತಗಾಗಿ ಕೆಟ್ಟ ವಾಸನೆ ಬರುತ್ತದೆ. ಸ್ಟ್ರೆಪ್ಟೋಸೈಕ್ಲಿನ್ ಮತ್ತು ಕಾಪರ್ ಆಕ್ಸಿಕ್ಲೋರೈಡ್ ಸಿಂಪಡಿಸಿ. ನೀರು ನಿಲ್ಲದಂತೆ ನೋಡಿಕೊಳ್ಳಿ.
ಬೆಳ್ಳುಳ್ಳಿ,ಗುಲಾಬಿ ಬೇರು ರೋಗ (Pink Root),ಫೋಮಾ ಟೆರೆಸ್ಟ್ರಿಸ್,ಬೇರುಗಳು ಕೆಂಪು ಬಣ್ಣಕ್ಕೆ ತಿರುಗಿ ಒಣಗುತ್ತವೆ. ಬೇಸಿಗೆಯಲ್ಲಿ ಮಣ್ಣಿನ ಸೌರ ಉಪಚಾರ ಮಾಡಿ. 4 ವರ್ಷ ಬೆಳೆ ಪರಿವರ್ತನೆ ಮಾಡಿ.
ಬೆಳ್ಳುಳ್ಳಿ,ಕಪ್ಪು ಬೂಸಲು (Black Mold),ಆಸ್ಪರ್ಜಿಲಸ್ ನೈಜರ್,ದಾಸ್ತಾನಿನಲ್ಲಿ ಕಪ್ಪು ಪುಡಿ ಕಾಣುತ್ತದೆ. ತಾಪಮಾನ 30°C ಗಿಂತ ಕಡಿಮೆ ಇರುವಂತೆ ನೋಡಿ. ಗಡ್ಡೆಗಳಿಗೆ ಪೆಟ್ಟಾಗದಂತೆ ಜಾಗ್ರತೆ ವಹಿಸಿ.
ಬೆಳ್ಳುಳ್ಳಿ,ನೀಲಿ ಬೂಸಲು (Blue Mold),ಪೆನಿಸಿಲಿಯಂ ಪ್ರಭೇದ,ಗೆಡ್ಡೆಗಳ ಮೇಲೆ ನೀಲಿ-ಹಸಿರು ಪುಡಿ ಕಾಣುತ್ತದೆ. ಬಿತ್ತನೆ ಗೆಡ್ಡೆಯನ್ನು ಕಾರ್ಬನ್ ಡೈಜಿಮ್‌ನಿಂದ ಸಂಸ್ಕರಿಸಿ. ಕಡಿಮೆ ತೇವಾಂಶದಲ್ಲಿ ಶೇಖರಿಸಿ.
ಬೆಳ್ಳುಳ್ಳಿ,ಸ್ಮಡ್ಜ್ (Smudge),ಕೊಲೆಟೊಟ್ರೈಕಮ್ ಸರ್ಸಿನಾನ್ಸ್,ಹೊರ ಪದರದ ಮೇಲೆ ಕಪ್ಪು ಕಲೆಗಳು. ಮ್ಯಾಂಕೊಜೆಬ್ ಸಿಂಪಡಿಸಿ. ಕೊಯ್ಲಿನ ನಂತರ ಗೆಡ್ಡೆಗಳು ಬೇಗ ಒಣಗುವಂತೆ ನೋಡಿ.
ಬೆಳ್ಳುಳ್ಳಿ,ಎಂಬೆಲಿಸಿಯಾ ಚರ್ಮದ ಮಚ್ಚೆ,ಎಂಬೆಲಿಸಿಯಾ ಆಲ್ಲಿ,ಹೊರ ಚರ್ಮದ ಮೇಲೆ ಮಸಿಯಂತಹ ಕಲೆಗಳು. ಮ್ಯಾಂಕೊಜೆಬ್ ಸಿಂಪಡಿಸಿ. ಇದು ಕೇವಲ ಚರ್ಮಕ್ಕೆ ಮಾತ್ರ ಸೀಮಿತವಾಗಿರುತ್ತದೆ.
ಬೆಳ್ಳುಳ್ಳಿ,ಮೇಣದಂತಹ ಕೊಳೆತ (Waxy),ಬ್ಯಾಸಿಲಸ್ ಪ್ರಭೇದ,ಗೆಡ್ಡೆಗಳು ಹಳದಿಯಾಗಿ ಮೇಣದಂತೆ ಮೆತ್ತಗಾಗುತ್ತವೆ. ಇದು ಅತಿ ಶಾಖದಿಂದ ಆಗುತ್ತದೆ. 25°C ಗಿಂತ ಕಡಿಮೆ ಶಾಖದಲ್ಲಿ ಶೇಖರಿಸಿ.
ಬೆಳ್ಳುಳ್ಳಿ,ಐರಿಸ್ ಹಳದಿ ಚುಕ್ಕೆ ವೈರಸ್,ಐರಿಸ್ ಯೆಲ್ಲೋ ಸ್ಪಾಟ್ ವೈರಸ್ (IYSV),ಎಲೆ ಮೇಲೆ ವಜ್ರಾಕಾರದ ಚುಕ್ಕೆಗಳು. ನುಸಿ (Thrips) ನಿಯಂತ್ರಣಕ್ಕೆ ಫಿಪ್ರೋನಿಲ್ ಬಳಸಿ. ನೀಲಿ ಅಂಟು ಬಲೆ ಬಳಸಿ.
ಶುಂಠಿ,ಮೆದು ಕೊಳೆತ / ಗಡ್ಡೆ ಕೊಳೆತ,ಎರ್ವಿನಿಯಾ / ಪೆಕ್ಟೋಬ್ಯಾಕ್ಟೀರಿಯಂ,ಎಲೆ ಹಳದಿಯಾಗಿ ಗಡ್ಡೆ ಮೆತ್ತಗೆ ಕೊಳೆಯುತ್ತದೆ. ಅತಿ ಅಪಾಯಕಾರಿ. ಮೆಟಾಲ್ಯಾಕ್ಸಿಲ್ + ಮ್ಯಾಂಕೊಜೆಬ್‌ನಿಂದ ಮಣ್ಣು ನೆನೆಸಿ. 30cm ಎತ್ತರದ ಪಾತಿ ಬಳಸಿ.
ಶುಂಠಿ,ಬ್ಯಾಕ್ಟೀರಿಯಾ ಬಾಡು ರೋಗ,ರಾಲ್ಸ್ಟೋನಿಯಾ ಸೊಲಾನೇಸಿಯಾರಮ್,ಗಿಡ ದಿಢೀರನೆ ಹಳದಿಯಾಗಿ ಬಾಡುತ್ತದೆ. ಬಿತ್ತನೆ ಮುನ್ನ ಶುಂಠಿಯನ್ನು ಸ್ಟ್ರೆಪ್ಟೋಸೈಕ್ಲಿನ್ ದ್ರಾವಣದಲ್ಲಿ ಅದ್ದಿ. ರೋಗವಿರುವ ಗಿಡ ಸುಟ್ಟು ಹಾಕಿ.
ಶುಂಠಿ,ಹಳದಿ / ಫ್ಯುಸೇರಿಯಂ ಬಾಡು,ಫ್ಯುಸೇರಿಯಂ ಆಕ್ಸಿಸ್ಪೋರಮ್,ಎಲೆ ಹಳದಿಯಾಗಿ ಸುರುಟಿಕೊಳ್ಳುತ್ತದೆ. ಬುಡಕ್ಕೆ ಕಾರ್ಬನ್ ಡೈಜಿಮ್ (2g/L) ಸುರಿಯಿರಿ. ಮಣ್ಣಿಗೆ ಟ್ರೈಕೋಡರ್ಮಾ ಜೈವಿಕ ಗೊಬ್ಬರ ಬೆರೆಸಿ.
ಶುಂಠಿ,ಎಲೆ ಮಚ್ಚೆ ರೋಗ (Leaf Spot),ಫೈಲೋಸ್ಟಿಕ್ಟಾ ಜಿಂಜಿಬೆರಿಸ್,ಬಿಳಿ ಮಧ್ಯಭಾಗವಿರುವ ಸಣ್ಣ ಕಂದು ಚುಕ್ಕೆಗಳು. ಮ್ಯಾಂಕೊಜೆಬ್ (2.5g/L) ಅಥವಾ ಕಾರ್ಬನ್ ಡೈಜಿಮ್ ಸಿಂಪಡಿಸಿ. ಸರಿಯಾದ ಅಂತರ ಕಾಪಾಡಿ.
ಶುಂಠಿ,ಫೈಲೋಸ್ಟಿಕ್ಟಾ ಎಲೆ ಮಚ್ಚೆ,ಫೈಲೋಸ್ಟಿಕ್ಟಾ ಜಿಂಜಿಬೆರಿಸ್,ಎಲೆಗಳ ಮೇಲೆ ದೊಡ್ಡ ಮಚ್ಚೆಗಳಾಗಿ ರಂಧ್ರಗಳಾಗುತ್ತವೆ. ಕಾಪರ್ ಆಕ್ಸಿಕ್ಲೋರೈಡ್ ಸಿಂಪಡಿಸಿ. ಹಳೆಯ ಸೊಪ್ಪನ್ನು ಸುಟ್ಟು ಹಾಕಿ.
ಶುಂಠಿ,ದಾರದಂತಹ ಅಂಗಮಾರಿ (Thread),ಕಾರ್ಟಿಸಿಯಮ್ ಪ್ರಭೇದ,ಎಲೆ ಕೆಳಗೆ ಬಿಳಿ ದಾರದಂತಹ ಬೂಸಲು ಇರುತ್ತದೆ. ಶೇ 1 ರ ಬೋರ್ಡೋ ಮಿಶ್ರಣ ಸಿಂಪಡಿಸಿ. ಹೊಲದಲ್ಲಿ ಗಾಳಿ-ಬೆಳಕು ಚೆನ್ನಾಗಿರುವಂತೆ ನೋಡಿ.
ಶುಂಠಿ,ದಾಸ್ತಾನು ಕೊಳೆತ (Storage Rot),ಫ್ಯುಸೇರಿಯಂ / ಪೈಥಿಯಂ,ಶೇಖರಣೆ ಮಾಡಿದ ಶುಂಠಿ ಕೊಳೆಯುತ್ತದೆ. ದಾಸ್ತಾನು ಮುನ್ನ ಮ್ಯಾಂಕೊಜೆಬ್ (3g/L) ನಲ್ಲಿ ಅದ್ದಿ ನೆರಳಿನಲ್ಲಿ ಒಣಗಿಸಿ. ತಂಪಾದ ಗುಂಡಿಗಳಲ್ಲಿ ಶೇಖರಿಸಿ.
ಶುಂಠಿ,ಬೇರು ಗಂಟು ಜಂತುಹುಳು,ಮೆಲೋಯಿಡೋಗೈನೆ ಪ್ರಭೇದ,ಶುಂಠಿಯ ಮೇಲೆ ಗಂಟುಗಳು ಕಾಣುತ್ತವೆ. ಮಣ್ಣಿಗೆ ಬೇವಿನ ಹಿಂಡಿ (400kg/acre) ಬಳಸಿ. ಚೆಂಡುಹೂವನ್ನು ಬದುವಿನ ಮೇಲೆ ಬೆಳೆಸಿ.
ಶುಂಠಿ,ಗಡ್ಡೆ ಶಲ್ಕ ಕೀಟ (Rhizome Scale),ಆಸ್ಪಡಿಯೋಟಸ್ ಹಾರ್ಟಿ,ಶುಂಠಿ ಮುರುಟಿದಂತೆ ಕಾಣುತ್ತದೆ. ಬಿತ್ತನೆ ಮುನ್ನ ಕ್ವಿನಾಲ್‌ಫಾಸ್ (2ml/L) ದ್ರಾವಣದಲ್ಲಿ ಅದ್ದಿ ಸಂಸ್ಕರಿಸಿ.
ಶುಂಠಿ,ಮೊಸಾಯಿಕ್ ರೋಗ (ವೈರಸ್),ಮೊಸಾಯಿಕ್ ವೈರಸ್,ಎಲೆಗಳ ಮೇಲೆ ಹಳದಿ ಮಚ್ಚೆ ಇರುತ್ತದೆ. ಅಫಿಡ್ಸ್ ಮತ್ತು ನುಸಿ ಕೀಟಗಳನ್ನು ಬೇವಿನ ಎಣ್ಣೆಯಿಂದ ನಿಯಂತ್ರಿಸಿ.
ಶುಂಠಿ,ಒಣ ಕೊಳೆತ (Dry Rot),ಫ್ಯುಸೇರಿಯಂ / ಪ್ರಾಟೈಲೆಂಚಸ್,ಶುಂಠಿ ಹಗುರವಾಗಿ ಬಿರುಕು ಬಿಡುತ್ತದೆ. ಕೊಯ್ಲು ಮಾಡುವಾಗ ಗಾಯವಾಗದಂತೆ ನೋಡಿ. ಪ್ರೊಪಿಕೊನಜೋಲ್‌ನಲ್ಲಿ ಅದ್ದಿ ಸಂಸ್ಕರಿಸಿ.
ಶುಂಠಿ,ವರ್ಮಿಕ್ಯುಲೇರಿಯಾ ಅಂಗಮಾರಿ,ವರ್ಮಿಕ್ಯುಲೇರಿಯಾ (ಕೊಲೆಟೊಟ್ರೈಕಮ್),ಎಲೆ ಮಚ್ಚೆಗಳ ಮೇಲೆ ಸಣ್ಣ ಕಪ್ಪು ಚುಕ್ಕೆಗಳಿರುತ್ತವೆ. ಮ್ಯಾಂಕೊಜೆಬ್ ಸಿಂಪಡಿಸಿ. ಹೊಲದ ಸುತ್ತಲಿನ ಕಳೆಗಳನ್ನು ತೆಗೆಯಿರಿ.
ಶುಂಠಿ,ಬುಡ ಕೊಳೆತ (Collar Rot),ಸ್ಕ್ಲೆರೋಶಿಯಂ ರಾಲ್ಫಿಸೈ,ಕಾಂಡದ ಬುಡ ಕಂದು ಬಣ್ಣಕ್ಕೆ ತಿರುಗಿ ಕೊಳೆಯುತ್ತದೆ. ಕಾಪರ್ ಆಕ್ಸಿಕ್ಲೋರೈಡ್‌ನಿಂದ ಮಣ್ಣು ನೆನೆಸಿ. ಮಣ್ಣಿಗೆ ಸುಣ್ಣ (Lime) ಬಳಸಿ.
ಶುಂಠಿ,ಲೆಪ್ಟೋಸ್ಫೇರಿಯಾ ಎಲೆ ಮಚ್ಚೆ,ಲೆಪ್ಟೋಸ್ಫೇರಿಯಾ ಪ್ರಭೇದ,ಮಳೆಗಾಲದ ಕೊನೆಯಲ್ಲಿ ಬಿಳಿ ಮಚ್ಚೆಗಳು ಕಾಣುತ್ತವೆ. ಜಿನೆಬ್ (2g/L) ಸಿಂಪಡಿಸಿ. ಬೆಳೆ ಉಳಿಕೆಗಳನ್ನು ಸ್ವಚ್ಛಗೊಳಿಸಿ.
ಶುಂಠಿ,ಆರ್ಮಿಲೇರಿಯಾ ಬೇರು ಕೊಳೆತ,ಆರ್ಮಿಲೇರಿಯಾ ಮೆಲ್ಲಿಯಾ,ಗಡ್ಡೆಯ ಕೆಳಗೆ ಅಣಬೆಯಂತಹ ಬಿಳಿ ಬೆಳವಣಿಗೆ ಇರುತ್ತದೆ. ರೋಗವಿರುವ ಗಿಡವನ್ನು ಮಣ್ಣಿನ ಸಮೇತ ತೆಗೆದುಹಾಕಿ.
ಶುಂಠಿ,ಹಳದಿ ಎಲೆ ಗೆರೆ ರೋಗ (Viral),ವೈರಸ್ ರೋಗ,ಎಲೆಗಳ ಮೇಲೆ ಉದ್ದನೆಯ ಹಳದಿ ಗೆರೆಗಳು ಕಾಣುತ್ತವೆ. ಉಪಕರಣಗಳನ್ನು ಬ್ಲೀಚಿಂಗ್ ಪುಡಿಯಿಂದ ಸ್ವಚ್ಛಗೊಳಿಸಿ. ವೈರಸ್ ಮುಕ್ತ ಬಿತ್ತನೆ ಬಳಸಿ.
ಕುಂಬಳಕಾಯಿ,ಬೂದಿ ರೋಗ (Powdery Mildew),ಎರಿಸೈಫಿ ಸಿಕೋರಾಸಿಯಾರಮ್,ಎಲೆ ಮೇಲೆ ಬಿಳಿ ಪುಡಿ ಕಾಣುತ್ತದೆ. ಹೆಕ್ಸಾಕೊನಜೋಲ್ (2ml/L) ಅಥವಾ ಗಂಧಕ (3g/L) ಸಿಂಪಡಿಸಿ. ಅಡುಗೆ ಸೋಡಾ (5g/L) ಮಿಶ್ರಿತ ನೀರನ್ನು ಬಳಸಬಹುದು.
ಕುಂಬಳಕಾಯಿ,ಡೌನಿ ಮಿಲ್ಡ್ಯೂ,ಸ್ಯೂಡೋಪೆರೋನೋಸ್ಪೋರಾ ಕ್ಯೂಬೆನ್ಸಿಸ್,"ಎಲೆ ಮೇಲೆ ಹಳದಿ ಚುಕ್ಕೆ, ಕೆಳಗೆ ಬೂದು ಬೂಸಲು. ಮೆಟಾಲ್ಯಾಕ್ಸಿಲ್ + ಮ್ಯಾಂಕೊಜೆಬ್ ಬಳಸಿ. ಹನಿ ನೀರಾವರಿ ಬಳಸುವುದು ಉತ್ತಮ."
ಕುಂಬಳಕಾಯಿ,ಅಂಟು ಕಾಂಡದ ರೋಗ (Gummy Stem),ಡಿಡಿಮೆಲ್ಲಾ ಬ್ರಯೋನಿಯೇ,ಕಾಂಡದಿಂದ ಕೆಂಪು-ಕಂದು ಬಣ್ಣದ ಅಂಟು ಬರುತ್ತದೆ. ಮ್ಯಾಂಕೊಜೆಬ್ ಅಥವಾ ಥಿಯೋಫನೇಟ್ ಮಿಥೈಲ್ ಸಿಂಪಡಿಸಿ. ಹಳೆಯ ಬಳ್ಳಿಗಳನ್ನು ಸುಟ್ಟು ಹಾಕಿ.
ಕುಂಬಳಕಾಯಿ,ಹಳದಿ ನರ ಮೊಸಾಯಿಕ್,ಯೆಲ್ಲೋ ವೇನ್ ಮೊಸಾಯಿಕ್ ವೈರಸ್,ಎಲೆ ನರಗಳು ಹಳದಿಯಾಗುತ್ತವೆ. ಬಿಳಿ ನೊಣ ಹತೋಟಿಗೆ ಇಮಿಡಾಕ್ಲೋಪ್ರಿಡ್ ಅಥವಾ ಬೇವಿನ ಎಣ್ಣೆ ಬಳಸಿ. ರೋಗವಿರುವ ಗಿಡ ಕಿತ್ತು ಹೂತು ಹಾಕಿ.
ಕುಂಬಳಕಾಯಿ,ಅಂತ್ರಾಕ್ನೋಸ್ (Anthracnose),ಕೊಲೆಟೊಟ್ರೈಕಮ್ ಆರ್ಬಿಕ್ಯುಲೇರ್,ಎಲೆ ಮತ್ತು ಹಣ್ಣಿನ ಮೇಲೆ ತಗ್ಗು ಬಿದ್ದ ಕಪ್ಪು ಚುಕ್ಕೆ. ಕಾರ್ಬನ್ ಡೈಜಿಮ್ ಸಿಂಪಡಿಸಿ. ಬಿತ್ತನೆ ಮುನ್ನ ಥೈರಾಮ್‌ನಿಂದ ಬೀಜೋಪಚಾರ ಮಾಡಿ.
ಕುಂಬಳಕಾಯಿ,ಕೋನೀಯ ಎಲೆ ಚುಕ್ಕೆ,ಸ್ಯೂಡೋಮೋನಾಸ್ ಸಿರಿಂಗೆ,ಎಲೆ ಮೇಲೆ ಚೌಕಾಕಾರದ ನೀರಿನಂತ ಚುಕ್ಕೆಗಳು. ಸ್ಟ್ರೆಪ್ಟೋಸೈಕ್ಲಿನ್ (1g/10L) ಮತ್ತು ಕಾಪರ್ ಆಕ್ಸಿಕ್ಲೋರೈಡ್ ಸಿಂಪಡಿಸಿ. ಬೆಳೆ ಪರಿವರ್ತನೆ ಮಾಡಿ.
ಕುಂಬಳಕಾಯಿ,ಅಲ್ಟರ್ನೇರಿಯಾ ಅಂಗಮಾರಿ,ಆಲ್ಟರ್ನೇರಿಯಾ ಕುಕುಮೆರಿನಾ,ಎಲೆ ಮೇಲೆ ವೃತ್ತಾಕಾರದ ಕಂದು ಮಚ್ಚೆ. ಮ್ಯಾಂಕೊಜೆಬ್ ಸಿಂಪಡಿಸಿ. ಮಣ್ಣಿಗೆ ಪೊಟ್ಯಾಶ್ ಗೊಬ್ಬರ ನೀಡುವುದರಿಂದ ರೋಗ ನಿರೋಧಕ ಶಕ್ತಿ ಹೆಚ್ಚುತ್ತದೆ.
ಕುಂಬಳಕಾಯಿ,ಫ್ಯುಸೇರಿಯಂ ಬಾಡು ರೋಗ,ಫ್ಯುಸೇರಿಯಂ ಆಕ್ಸಿಸ್ಪೋರಮ್,ಗಿಡ ಹಗಲು ಹೊತ್ತಿನಲ್ಲಿ ದಿಢೀರನೆ ಬಾಡುತ್ತದೆ. ಕಾರ್ಬನ್ ಡೈಜಿಮ್‌ನಿಂದ ಮಣ್ಣು ನೆನೆಸಿ. ಮಣ್ಣಿಗೆ ಟ್ರೈಕೋಡರ್ಮಾ ಜೈವಿಕ ಗೊಬ್ಬರ ಬೆರೆಸಿ.
ಕುಂಬಳಕಾಯಿ,ಫೈಟೊಪ್ಥೋರಾ ಹಣ್ಣು ಕೊಳೆತ,ಫೈಟೊಪ್ಥೋರಾ ಕ್ಯಾಪ್ಸಿಸಿ,ಮಣ್ಣಿಗೆ ತಾಗುವ ಹಣ್ಣು ಬಿಳಿ ಬೂಸಲು ಬಂದು ಕೊಳೆಯುತ್ತದೆ. ಮೆಟಾಲ್ಯಾಕ್ಸಿಲ್ ಸಿಂಪಡಿಸಿ. ಹಣ್ಣು ಮಣ್ಣಿಗೆ ತಾಗದಂತೆ ಹೊದಿಕೆ (Mulch) ಬಳಸಿ.
ಕುಂಬಳಕಾಯಿ,ಬೇರು ಗಂಟು ಜಂತುಹುಳು,ಮೆಲೋಯಿಡೋಗೈನೆ ಪ್ರಭೇದ,ಬೇರುಗಳಲ್ಲಿ ಗಂಟುಗಳಾಗಿ ಗಿಡ ಸೊರಗುತ್ತದೆ. ಸಾಲುಗಳ ಮಧ್ಯೆ ಚೆಂಡುಹೂ ಬೆಳೆಸಿ. ಮಣ್ಣಿಗೆ ಬೇವಿನ ಹಿಂಡಿ (250kg/acre) ಬಳಸಿ.
ಕುಂಬಳಕಾಯಿ,ಸ್ಕ್ಯಾಬ್ ರೋಗ (Scab),ಕ್ಲಾಡೋಸ್ಪೊರಿಯಂ ಕುಕುಮೆರಿನಮ್,ಹಣ್ಣಿನ ಮೇಲೆ ತಗ್ಗು ಬಿದ್ದ ಚುಕ್ಕೆಗಳಾಗಿ ದ್ರವ ಬರುತ್ತದೆ. ಕ್ಲೋರೋಥಲೋನಿಲ್ ಸಿಂಪಡಿಸಿ. ಒಣ ಹವಾಮಾನದಲ್ಲಿ ನೀರು ಹರಿಸುವಾಗ ಎಲೆಗೆ ತಾಗದಂತೆ ನೋಡಿ.
ಕುಂಬಳಕಾಯಿ,ಸೌತೆಕಾಯಿ ಮೊಸಾಯಿಕ್ ವೈರಸ್,ಕುಕುಂಬರ್ ಮೊಸಾಯಿಕ್ ವೈರಸ್,ಎಲೆ ಮುದುಡುವುದು ಮತ್ತು ಹಣ್ಣು ವಿಕಾರವಾಗುವುದು. ಅಫಿಡ್ಸ್ ಕೀಟಗಳ ನಿಯಂತ್ರಣಕ್ಕೆ ಹಳದಿ ಅಂಟು ಬಲೆ ಬಳಸಿ. ಹೊಲದ ಸುತ್ತಲಿನ ಕಳೆ ಕಿತ್ತುಹಾಕಿ.
ಕುಂಬಳಕಾಯಿ,ಬುಡ ಕೊಳೆತ (Belly Rot),ರೈಜೋಕ್ಟೋನಿಯಾ ಸೊಲಾನಿ,ಹಣ್ಣಿನ ಕೆಳಭಾಗ ಕಂದು ಬಣ್ಣಕ್ಕೆ ತಿರುಗಿ ಒಣಗುತ್ತದೆ. ಹಣ್ಣಿನ ಅಡಿಯಲ್ಲಿ ಒಣಹುಲ್ಲು ಅಥವಾ ಪ್ಲಾಸ್ಟಿಕ್ ಹಾಕಿ ಮಣ್ಣಿಗೆ ತಾಗದಂತೆ ನೋಡಿ.
ಕುಂಬಳಕಾಯಿ,ಬಿಳಿ ಬೂಸಲು ಕೊಳೆತ,ಸ್ಕ್ಲೆರೋಟಿನಿಯಾ ಸ್ಕ್ಲೆರೋಟಿಯೋರಮ್,ಕಾಂಡ ಅಥವಾ ಹಣ್ಣಿನ ಮೇಲೆ ಹತ್ತಿಯಂತ ಬಿಳಿ ಬೂಸಲು. ಕಾರ್ಬನ್ ಡೈಜಿಮ್ ಸಿಂಪಡಿಸಿ. ಜೋಳ ಅಥವಾ ಗೋಧಿಯ ಜೊತೆ ಬೆಳೆ ಪರಿವರ್ತನೆ ಮಾಡಿ.
ಕುಂಬಳಕಾಯಿ,ಹೂವಿನ ಬುಡ ಕೊಳೆತ,ಕೋನಿಫೋರಾ ಕುಕುರ್ಬಿಟಾರಮ್,ಹಣ್ಣಿನ ತುದಿ ಕಪ್ಪಾಗಿ ಒಣಗುತ್ತದೆ. ಇದು ಕ್ಯಾಲ್ಸಿಯಂ ಕೊರತೆಯಿಂದಾಗುತ್ತದೆ. ಕ್ಯಾಲ್ಸಿಯಂ ಸಿಂಪಡಿಸಿ ಮತ್ತು ಮಣ್ಣಿನ ತೇವಾಂಶ ಕಾಪಾಡಿ.
ಕುಂಬಳಕಾಯಿ,ಹಸಿ ಕೊಳೆ ರೋಗ (Choanephora),ಕೋನಿಫೋರಾ ಕುಕುರ್ಬಿಟಾರಮ್,ಹೂವು ಮತ್ತು ಎಳೆಯ ಹಣ್ಣಿನ ಮೇಲೆ ಕಪ್ಪು ಕೂದಲಿನಂತ ಬೂಸಲು. ಕಾಪರ್ ಆಕ್ಸಿಕ್ಲೋರೈಡ್ ಸಿಂಪಡಿಸಿ. ಒಣಗಿದ ಹೂವುಗಳನ್ನು ತೆಗೆದುಹಾಕಿ.
ಮೂಲಂಗಿ,ಬಿಳಿ ತುಕ್ಕು ರೋಗ (White Rust),ಅಲ್ಬುಗೋ ಪ್ರಭೇದ,ಎಲೆ ಕೆಳಗೆ ಬಿಳಿ ಸೀಮೆಸುಣ್ಣದಂತಹ ಚುಕ್ಕೆಗಳು. ಮೆಟಾಲ್ಯಾಕ್ಸಿಲ್ + ಮ್ಯಾಂಕೊಜೆಬ್ ಸಿಂಪಡಿಸಿ. ರೋಗವಿರುವ ಗಿಡಗಳನ್ನು ತಕ್ಷಣ ಕಿತ್ತುಹಾಕಿ.
ಮೂಲಂಗಿ,ಅಲ್ಟರ್ನೇರಿಯಾ ಎಲೆ ಚುಕ್ಕೆ,ಆಲ್ಟರ್ನೇರಿಯಾ ಪ್ರಭೇದ,ಎಲೆ ಮೇಲೆ ಗುರಿ ಫಲಕದಂತ ಕಪ್ಪು ಚುಕ್ಕೆಗಳು. ಮ್ಯಾಂಕೊಜೆಬ್ ಸಿಂಪಡಿಸಿ. ಹಳೆಯ ಬೆಳೆ ಉಳಿಕೆಗಳನ್ನು ಸುಟ್ಟು ಹಾಕಿ.
ಮೂಲಂಗಿ,ಡೌನಿ ಮಿಲ್ಡ್ಯೂ,ಸ್ಯೂಡೋಪೆರೋನೋಸ್ಪೋರಾ ಕ್ಯೂಬೆನ್ಸಿಸ್,"ಎಲೆ ಮೇಲೆ ಹಳದಿ ಮಚ್ಚೆ, ಕೆಳಗೆ ಬೂದು ಬೂಸಲು. ಮೆಟಾಲ್ಯಾಕ್ಸಿಲ್ ಸಿಂಪಡಿಸಿ. ಎತ್ತರಿಸಿದ ಪಾತಿಗಳಲ್ಲಿ ಬಿತ್ತನೆ ಮಾಡಿ."
ಮೂಲಂಗಿ,ಸರ್ಕೋಸ್ಪೊರಾ ಎಲೆ ಮಚ್ಚೆ,ಸರ್ಕೋಸ್ಪೊರಾ ಸಿಟ್ರುಲಿನಾ,ಎಲೆ ಮೇಲೆ ಬೂದು ಮಧ್ಯಭಾಗವಿರುವ ಚುಕ್ಕೆಗಳು. ಕಾರ್ಬನ್ ಡೈಜಿಮ್ ಸಿಂಪಡಿಸಿ. ಕೆಳಗಿನ ಹಳೆಯ ಎಲೆಗಳನ್ನು ಕಿತ್ತು ಹಾಕಿ.
ಮೂಲಂಗಿ,ಬ್ಯಾಕ್ಟೀರಿಯಾ ಕಪ್ಪು ಕೊಳೆತ,ಜಾಂಥೋಮೋನಾಸ್ ಪ್ರಭೇದ,ಎಲೆ ಅಂಚಿನಲ್ಲಿ 'V' ಆಕಾರದ ಹಳದಿ ಮಚ್ಚೆ. ಸ್ಟ್ರೆಪ್ಟೋಸೈಕ್ಲಿನ್ ಮತ್ತು ಕಾಪರ್ ಆಕ್ಸಿಕ್ಲೋರೈಡ್ ಬಳಸಿ. ಬಿಸಿ ನೀರಿನಲ್ಲಿ ಬೀಜೋಪಚಾರ ಮಾಡಿ.
ಮೂಲಂಗಿ,ಮೊಸಾಯಿಕ್ ವೈರಸ್,ಮೊಸಾಯಿಕ್ ವೈರಸ್,ಎಲೆ ಮುದುಡುವುದು ಮತ್ತು ಮಚ್ಚೆ ಕಾಣುವುದು. ಅಫಿಡ್ಸ್ ಕೀಟಗಳ ಹತೋಟಿಗೆ ಬೇವಿನ ಎಣ್ಣೆ ಬಳಸಿ. ರೋಗವಿರುವ ಗಿಡ ನಾಶಪಡಿಸಿ.
ಮೂಲಂಗಿ,ಫ್ಯುಸೇರಿಯಂ ಬಾಡು ರೋಗ,ಫ್ಯುಸೇರಿಯಂ ಆಕ್ಸಿಸ್ಪೋರಮ್,ಎಲೆ ಒಂದು ಬದಿ ಹಳದಿಯಾಗಿ ಗಿಡ ಬಾಡುತ್ತದೆ. ಕಾರ್ಬನ್ ಡೈಜಿಮ್‌ನಿಂದ ಮಣ್ಣು ನೆನೆಸಿ. ಮಣ್ಣಿಗೆ ಟ್ರೈಕೋಡರ್ಮಾ ಬೆರೆಸಿ.
ಮೂಲಂಗಿ,ಸಸಿ ಕೊಳೆತ (Damping Off),ಪೈಥಿಯಂ ಪ್ರಭೇದ,ಸಸಿಗಳು ನೆಲಕ್ಕೆ ಉರುಳಿ ಸಾಯುತ್ತವೆ. ಟ್ರೈಕೋಡರ್ಮಾ (10g/kg) ನಿಂದ ಬೀಜೋಪಚಾರ ಮಾಡಿ. ನೀರು ನಿಲ್ಲದಂತೆ ನೋಡಿ.
ಮೂಲಂಗಿ,ಕಜ್ಜಿ ರೋಗ (Scab),ಕ್ಲಾಡೋಸ್ಪೊರಿಯಂ ಕುಕುಮೆರಿನಮ್,ಮೂಲಂಗಿ ಚರ್ಮದ ಮೇಲೆ ಒರಟಾದ ಕಂದು ಕಲೆಗಳು. ಮಣ್ಣಿನಲ್ಲಿ ಯಾವಾಗಲೂ ಹದವಾದ ತೇವಾಂಶವಿರಲಿ. ಹಸಿ ಸಗಣಿ ಗೊಬ್ಬರ ಬಳಸಬೇಡಿ.
ಮೂಲಂಗಿ,ಗಂಟು ಬೇರು (Clubroot),ಪ್ಲಾಸ್ಮೋಡಿಯೋಫೋರಾ / ಮೆಲೋಯಿಡೋಗೈನೆ,ಹಗಲು ಬಾಡುವುದು ಮತ್ತು ಬೇರು ಗಂಟಾಗುವುದು. ಭೂಮಿ ಸಿದ್ಧತೆ ವೇಳೆ ಸುಣ್ಣ (Lime) ಬಳಸಿ. 3 ವರ್ಷ ಅಲ್ಲಿ ಮೂಲಂಗಿ ಬೆಳೆಯಬೇಡಿ.
ಮೂಲಂಗಿ,ಬೇರು ಕೊಳೆತ (Rhizoctonia),ರೈಜೋಕ್ಟೋನಿಯಾ ಸೊಲಾನಿ,ಬೇರಿನ ಬುಡದಲ್ಲಿ ತಗ್ಗು ಬಿದ್ದ ಒಣ ಮಚ್ಚೆಗಳು. ಥಿಯೋಫನೇಟ್ ಮಿಥೈಲ್ ಸಿಂಪಡಿಸಿ. ಬೇಸಿಗೆಯಲ್ಲಿ ಆಳವಾದ ಉಳುಮೆ ಮಾಡಿ.
ಮೂಲಂಗಿ,ಕಪ್ಪು ಬೇರು ರೋಗ (Black Root),ಫೋಮಾಪ್ಸಿಸ್ / ಥಿಯಲವಿಯೋಪ್ಸಿಸ್,ಮೂಲಂಗಿ ಕಪ್ಪಾಗುತ್ತದೆ. ಫೆನಾಮಿಡೋನ್ + ಮ್ಯಾಂಕೊಜೆಬ್ ಬಳಸಿ. ನೀರು ನಿಲ್ಲುವ ಭಾರೀ ಮಣ್ಣಿನಲ್ಲಿ ಇದನ್ನು ಬೆಳೆಯಬೇಡಿ.
ಮೂಲಂಗಿ,ಮೆದು ಕೊಳೆತ (Soft Rot),ಪೆಕ್ಟೋಬ್ಯಾಕ್ಟೀರಿಯಂ ಕ್ಯಾರೋಟೋವೋರಮ್,ಬೇರು ಮೆತ್ತಗಾಗಿ ಕೆಟ್ಟ ವಾಸನೆ ಬರುತ್ತದೆ. ಕಳೆ ಕೀಳುವಾಗ ಗಾಯವಾಗದಂತೆ ನೋಡಿ. ಬುಡಕ್ಕೆ ಕಾಪರ್ ಆಕ್ಸಿಕ್ಲೋರೈಡ್ ಸಿಂಪಡಿಸಿ.
ಮೂಲಂಗಿ,ಫಿಲೋಡಿ (Phyllody),ಫೈಟೋಪ್ಲಾಸ್ಮಾ,ಹೂವುಗಳು ಹಸಿರು ಎಲೆಗಳಂತಾಗುತ್ತವೆ. ಜಿಗಿನೊಣಗಳ ನಿಯಂತ್ರಣಕ್ಕೆ ಬೇವಿನ ಎಣ್ಣೆ ಬಳಸಿ. ರೋಗವಿರುವ ಗಿಡ ಕಿತ್ತುಹಾಕಿ.
ಮೂಲಂಗಿ,ಬೋರಾನ್ ಕೊರತೆ,ಬೋರಾನ್ ಕೊರತೆ,ಮೂಲಂಗಿ ಒಳಗೆ ಕಂದಾಗುವುದು ಅಥವಾ ಸೀಳುವುದು. ಹೂ ಬಿಡುವಾಗ ಬೋರಾಕ್ಸ್ (2g/L) ಸಿಂಪಡಿಸಿ.
ಮೂಲಂಗಿ,ಬೇರು ಗಂಟು ಜಂತುಹುಳು,ಮೆಲೋಯಿಡೋಗೈನೆ ಪ್ರಭೇದ,ಗಿಡ ಕುಂಠಿತವಾಗಿ ಹಳದಿಯಾಗುತ್ತದೆ. ಸಾಲುಗಳ ಮಧ್ಯೆ ಚೆಂಡುಹೂ ಬೆಳೆಸಿ. ಮಣ್ಣಿಗೆ ಬೇವಿನ ಹಿಂಡಿ (250kg/acre) ಬಳಸಿ.
ಹೀರೆಕಾಯಿ,ಡೌನಿ ಮಿಲ್ಡ್ಯೂ,ಸ್ಯೂಡೋಪೆರೋನೋಸ್ಪೋರಾ ಕ್ಯೂಬೆನ್ಸಿಸ್,"ಎಲೆ ಮೇಲೆ ಹಳದಿ ಮಚ್ಚೆ, ಕೆಳಗೆ ಬೂದು ಬೂಸಲು. ಮೆಟಾಲ್ಯಾಕ್ಸಿಲ್ + ಮ್ಯಾಂಕೊಜೆಬ್ ಬಳಸಿ. ಚಪ್ಪರ (Trellis) ಪದ್ಧತಿ ಅನುಸರಿಸಿ."
ಹೀರೆಕಾಯಿ,ಬೂದಿ ರೋಗ (Powdery Mildew),ಎರಿಸೈಫಿ ಸಿಕೋರಾಸಿಯಾರಮ್,ಎಲೆಗಳ ಎರಡು ಬದಿ ಬಿಳಿ ಪುಡಿ. ಹೆಕ್ಸಾಕೊನಜೋಲ್ ಅಥವಾ ಗಂಧಕ ಸಿಂಪಡಿಸಿ. ಅಡುಗೆ ಸೋಡಾ ಮಿಶ್ರಿತ ನೀರು ಬಳಸಬಹುದು.
ಹೀರೆಕಾಯಿ,ಹಳದಿ ಮೊಸಾಯಿಕ್ ವೈರಸ್,ಝುಕಿನಿ ಯೆಲ್ಲೋ ಮೊಸಾಯಿಕ್ ವೈರಸ್ (ZYMV),ಎಲೆ ಮೇಲೆ ಹಳದಿ ಮಚ್ಚೆ ಮತ್ತು ಗಿಡ ಕುಂಠಿತ. ಬಿಳಿ ನೊಣಗಳ ಹತೋಟಿಗೆ ಹಳದಿ ಅಂಟು ಬಲೆ ಬಳಸಿ. ಇಮಿಡಾಕ್ಲೋಪ್ರಿಡ್ ಸಿಂಪಡಿಸಿ.
ಹೀರೆಕಾಯಿ,ಸೌತೆಕಾಯಿ ಮೊಸಾಯಿಕ್ ವೈರಸ್,ಕುಕುಂಬರ್ ಮೊಸಾಯಿಕ್ ವೈರಸ್,ಎಲೆ ವಿಕಾರವಾಗಿ ಹಸಿರು-ಹಳದಿ ಮಚ್ಚೆ ಮೂಡುತ್ತದೆ. ಅಫಿಡ್ಸ್ ಹತೋಟಿಗೆ ಬೇವಿನ ಎಣ್ಣೆ ಬಳಸಿ. ಬದುಗಳಲ್ಲಿರುವ ಕಳೆ ಕಿತ್ತುಹಾಕಿ.
ಹೀರೆಕಾಯಿ,ಫ್ಯುಸೇರಿಯಂ ಬಾಡು ರೋಗ,ಫ್ಯುಸೇರಿಯಂ ಆಕ್ಸಿಸ್ಪೋರಮ್,ಕೆಳಗಿನ ಎಲೆಯಿಂದ ಹಳದಿಯಾಗಿ ಬಳ್ಳಿ ಒಣಗುತ್ತದೆ. ಕಾರ್ಬನ್ ಡೈಜಿಮ್‌ನಿಂದ ಮಣ್ಣು ನೆನೆಸಿ. ಮಣ್ಣಿಗೆ ಟ್ರೈಕೋಡರ್ಮಾ ಬೆರೆಸಿ.
ಹೀರೆಕಾಯಿ,ಅಂತ್ರಾಕ್ನೋಸ್ (Anthracnose),ಕೊಲೆಟೊಟ್ರೈಕಮ್ ಆರ್ಬಿಕ್ಯುಲೇರ್,ಹಣ್ಣಿನ ಮೇಲೆ ತಗ್ಗು ಬಿದ್ದ ಕಪ್ಪು ಚುಕ್ಕೆ. ಕಾರ್ಬನ್ ಡೈಜಿಮ್ ಸಿಂಪಡಿಸಿ. ಬೀಜಕ್ಕೆ ಥೈರಾಮ್‌ನಿಂದ ಉಪಚಾರ ಮಾಡಿ.
ಹೀರೆಕಾಯಿ,ಸರ್ಕೋಸ್ಪೊರಾ ಎಲೆ ಮಚ್ಚೆ,ಸರ್ಕೋಸ್ಪೊರಾ ಸಿಟ್ರುಲಿನಾ,ಎಲೆ ಮೇಲೆ ಬೂದು ಮಧ್ಯಭಾಗವಿರುವ ಚುಕ್ಕೆ. ಮ್ಯಾಂಕೊಜೆಬ್ ಸಿಂಪಡಿಸಿ. ಕೆಳಗಿನ ಎಲೆ ಸವರಿ ಗಾಳಿಯಾಡುವಂತೆ ನೋಡಿ.
ಹೀರೆಕಾಯಿ,ಸಸಿ ಕೊಳೆತ (Damping Off),ಪೈಥಿಯಂ ಪ್ರಭೇದ,ನರ್ಸರಿಯಲ್ಲಿ ಸಸಿಗಳ ಬುಡ ಕೊಳೆತು ಸಾಯುತ್ತವೆ. ಟ್ರೈಕೋಡರ್ಮಾ (10g/kg) ನಿಂದ ಬೀಜೋಪಚಾರ ಮಾಡಿ. ಕಾಪರ್ ಔಷಧದಿಂದ ಮಣ್ಣು ನೆನೆಸಿ.
ಹೀರೆಕಾಯಿ,ಹಣ್ಣು ಕೊಳೆತ (Phytophthora),ಫೈಟೊಪ್ಥೋರಾ ಕ್ಯಾಪ್ಸಿಸಿ,ಹಣ್ಣಿನ ಮೇಲೆ ಬಿಳಿ ಹತ್ತಿಯಂತ ಬೂಸಲು ಬರುತ್ತದೆ. ಮೆಟಾಲ್ಯಾಕ್ಸಿಲ್ ಸಿಂಪಡಿಸಿ. ಬಳ್ಳಿಯನ್ನು ಕಡ್ಡಾಯವಾಗಿ ಚಪ್ಪರಕ್ಕೆ ಹಬ್ಬಿಸಿ.
ಹೀರೆಕಾಯಿ,ಕೋನೀಯ ಎಲೆ ಚುಕ್ಕೆ,ಸ್ಯೂಡೋಮೋನಾಸ್ ಸಿರಿಂಗೆ,ಎಲೆ ಮೇಲೆ ಚೌಕಾಕಾರದ ನೀರಿನಂತ ಚುಕ್ಕೆ. ಸ್ಟ್ರೆಪ್ಟೋಸೈಕ್ಲಿನ್ ಮತ್ತು ಕಾಪರ್ ಆಕ್ಸಿಕ್ಲೋರೈಡ್ ಬಳಸಿ.
ಹೀರೆಕಾಯಿ,ಸ್ಕ್ಯಾಬ್ ರೋಗ (Scab),ಕ್ಲಾಡೋಸ್ಪೊರಿಯಂ ಕುಕುಮೆರಿನಮ್,ಹಣ್ಣಿನ ಮೇಲೆ ತಗ್ಗು ಬಿದ್ದ ಚುಕ್ಕೆಗಳಾಗಿ ದ್ರವ ಬರುತ್ತದೆ. ಕ್ಲೋರೋಥಲೋನಿಲ್ ಸಿಂಪಡಿಸಿ. ಚಳಿಗಾಲದಲ್ಲಿ ಬೇಗನೆ ನಾಟಿ ಮಾಡಬೇಡಿ.
ಹೀರೆಕಾಯಿ,ಅಂಟು ಕಾಂಡದ ರೋಗ (Gummy Stem),ಡಿಡಿಮೆಲ್ಲಾ ಬ್ರಯೋನಿಯೇ,ಕಾಂಡದಿಂದ ಕೆಂಪು-ಕಂದು ಅಂಟು ಬರುತ್ತದೆ. ಥಿಯೋಫನೇಟ್ ಮಿಥೈಲ್ ಸಿಂಪಡಿಸಿ. ರೋಗಮುಕ್ತ ಬೀಜ ಬಳಸಿ.
ಹೀರೆಕಾಯಿ,ಬುಡ ಕೊಳೆತ (Belly Rot),ರೈಜೋಕ್ಟೋನಿಯಾ ಸೊಲಾನಿ,ನೆಲಕ್ಕೆ ತಾಗುವ ಹಣ್ಣು ಕಂದು ಬಣ್ಣಕ್ಕೆ ತಿರುಗಿ ಕೊಳೆಯುತ್ತದೆ. ಚಪ್ಪರ ಬಳಸಿ ಅಥವಾ ಹಣ್ಣಿನ ಕೆಳಗೆ ಒಣಹುಲ್ಲು ಹಾಕಿ.
ಹೀರೆಕಾಯಿ,ಹಸಿ ಕೊಳೆ ರೋಗ (Choanephora),ಕೋನಿಫೋರಾ ಕುಕುರ್ಬಿಟಾರಮ್,ಹೂವು ಮತ್ತು ಎಳೆಯ ಹಣ್ಣು ಕಪ್ಪಾಗಿ ಕೊಳೆಯುತ್ತವೆ. ಕಾಪರ್ ಆಕ್ಸಿಕ್ಲೋರೈಡ್ ಸಿಂಪಡಿಸಿ. ಮೊಗದಲ್ಲಿ ನೀರು ನಿಲ್ಲದಂತೆ ನೋಡಿ.
ಹೀರೆಕಾಯಿ,ಅಲ್ಟರ್ನೇರಿಯಾ ಅಂಗಮಾರಿ,ಆಲ್ಟರ್ನೇರಿಯಾ ಕುಕುಮೆರಿನಾ,ಎಲೆ ಮೇಲೆ ಕಂದು ವೃತ್ತಾಕಾರದ ಮಚ್ಚೆ. ಮ್ಯಾಂಕೊಜೆಬ್ ಸಿಂಪಡಿಸಿ. ಸರಿಯಾದ ಪ್ರಮಾಣದಲ್ಲಿ NPK ಗೊಬ್ಬರ ನೀಡಿ.
ಹೀರೆಕಾಯಿ,ಬೇರು ಗಂಟು ಜಂತುಹುಳು,ಮೆಲೋಯಿಡೋಗೈನೆ ಪ್ರಭೇದ,ಗಿಡ ಹಳದಿಯಾಗಿ ಕುಂಠಿತವಾಗುತ್ತದೆ. ಮಣ್ಣಿಗೆ ಬೇವಿನ ಹಿಂಡಿ ಬಳಸಿ. ಸಾಲುಗಳ ಮಧ್ಯೆ ಚೆಂಡುಹೂ ಬೆಳೆಸುವುದು ಉತ್ತಮ.
ಪಾಲಕ್,ಡೌನಿ ಮಿಲ್ಡ್ಯೂ,ಸ್ಯೂಡೋಪೆರೋನೋಸ್ಪೋರಾ ಕ್ಯೂಬೆನ್ಸಿಸ್,"ಎಲೆ ಮೇಲೆ ಹಳದಿ ಚುಕ್ಕೆ, ಕೆಳಗೆ ಬೂದು ಬೂಸಲು. ಮೆಟಾಲ್ಯಾಕ್ಸಿಲ್ + ಮ್ಯಾಂಕೊಜೆಬ್ (2g/L) ಬಳಸಿ. ಎಲೆಗಳು ರಾತ್ರಿ ವೇಳೆ ಒಣಗಿರಲಿ."
ಪಾಲಕ್,ಸರ್ಕೋಸ್ಪೊರಾ ಎಲೆ ಮಚ್ಚೆ,ಸರ್ಕೋಸ್ಪೊರಾ ಸಿಟ್ರುಲಿನಾ,ಬಿಳಿ ಮಧ್ಯಭಾಗವಿರುವ ಸಣ್ಣ ಕಂದು ಚುಕ್ಕೆಗಳು. ಕಾರ್ಬನ್ ಡೈಜಿಮ್ ಅಥವಾ ಮ್ಯಾಂಕೊಜೆಬ್ ಸಿಂಪಡಿಸಿ. ಕೆಳಗಿನ ಹಳೆಯ ಎಲೆ ಕಿತ್ತುಹಾಕಿ.
ಪಾಲಕ್,ಅಂತ್ರಾಕ್ನೋಸ್ (Anthracnose),ಕೊಲೆಟೊಟ್ರೈಕಮ್ ಆರ್ಬಿಕ್ಯುಲೇರ್,ನೀರಿನಂತ ಮಚ್ಚೆಗಳು ಕಂದು ಬಣ್ಣಕ್ಕೆ ತಿರುಗಿ ಕಾಗದದಂತೆ ತೆಳುವಾಗುತ್ತವೆ. ಕಾಪರ್ ಆಕ್ಸಿಕ್ಲೋರೈಡ್ ಸಿಂಪಡಿಸಿ. ರೋಗಮುಕ್ತ ಬೀಜ ಬಳಸಿ.
ಪಾಲಕ್,ಸಸಿ ಕೊಳೆತ (Damping Off),ಪೈಥಿಯಂ ಪ್ರಭೇದ,ಸಣ್ಣ ಸಸಿಗಳು ನೆಲಕ್ಕೆ ಉರುಳಿ ಸಾಯುತ್ತವೆ. ಟ್ರೈಕೋಡರ್ಮಾ (4g/kg) ನಿಂದ ಬೀಜೋಪಚಾರ ಮಾಡಿ. ಎತ್ತರಿಸಿದ ಪಾತಿಗಳಲ್ಲಿ ಬಿತ್ತನೆ ಮಾಡಿ.
ಪಾಲಕ್,ಫ್ಯುಸೇರಿಯಂ ಬಾಡು ರೋಗ,ಫ್ಯುಸೇರಿಯಂ ಆಕ್ಸಿಸ್ಪೋರಮ್,ಎಲೆ ಹಳದಿಯಾಗಿ ಗಿಡ ಒಣಗುತ್ತದೆ. ಕಾರ್ಬನ್ ಡೈಜಿಮ್‌ನಿಂದ ಮಣ್ಣು ನೆನೆಸಿ. ಮಣ್ಣಿಗೆ ಟ್ರೈಕೋಡರ್ಮಾ ಜೈವಿಕ ಗೊಬ್ಬರ ಸೇರಿಸಿ.
ಪಾಲಕ್,ಮೊಸಾಯಿಕ್ ವೈರಸ್,ಮೊಸಾಯಿಕ್ ವೈರಸ್,ಎಲೆ ಮುದುಡುವುದು ಮತ್ತು ಹಳದಿ ಮಚ್ಚೆ. ಅಫಿಡ್ಸ್ ಹತೋಟಿಗೆ ಹಳದಿ ಅಂಟು ಬಲೆ ಮತ್ತು ಬೇವಿನ ಎಣ್ಣೆ ಬಳಸಿ. ರೋಗವಿರುವ ಗಿಡ ಕಿತ್ತುಹಾಕಿ.
ಪಾಲಕ್,ಬಿಳಿ ತುಕ್ಕು (White Rust),ಅಲ್ಬುಗೋ ಕ್ಯಾಂಡಿಡಾ,ಎಲೆ ಕೆಳಗೆ ಬಿಳಿ ಸೀಮೆಸುಣ್ಣದಂತಹ ಚುಕ್ಕೆಗಳು. ಮೆಟಾಲ್ಯಾಕ್ಸಿಲ್ ಸಿಂಪಡಿಸಿ. ತುಂತುರು ನೀರಾವರಿ ಬೇಡ.
ಪಾಲಕ್,ಸ್ಟೆಂಫಿಲಿಯಂ ಎಲೆ ಮಚ್ಚೆ,ಸ್ಟೆಂಫಿಲಿಯಂ ಪ್ರಭೇದ,ಬೂದು ಬಣ್ಣದ ಚುಕ್ಕೆಗಳಿಂದ ಎಲೆ ಸುಟ್ಟಂತೆ ಕಾಣುತ್ತದೆ. ಪ್ರೊಪಿಕೊನಜೋಲ್ ಸಿಂಪಡಿಸಿ. ಪೊಟ್ಯಾಶ್ ಗೊಬ್ಬರ ನೀಡುವುದು ಉತ್ತಮ.
ಪಾಲಕ್,ಬ್ಯಾಕ್ಟೀರಿಯಾ ಎಲೆ ಚುಕ್ಕೆ,ಜಾಂಥೋಮೋನಾಸ್ ಪ್ರಭೇದ,ನೀರಿನಂತ ಎಣ್ಣೆಯುಕ್ತ ಮಚ್ಚೆಗಳು. ಸ್ಟ್ರೆಪ್ಟೋಸೈಕ್ಲಿನ್ ಮತ್ತು ಕಾಪರ್ ಆಕ್ಸಿಕ್ಲೋರೈಡ್ ಬಳಸಿ. ಎಲೆಗೆ ಗಾಯವಾಗದಂತೆ ನೋಡಿ.
ಪಾಲಕ್,ಕ್ಲಾಡೋಸ್ಪೊರಿಯಂ ಚುಕ್ಕೆ,ಕ್ಲಾಡೋಸ್ಪೊರಿಯಂ ಪ್ರಭೇದ,ಎಲೆಯ ಎರಡು ಬದಿ ಕಪ್ಪು ಹಸಿರು ಬಣ್ಣದ ಬೂಸಲು ಚುಕ್ಕೆ. ಮ್ಯಾಂಕೊಜೆಬ್ ಸಿಂಪಡಿಸಿ. ಗಿಡ ಒದ್ದೆಯಿದ್ದಾಗ ಕೊಯ್ಲು ಮಾಡಬೇಡಿ.
ಪಾಲಕ್,ಪೈಥಿಯಂ ಬೇರು ಕೊಳೆತ,ಪೈಥಿಯಂ ಪ್ರಭೇದ,ಬೇರುಗಳು ಕಪ್ಪಾಗಿ ಲೋಳೆಯಂತಾಗುತ್ತವೆ. ಮೆಟಾಲ್ಯಾಕ್ಸಿಲ್‌ನಿಂದ ಮಣ್ಣು ನೆನೆಸಿ. ಹೊಲದಲ್ಲಿ ನೀರು ನಿಲ್ಲದಂತೆ ನೋಡಿ.
ಪಾಲಕ್,ಫೈಲೋಸ್ಟಿಕ್ಟಾ ಎಲೆ ಮಚ್ಚೆ,ಫೈಲೋಸ್ಟಿಕ್ಟಾ ಪ್ರಭೇದ,ಕಂದು ಚುಕ್ಕೆಗಳ ಮಧ್ಯೆ ಸಣ್ಣ ಕಪ್ಪು ಚುಕ್ಕೆಗಳಿರುತ್ತವೆ. ಕಾಪರ್ ಆಕ್ಸಿಕ್ಲೋರೈಡ್ ಸಿಂಪಡಿಸಿ. ಬೆಳೆ ಉಳಿಕೆಗಳನ್ನು ಸುಟ್ಟು ಹಾಕಿ.
ಪಾಲಕ್,ಮಳೆಗಾಲದ ಅಂಗಮಾರಿ,ಫೈಟೊಪ್ಥೋರಾ ಪ್ರಭೇದ,ಅತಿಯಾದ ಮಳೆಯಿಂದ ಎಲೆಗಳು ಕೊಳೆಯುತ್ತವೆ. ಮ್ಯಾಂಕೊಜೆಬ್ ಸಿಂಪಡಿಸಿ. ಮಳೆಗಾಲದಲ್ಲಿ ಪ್ಲಾಸ್ಟಿಕ್ ಹೊದಿಕೆ (Rain shelter) ಬಳಸುವುದು ಉತ್ತಮ.
ಪಾಲಕ್,ವರ್ಟಿಸಿಲಿಯಂ ಬಾಡು ರೋಗ,ವರ್ಟಿಸಿಲಿಯಂ ಡಾಲಿಯೇ,ಎಲೆಯ ಒಂದು ಬದಿ ಹಳದಿಯಾಗಿ ಬಾಡುತ್ತದೆ. ಆಲೂಗಡ್ಡೆ ಅಥವಾ ಟೊಮೆಟೊ ಬೆಳೆದ ಜಾಗದಲ್ಲಿ ಇದನ್ನು ಬೆಳೆಯಬೇಡಿ.
ಪಾಲಕ್,ಎಲೆ ಅಂಚು ಸುಡುವುದು (Tip Burn),ಕ್ಯಾಲ್ಸಿಯಂ ಕೊರತೆ,ಕ್ಯಾಲ್ಸಿಯಂ ಕೊರತೆಯಿಂದ ಎಲೆ ಅಂಚು ಒಣಗುತ್ತದೆ. ಮಣ್ಣಿನಲ್ಲಿ ತೇವಾಂಶ ಸಮನಾಗಿರಲಿ. ಕ್ಯಾಲ್ಸಿಯಂ ಪೋಷಕಾಂಶ ಸಿಂಪಡಿಸಿ.
ಪಾಲಕ್,ಕಬ್ಬಿಣದ ಕೊರತೆ (Chlorosis),ಕಬ್ಬಿಣದ ಕೊರತೆ,ಹೊಸ ಎಲೆಗಳು ಹಳದಿಯಾಗುತ್ತವೆ ಆದರೆ ನರಗಳು ಹಸಿರಾಗಿರುತ್ತವೆ. ಫೆರಸ್ ಸಲ್ಫೇಟ್ (2g/L) ಸಿಂಪಡಿಸಿ.
ಪಡವಲಕಾಯಿ,ಡೌನಿ ಮಿಲ್ಡ್ಯೂ,ಸ್ಯೂಡೋಪೆರೋನೋಸ್ಪೋರಾ ಕ್ಯೂಬೆನ್ಸಿಸ್,"ಎಲೆ ಮೇಲೆ ಹಳದಿ ಮಚ್ಚೆ, ಕೆಳಗೆ ಬೂದು ಬೂಸಲು. ಮೆಟಾಲ್ಯಾಕ್ಸಿಲ್ + ಮ್ಯಾಂಕೊಜೆಬ್ ಬಳಸಿ. ಚಪ್ಪರ (Pandal) ಕಡ್ಡಾಯವಾಗಿ ಬಳಸಿ."
ಪಡವಲಕಾಯಿ,ಮೊಸಾಯಿಕ್ ವೈರಸ್,ಮೊಸಾಯಿಕ್ ವೈರಸ್,ಎಲೆ ಮುದುಡುವುದು ಮತ್ತು ಹಣ್ಣು ವಿಕಾರವಾಗುವುದು. ಅಫಿಡ್ಸ್ ಹತೋಟಿಗೆ ಬೇವಿನ ಎಣ್ಣೆ ಬಳಸಿ. ರೋಗವಿರುವ ಬಳ್ಳಿ ಕಿತ್ತು ಹೂತು ಹಾಕಿ.
ಪಡವಲಕಾಯಿ,ಬೂದಿ ರೋಗ (Powdery Mildew),ಎರಿಸೈಫಿ ಸಿಕೋರಾಸಿಯಾರಮ್,ಎಲೆಗಳ ಮೇಲೆ ಬಿಳಿ ಪುಡಿ ಕಾಣುತ್ತದೆ. ಹೆಕ್ಸಾಕೊನಜೋಲ್ ಅಥವಾ ಗಂಧಕ ಸಿಂಪಡಿಸಿ. ಬಳ್ಳಿಯಲ್ಲಿ ಗಾಳಿಯಾಡುವಂತೆ ಎಲೆ ಸವಿಯಿರಿ.
ಪಡವಲಕಾಯಿ,ಅಂಟು ಕಾಂಡದ ರೋಗ,ಡಿಡಿಮೆಲ್ಲಾ ಬ್ರಯೋನಿಯೇ,ಕಾಂಡದಿಂದ ಕೆಂಪು-ಕಂದು ಅಂಟು ಬರುತ್ತದೆ. ಥಿಯೋಫನೇಟ್ ಮಿಥೈಲ್ ಸಿಂಪಡಿಸಿ. ಹೊಲವನ್ನು ಸ್ವಚ್ಛವಾಗಿಡಿ.
ಪಡವಲಕಾಯಿ,ಅಂತ್ರಾಕ್ನೋಸ್ (Anthracnose),ಕೊಲೆಟೊಟ್ರೈಕಮ್ ಆರ್ಬಿಕ್ಯುಲೇರ್,ಹಣ್ಣು ಮತ್ತು ಎಲೆಯ ಮೇಲೆ ತಗ್ಗು ಬಿದ್ದ ಕಪ್ಪು ಚುಕ್ಕೆ. ಕಾರ್ಬನ್ ಡೈಜಿಮ್ ಸಿಂಪಡಿಸಿ. ಬಿತ್ತನೆ ಮುನ್ನ ಥೈರಾಮ್‌ನಿಂದ ಬೀಜೋಪಚಾರ ಮಾಡಿ.
ಪಡವಲಕಾಯಿ,ಬ್ಯಾಕ್ಟೀರಿಯಾ ಬಾಡು ರೋಗ,ಎರ್ವಿನಿಯಾ / ರಾಲ್ಸ್ಟೋನಿಯಾ,ಬಳ್ಳಿ ಹಸಿರಾಗಿದ್ದಾಗಲೇ ಬಾಡುತ್ತದೆ. ಸೌತೆಕಾಯಿ ಜೀರುಂಡೆಗಳನ್ನು ನಿಯಂತ್ರಿಸಿ. ಜೋಳ ಅಥವಾ ಸಜ್ಜೆಯ ಜೊತೆ ಬೆಳೆ ಪರಿವರ್ತನೆ ಮಾಡಿ.
ಪಡವಲಕಾಯಿ,ಫೈಟೊಪ್ಥೋರಾ ಹಣ್ಣು ಕೊಳೆತ,ಫೈಟೊಪ್ಥೋರಾ ಕ್ಯಾಪ್ಸಿಸಿ,ಕಾಯಿಗಳ ತುದಿ ಮೆತ್ತಗಾಗಿ ಕೊಳೆಯುತ್ತವೆ. ಮೆಟಾಲ್ಯಾಕ್ಸಿಲ್ ಸಿಂಪಡಿಸಿ. ಚಪ್ಪರವು 6-7 ಅಡಿ ಎತ್ತರವಿದ್ದು ಕಾಯಿಗಳು ನೆಲಕ್ಕೆ ತಾಗದಂತೆ ಇರಲಿ.
ಪಡವಲಕಾಯಿ,ಸರ್ಕೋಸ್ಪೊರಾ ಎಲೆ ಮಚ್ಚೆ,ಸರ್ಕೋಸ್ಪೊರಾ ಸಿಟ್ರುಲಿನಾ,ನೇರಳೆ ಅಂಚಿನ ಬೂದು ಚುಕ್ಕೆಗಳು. ಮ್ಯಾಂಕೊಜೆಬ್ ಸಿಂಪಡಿಸಿ. ಕೆಳಗಿನ ಹಳೆಯ ಎಲೆಗಳನ್ನು ಕಿತ್ತು ಗಾಳಿಯಾಡಲು ಜಾಗ ಮಾಡಿ.
ಪಡವಲಕಾಯಿ,ಫ್ಯುಸೇರಿಯಂ ಬಾಡು ರೋಗ,ಫ್ಯುಸೇರಿಯಂ ಆಕ್ಸಿಸ್ಪೋರಮ್,ಕೆಳಗಿನಿಂದ ಎಲೆ ಹಳದಿಯಾಗಿ ಬಳ್ಳಿ ಬಾಡುತ್ತದೆ. ಕಾರ್ಬನ್ ಡೈಜಿಮ್‌ನಿಂದ ಮಣ್ಣು ನೆನೆಸಿ. ಮಣ್ಣಿಗೆ ಟ್ರೈಕೋಡರ್ಮಾ ಬೆರೆಸಿ.
ಪಡವಲಕಾಯಿ,ಬೇರು ಗಂಟು ಜಂತುಹುಳು,ಮೆಲೋಯಿಡೋಗೈನೆ ಪ್ರಭೇದ,"ಬಳ್ಳಿ ಸೊರಗುತ್ತದೆ, ಬೇರಿನಲ್ಲಿ ಗಂಟುಗಳಿರುತ್ತವೆ. ಮಣ್ಣಿಗೆ ಬೇವಿನ ಹಿಂಡಿ ಬಳಸಿ. ಚಪ್ಪರದ ಬುಡದಲ್ಲಿ ಚೆಂಡುಹೂ ಬೆಳೆಸಿ."
ಪಡವಲಕಾಯಿ,ಹಸಿ ಕೊಳೆ ರೋಗ,ಕೋನಿಫೋರಾ ಕುಕುರ್ಬಿಟಾರಮ್,ಹೂವು ಮತ್ತು ಎಳೆಯ ಕಾಯಿ ಮೇಲೆ ಕಪ್ಪು ಕೂದಲಿನಂತ ಬೂಸಲು. ಕಾಪರ್ ಆಕ್ಸಿಕ್ಲೋರೈಡ್ ಸಿಂಪಡಿಸಿ. ಒಣಗಿದ ಹೂವುಗಳನ್ನು ತೆಗೆಯಿರಿ.
ಪಡವಲಕಾಯಿ,ಬೂದಿ ಕೊಳೆತ (Charcoal Rot),ಮ್ಯಾಕ್ರೋಫೋಮಿನಾ ಫ್ಯಾಸಿಯೋಲಿನಾ,ಕೆಳಗಿನ ಕಾಂಡ ಕಪ್ಪಾಗುತ್ತದೆ. ಕಾರ್ಬನ್ ಡೈಜಿಮ್ ಸಿಂಪಡಿಸಿ. ಮಣ್ಣಿನ ಶಾಖ ಸಮನಾಗಿರಲು ಹೊದಿಕೆ (Mulch) ಬಳಸಿ.
ಪಡವಲಕಾಯಿ,ಝುಕಿನಿ ಮೊಸಾಯಿಕ್ ವೈರಸ್,ಝುಕಿನಿ ಯೆಲ್ಲೋ ಮೊಸಾಯಿಕ್ ವೈರಸ್ (ZYMV),ಹಣ್ಣು ವಿಕಾರವಾಗಿ ಗಂಟುಗಳಾಗುತ್ತವೆ. ಅಫಿಡ್ಸ್ ಹತೋಟಿ ಬಹಳ ಮುಖ್ಯ. ಮೊದಲ ದಿನದಿಂದಲೇ ಕೀಟಗಳ ಮೇಲೆ ನಿಗಾ ಇಡಿ.
ಪಡವಲಕಾಯಿ,ಬುಡ ಕೊಳೆತ (Collar Rot),ಸ್ಕ್ಲೆರೋಶಿಯಂ ರಾಲ್ಫಿಸೈ,ಕಾಂಡದ ಬುಡ ಕೊಳೆತು ಬಿಳಿ ನೂಲಿನಂತ ಬೂಸಲು ಕಾಣುತ್ತದೆ. ಕಾಪರ್ ಆಕ್ಸಿಕ್ಲೋರೈಡ್‌ನಿಂದ ಮಣ್ಣು ನೆನೆಸಿ.
ಪಡವಲಕಾಯಿ,ಹಣ್ಣಿನ ತುದಿ ಒಣಗುವುದು,ಕ್ಯಾಲ್ಸಿಯಂ ಕೊರತೆ,ಕಾಯಿಯ ತುದಿ ಕಪ್ಪಾಗಿ ಒಣಗುತ್ತದೆ (ಕ್ಯಾಲ್ಸಿಯಂ ಕೊರತೆ). ಕ್ಯಾಲ್ಸಿಯಂ ನೈಟ್ರೇಟ್ ಸಿಂಪಡಿಸಿ ಮತ್ತು ಸರಿಯಾಗಿ ನೀರು ಹರಿಸಿ.
ಪಡವಲಕಾಯಿ,ಹಣ್ಣು ಸೀಳುವುದು,ದೈಹಿಕ ವಿಕೋಪ,ಅತಿಯಾದ ಮಳೆ ಅಥವಾ ನೀರಿನ ವ್ಯತ್ಯಾಸದಿಂದ ಆಗುತ್ತದೆ. ಮಣ್ಣಿನ ತೇವಾಂಶ ಕಾಪಾಡಿ. ಅತಿಯಾದ ಯೂರಿಯಾ ಬಳಸಬೇಡಿ.
ಸೋರೆಕಾಯಿ,ಗ್ರೀನ್ ಮೊಸಾಯಿಕ್ ವೈರಸ್,ಕುಕುಂಬರ್ ಗ್ರೀನ್ ಮೋಟಲ್ ಮೊಸಾಯಿಕ್ ವೈರಸ್,ಹಣ್ಣಿನ ಮೇಲೆ ಕಪ್ಪು ಹಸಿರು ಮಚ್ಚೆ ಬಂದು ರುಚಿ ಇರುವುದಿಲ್ಲ. ರೋಗವಿರುವ ಗಿಡ ಕಿತ್ತುಹಾಕಿ. ಬಿತ್ತನೆ ಬೀಜವನ್ನು 10% TSP ದ್ರಾವಣದಲ್ಲಿ ಅದ್ದಿ ಸಂಸ್ಕರಿಸಿ.
ಸೋರೆಕಾಯಿ,ಕರ್ಲಿ ಸ್ಟಂಟ್ ವೈರಸ್,ಕರ್ಲಿ ಸ್ಟಂಟ್ ವೈರಸ್,ಗಿಡ ಕುಂಠಿತವಾಗಿ ಎಲೆಗಳು ಹಳದಿಯಾಗಿ ಸುರುಟಿಕೊಳ್ಳುತ್ತವೆ. ಬಿಳಿ ನೊಣಗಳ ಹತೋಟಿಗೆ ಅಸಿಟಾಮಿಪ್ರಿಡ್ ಬಳಸಿ. ಹೊಲದ ಸುತ್ತಲಿನ ಕಳೆ ಕಿತ್ತುಹಾಕಿ.
ಸೋರೆಕಾಯಿ,ಸದರ್ನ್ ಬ್ಲೈಟ್ (Southern Blight),ಸ್ಕ್ಲೆರೋಶಿಯಂ ರಾಲ್ಫಿಸೈ,ಮಣ್ಣಿನ ಮೇಲೆ ಬಿಳಿ ಹತ್ತಿಯಂತ ಬೂಸಲು. ಹೆಕ್ಸಾಕೊನಜೋಲ್ ಅಥವಾ ಟೆಬುಕೊನಜೋಲ್ ಬಳಸಿ. ಬೇಸಿಗೆಯಲ್ಲಿ ಮಣ್ಣಿನ ಸೌರ ಉಪಚಾರ ಮಾಡಿ.
ಸೋರೆಕಾಯಿ,ಫೈಟೊಪ್ಥೋರಾ ಅಂಗಮಾರಿ,ಫೈಟೊಪ್ಥೋರಾ ಪ್ರಭೇದ,ಬಳ್ಳಿಯ ಮೇಲೆ ಎಣ್ಣೆಯಂತ ಕಪ್ಪು ಮಚ್ಚೆಗಳಾಗಿ ದಿಢೀರನೆ ಸಾಯುತ್ತದೆ. ಮೆಟಾಲ್ಯಾಕ್ಸಿಲ್ + ಮ್ಯಾಂಕೊಜೆಬ್ ಸಿಂಪಡಿಸಿ. ಎತ್ತರಿಸಿದ ಪಾತಿಗಳಲ್ಲಿ ಬೆಳೆಯಿರಿ.
ಸೋರೆಕಾಯಿ,ಸಾರಜನಕದ ಕೊರತೆ (Nitrogen),ಸಾರಜನಕದ ಕೊರತೆ,"ಹಳೆಯ ಎಲೆಗಳು ಹಳದಿಯಾಗುತ್ತವೆ, ಗಿಡ ಫೇಲಾಗಿ ಕಾಣುತ್ತದೆ. 1% ಯೂರಿಯಾ (10g/1L) ದ್ರಾವಣವನ್ನು ಎಲೆ ಮೇಲೆ ಸಿಂಪಡಿಸಿ."
ಸೋರೆಕಾಯಿ,ಬೋರಾನ್ ಕೊರತೆ,ಬೋರಾನ್ ಕೊರತೆ,ಕಾಯಿಗಳು ವಿಕಾರವಾಗಿ ಸೀಳುತ್ತವೆ. ಹೂ ಬಿಡುವ ಸಮಯದಲ್ಲಿ ಬೋರಾಕ್ಸ್ (2g/L) ಸಿಂಪಡಿಸಿ. ಮರಳು ಮಣ್ಣಿನಲ್ಲಿ ಇದು ಹೆಚ್ಚು.
ಸೋರೆಕಾಯಿ,ಹಣ್ಣಿನ ತುದಿ ಕೊಳೆತ,ಕ್ಯಾಲ್ಸಿಯಂ ಕೊರತೆ,ಕಾಯಿಯ ತಳಭಾಗ ಕಪ್ಪಾಗಿ ಒಣಗುತ್ತದೆ. ಕ್ಯಾಲ್ಸಿಯಂ ನೈಟ್ರೇಟ್ (5g/L) ಸಿಂಪಡಿಸಿ. ಮಣ್ಣು ಅತಿಯಾಗಿ ಒಣಗದಂತೆ ನೋಡಿ.
ಸೋರೆಕಾಯಿ,ಫೋಮಾಪ್ಸಿಸ್ ಅಂಗಮಾರಿ,ಫೋಮಾಪ್ಸಿಸ್ ಪ್ರಭೇದ,"ಎಲೆ ಮೇಲೆ ಬೂದು ಚುಕ್ಕೆ, ಹಣ್ಣಿನ ಮೇಲೆ ತಗ್ಗು ಮಚ್ಚೆ. ಕಾರ್ಬನ್ ಡೈಜಿಮ್ ಸಿಂಪಡಿಸಿ. ಹನಿ ನೀರಾವರಿ ಬಳಸುವುದು ಉತ್ತಮ."
ತುಪ್ಪದ ಹೀರೆ,ಹಳದಿ ನರ ಮೊಸಾಯಿಕ್,ಯೆಲ್ಲೋ ವೇನ್ ಮೊಸಾಯಿಕ್ ವೈರಸ್,ಎಲೆ ನರಗಳು ಹಳದಿಯಾಗುತ್ತವೆ. ಬಿಳಿ ನೊಣಗಳ ಹತೋಟಿಗೆ ಹಳದಿ ಅಂಟು ಬಲೆ ಮತ್ತು ಬೇವಿನ ಎಣ್ಣೆ ಬಳಸಿ. ರೋಗವಿರುವ ಗಿಡ ಕಿತ್ತುಹಾಕಿ.
ತುಪ್ಪದ ಹೀರೆ,ಬುಡ ಕೊಳೆತ (Sclerotium),ಸ್ಕ್ಲೆರೋಶಿಯಂ ರಾಲ್ಫಿಸೈ,ಕಾಂಡದ ಬುಡದಲ್ಲಿ ಬಿಳಿ ಬೂಸಲು ಮತ್ತು ಸಾಸಿವೆಯಂತಹ ಕಾಳುಗಳು. ಹೆಕ್ಸಾಕೊನಜೋಲ್‌ನಿಂದ ಮಣ್ಣು ನೆನೆಸಿ. ಮಣ್ಣಿನ ಗಾಳಿಯಾಡುವಿಕೆ ಹೆಚ್ಚಿಸಿ.
ತುಪ್ಪದ ಹೀರೆ,ವಿಚಸ್ ಬ್ರೂಮ್ (Witches' Broom),ಫೈಟೋಪ್ಲಾಸ್ಮಾ,ನೂರಾರು ಸಣ್ಣ ಎಲೆಗಳ ಗೊಂಚಲು ಬರುತ್ತದೆ. ಜಿಗಿನೊಣಗಳ ನಿಯಂತ್ರಣಕ್ಕೆ ಡಿಮೆಥೋಯೇಟ್ ಬಳಸಿ. ಹೊಲದಲ್ಲಿ ಕಾಂಗ್ರೆಸ್ ಗಿಡ (Parthenium) ಇರದಂತೆ ನೋಡಿ.
ತುಪ್ಪದ ಹೀರೆ,ಕಪ್ಪು ಕೊಳೆತ (Black Rot),ಡಿಡಿಮೆಲ್ಲಾ ಬ್ರಯೋನಿಯೇ,ಕಾಂಡದ ಗಂಟುಗಳು ಕಪ್ಪಾಗಿ ಕೊಳೆಯುತ್ತವೆ. ಕಾರ್ಬನ್ ಡೈಜಿಮ್ + ಮ್ಯಾಂಕೊಜೆಬ್ ಬಳಸಿ. ಯೂರಿಯಾ ಗೊಬ್ಬರವನ್ನು ಮಿತವಾಗಿ ಬಳಸಿ.
ತುಪ್ಪದ ಹೀರೆ,ಮಸಿ ರೋಗ (Sooty Mold),ಕ್ಯಾಪ್ನೋಡಿಯಂ ಪ್ರಭೇದ,ಎಲೆ ಮೇಲೆ ಕಪ್ಪು ಮಸಿ ಇರುತ್ತದೆ. ಮೊದಲು ಅಫಿಡ್ಸ್ ಅಥವಾ ಮೀಲಿಬಗ್ ಕೀಟಗಳನ್ನು ನಿಯಂತ್ರಿಸಿ. ನಂತರ ನೀರಿನಿಂದ ಎಲೆ ತೊಳೆಯಿರಿ.
ತುಪ್ಪದ ಹೀರೆ,ಬೇರು ಕೊಳೆತ (Macrophomina),ಮ್ಯಾಕ್ರೋಫೋಮಿನಾ ಫ್ಯಾಸಿಯೋಲಿನಾ,ಬೇರುಗಳು ಕಂದು ಬಣ್ಣಕ್ಕೆ ತಿರುಗಿ ಗಿಡ ಬಾಡುತ್ತದೆ. ಮಣ್ಣಿನ ತೇವಾಂಶ ಕಾಪಾಡಲು ಹೊದಿಕೆ (Mulch) ಬಳಸಿ. ಕಾರ್ಬನ್ ಡೈಜಿಮ್‌ನಿಂದ ಮಣ್ಣು ನೆನೆಸಿ.
ತುಪ್ಪದ ಹೀರೆ,ಹೂವು ಉದುರುವುದು,ದೈಹಿಕ ವಿಕೋಪ,ಸೂಕ್ಷ್ಮ ಪೋಷಕಾಂಶಗಳ ಕೊರತೆಯಿಂದ ಹೂವು ಉದುರುತ್ತದೆ. ಲಘು ಪೋಷಕಾಂಶಗಳ ಮಿಶ್ರಣ (2g/L) ಸಿಂಪಡಿಸಿ. ಹಗಲು ಹೊತ್ತು ಕೀಟನಾಶಕ ಸಿಂಪಡಿಸಬೇಡಿ.
ತುಪ್ಪದ ಹೀರೆ,ಕಾಯಿ ಕಹಿಯಾಗುವುದು,ದೈಹಿಕ / ತಳಿ ಸಂಬಂಧಿತ,ನೀರಿನ ಅಭಾವ ಅಥವಾ ಅತಿ ಶಾಖದಿಂದ ಆಗುತ್ತದೆ. ಸರಿಯಾಗಿ ನೀರು ಹರಿಸಿ ಮತ್ತು ಮಣ್ಣಿಗೆ ಹೆಚ್ಚಿನ ಸಾವಯವ ಗೊಬ್ಬರ ಸೇರಿಸಿ.